InspectionID,FactoryID,RollID,DateKey,Date,TotalPoints,Grade,MajorDefect
1,1,IR728589,20251118,2025-11-18,17,B,Crease Mark
2,1,IR201426,20241111,2024-11-11,31,C,Uneven Dye
3,1,IR908623,20240910,2024-09-10,28,B,Needle Line
4,1,IR686392,20250520,2025-05-20,11,A,Hole
5,1,IR399435,20220712,2022-07-12,27,B,Crease Mark
6,1,IR954180,20220324,2022-03-24,20,B,Needle Line
7,1,IR385107,20250106,2025-01-06,31,C,Crease Mark
8,1,IR702562,20221021,2022-10-21,24,B,Uneven Dye
9,1,IR617742,20250815,2025-08-15,18,B,Needle Line
10,1,IR345166,20241124,2024-11-24,39,C,Crease Mark
11,1,IR905425,20250108,2025-01-08,40,C,Hole
12,1,IR880350,20231222,2023-12-22,25,B,Slub
13,1,IR625518,20221220,2022-12-20,41,C,Hole
14,1,IR791201,20220117,2022-01-17,26,B,Crease Mark
15,1,IR557958,20220620,2022-06-20,27,B,Hole
16,1,IR679994,20231230,2023-12-30,17,B,Crease Mark
17,1,IR668664,20230328,2023-03-28,24,B,Needle Line
18,1,IR571188,20220607,2022-06-07,33,C,Hole
19,1,IR722240,20221019,2022-10-19,38,C,Oil Spot
20,1,IR626864,20230619,2023-06-19,20,B,Crease Mark
21,1,IR386721,20221126,2022-11-26,20,B,Uneven Dye
22,1,IR471993,20220412,2022-04-12,7,A,Oil Spot
23,1,IR959214,20250601,2025-06-01,30,C,Oil Spot
24,1,IR434402,20250315,2025-03-15,44,C,Slub
25,1,IR627815,20220121,2022-01-21,7,A,Crease Mark
26,1,IR265405,20220803,2022-08-03,25,B,Hole
27,1,IR257073,20240102,2024-01-02,20,B,Hole
28,1,IR636350,20231127,2023-11-27,41,C,Needle Line
29,1,IR720434,20240216,2024-02-16,29,B,Uneven Dye
30,1,IR512385,20221002,2022-10-02,43,C,Needle Line
31,1,IR273434,20250519,2025-05-19,21,B,Slub
32,1,IR412654,20220710,2022-07-10,19,B,Uneven Dye
33,1,IR363334,20220714,2022-07-14,38,C,Crease Mark
34,1,IR723760,20250206,2025-02-06,26,B,Slub
35,1,IR217543,20220727,2022-07-27,16,B,Hole
36,1,IR819353,20221031,2022-10-31,27,B,Crease Mark
37,1,IR133757,20221007,2022-10-07,20,B,Oil Spot
38,1,IR573823,20240102,2024-01-02,9,A,Hole
39,1,IR646426,20250107,2025-01-07,39,C,Hole
40,1,IR319757,20230115,2023-01-15,26,B,Uneven Dye
41,1,IR539990,20231205,2023-12-05,44,C,Uneven Dye
42,1,IR500305,20250803,2025-08-03,32,C,Hole
43,1,IR414210,20230504,2023-05-04,42,C,Hole
44,1,IR322232,20250227,2025-02-27,35,C,Crease Mark
45,1,IR372165,20250917,2025-09-17,33,C,Uneven Dye
46,1,IR581879,20241210,2024-12-10,32,C,Needle Line
47,1,IR711150,20221130,2022-11-30,12,A,Needle Line
48,1,IR877705,20230516,2023-05-16,10,A,Crease Mark
49,1,IR185001,20221217,2022-12-17,16,B,Slub
50,1,IR221417,20251108,2025-11-08,26,B,Hole
51,1,IR891212,20241119,2024-11-19,20,B,Needle Line
52,1,IR702462,20220222,2022-02-22,30,C,Needle Line
53,1,IR428214,20251005,2025-10-05,27,B,Oil Spot
54,1,IR926960,20230707,2023-07-07,31,C,Needle Line
55,1,IR627128,20221229,2022-12-29,9,A,Needle Line
56,1,IR690378,20250406,2025-04-06,45,C,Hole
57,1,IR144465,20241001,2024-10-01,24,B,Hole
58,1,IR429101,20250221,2025-02-21,38,C,Oil Spot
59,1,IR332375,20221217,2022-12-17,18,B,Slub
60,1,IR490916,20251128,2025-11-28,13,A,Oil Spot
61,1,IR536190,20220628,2022-06-28,30,C,Hole
62,1,IR205295,20220416,2022-04-16,19,B,Oil Spot
63,1,IR429038,20250514,2025-05-14,25,B,Needle Line
64,1,IR100339,20240331,2024-03-31,6,A,Slub
65,1,IR714592,20240118,2024-01-18,26,B,Crease Mark
66,1,IR302399,20220106,2022-01-06,38,C,Hole
67,1,IR211073,20230415,2023-04-15,6,A,Hole
68,1,IR293314,20250403,2025-04-03,23,B,Uneven Dye
69,1,IR997738,20230218,2023-02-18,34,C,Hole
70,1,IR668304,20240713,2024-07-13,10,A,Uneven Dye
71,1,IR686087,20251026,2025-10-26,8,A,Crease Mark
72,1,IR883992,20250227,2025-02-27,10,A,Oil Spot
73,1,IR409543,20231009,2023-10-09,43,C,Oil Spot
74,1,IR908164,20220408,2022-04-08,42,C,Hole
75,1,IR298907,20250731,2025-07-31,30,C,Needle Line
76,1,IR922513,20250930,2025-09-30,28,B,Hole
77,1,IR473546,20240314,2024-03-14,26,B,Hole
78,1,IR703546,20250116,2025-01-16,11,A,Needle Line
79,1,IR952470,20230630,2023-06-30,42,C,Slub
80,1,IR973793,20250613,2025-06-13,41,C,Crease Mark
81,1,IR658109,20220405,2022-04-05,33,C,Hole
82,1,IR626035,20240731,2024-07-31,32,C,Needle Line
83,1,IR616376,20220813,2022-08-13,9,A,Crease Mark
84,1,IR108165,20230124,2023-01-24,39,C,Hole
85,1,IR773196,20250222,2025-02-22,24,B,Oil Spot
86,1,IR254773,20251024,2025-10-24,43,C,Slub
87,1,IR841485,20220129,2022-01-29,15,B,Oil Spot
88,1,IR850139,20250303,2025-03-03,28,B,Hole
89,1,IR614217,20240208,2024-02-08,11,A,Oil Spot
90,1,IR543090,20250203,2025-02-03,10,A,Slub
91,1,IR719699,20250926,2025-09-26,19,B,Slub
92,1,IR952262,20231022,2023-10-22,13,A,Hole
93,1,IR899440,20240929,2024-09-29,17,B,Uneven Dye
94,1,IR704490,20240711,2024-07-11,27,B,Slub
95,1,IR241315,20230324,2023-03-24,7,A,Oil Spot
96,1,IR909153,20240828,2024-08-28,21,B,Hole
97,1,IR798063,20250802,2025-08-02,8,A,Slub
98,1,IR601219,20220711,2022-07-11,9,A,Crease Mark
99,1,IR620121,20240824,2024-08-24,28,B,Oil Spot
100,1,IR682663,20220924,2022-09-24,27,B,Crease Mark
101,1,IR262004,20251122,2025-11-22,33,C,Uneven Dye
102,1,IR667176,20250520,2025-05-20,5,A,Crease Mark
103,1,IR518829,20250728,2025-07-28,11,A,Hole
104,1,IR824047,20220601,2022-06-01,16,B,Crease Mark
105,1,IR927319,20221003,2022-10-03,13,A,Needle Line
106,1,IR134419,20231101,2023-11-01,19,B,Hole
107,1,IR507193,20240702,2024-07-02,42,C,Uneven Dye
108,1,IR176999,20230728,2023-07-28,32,C,Uneven Dye
109,1,IR614207,20240412,2024-04-12,10,A,Slub
110,1,IR215518,20221122,2022-11-22,12,A,Oil Spot
111,1,IR552588,20240111,2024-01-11,8,A,Needle Line
112,1,IR166555,20231226,2023-12-26,39,C,Hole
113,1,IR227337,20230327,2023-03-27,13,A,Needle Line
114,1,IR844966,20250825,2025-08-25,19,B,Needle Line
115,1,IR744435,20240517,2024-05-17,43,C,Slub
116,1,IR305171,20220404,2022-04-04,8,A,Slub
117,1,IR440311,20220518,2022-05-18,27,B,Oil Spot
118,1,IR881755,20250322,2025-03-22,37,C,Crease Mark
119,1,IR709022,20231022,2023-10-22,13,A,Hole
120,1,IR550039,20220113,2022-01-13,14,A,Slub
121,1,IR220609,20240427,2024-04-27,23,B,Needle Line
122,1,IR457400,20240809,2024-08-09,43,C,Crease Mark
123,1,IR681929,20241112,2024-11-12,37,C,Needle Line
124,1,IR734704,20240224,2024-02-24,11,A,Hole
125,1,IR710980,20241108,2024-11-08,29,B,Needle Line
126,1,IR212970,20220709,2022-07-09,41,C,Crease Mark
127,1,IR674171,20220405,2022-04-05,8,A,Uneven Dye
128,1,IR476764,20251007,2025-10-07,6,A,Uneven Dye
129,1,IR271208,20230815,2023-08-15,10,A,Hole
130,1,IR247830,20250304,2025-03-04,8,A,Slub
131,1,IR931108,20230919,2023-09-19,32,C,Hole
132,1,IR644071,20250816,2025-08-16,12,A,Crease Mark
133,1,IR924205,20250314,2025-03-14,22,B,Hole
134,1,IR822507,20230518,2023-05-18,40,C,Hole
135,1,IR365470,20250930,2025-09-30,21,B,Needle Line
136,1,IR934924,20251021,2025-10-21,31,C,Hole
137,1,IR667400,20250305,2025-03-05,9,A,Needle Line
138,1,IR740873,20250223,2025-02-23,36,C,Hole
139,1,IR369121,20230908,2023-09-08,7,A,Oil Spot
140,1,IR981621,20251109,2025-11-09,20,B,Uneven Dye
141,1,IR545489,20251118,2025-11-18,41,C,Uneven Dye
142,1,IR376417,20240419,2024-04-19,22,B,Oil Spot
143,1,IR469514,20240824,2024-08-24,6,A,Crease Mark
144,1,IR112116,20231021,2023-10-21,42,C,Needle Line
145,1,IR950977,20240901,2024-09-01,26,B,Oil Spot
146,1,IR136418,20241015,2024-10-15,31,C,Slub
147,1,IR825940,20240618,2024-06-18,34,C,Uneven Dye
148,1,IR457019,20230522,2023-05-22,30,C,Crease Mark
149,1,IR722981,20221012,2022-10-12,40,C,Slub
150,1,IR817495,20240522,2024-05-22,44,C,Needle Line
151,1,IR672923,20220321,2022-03-21,27,B,Oil Spot
152,1,IR785623,20231219,2023-12-19,7,A,Crease Mark
153,1,IR370418,20220216,2022-02-16,14,A,Oil Spot
154,1,IR387498,20220618,2022-06-18,10,A,Uneven Dye
155,1,IR250025,20240707,2024-07-07,44,C,Needle Line
156,1,IR116857,20240207,2024-02-07,23,B,Oil Spot
157,1,IR476529,20221023,2022-10-23,34,C,Needle Line
158,1,IR564584,20221022,2022-10-22,32,C,Slub
159,1,IR431555,20240423,2024-04-23,17,B,Needle Line
160,1,IR898066,20240724,2024-07-24,45,C,Oil Spot
161,1,IR401627,20250923,2025-09-23,34,C,Crease Mark
162,1,IR889314,20220825,2022-08-25,29,B,Oil Spot
163,1,IR189732,20240221,2024-02-21,43,C,Uneven Dye
164,1,IR304735,20241231,2024-12-31,7,A,Hole
165,1,IR509726,20220113,2022-01-13,23,B,Crease Mark
166,1,IR245735,20250409,2025-04-09,38,C,Needle Line
167,1,IR520326,20221006,2022-10-06,12,A,Crease Mark
168,1,IR407749,20230320,2023-03-20,29,B,Oil Spot
169,1,IR435721,20231003,2023-10-03,42,C,Hole
170,1,IR241296,20230630,2023-06-30,29,B,Slub
171,1,IR738320,20240715,2024-07-15,33,C,Crease Mark
172,1,IR188921,20241005,2024-10-05,12,A,Crease Mark
173,1,IR505742,20250316,2025-03-16,13,A,Needle Line
174,1,IR666381,20220720,2022-07-20,30,C,Crease Mark
175,1,IR108260,20230616,2023-06-16,17,B,Uneven Dye
176,1,IR725752,20220913,2022-09-13,38,C,Slub
177,1,IR383187,20250829,2025-08-29,30,C,Oil Spot
178,1,IR723374,20220323,2022-03-23,45,C,Needle Line
179,1,IR533129,20251031,2025-10-31,35,C,Needle Line
180,1,IR148205,20241202,2024-12-02,12,A,Crease Mark
181,1,IR487530,20240712,2024-07-12,29,B,Slub
182,1,IR979951,20220707,2022-07-07,36,C,Needle Line
183,1,IR614925,20241210,2024-12-10,23,B,Hole
184,1,IR265818,20240309,2024-03-09,9,A,Uneven Dye
185,1,IR961782,20230212,2023-02-12,36,C,Slub
186,1,IR316302,20251006,2025-10-06,10,A,Needle Line
187,1,IR254683,20230121,2023-01-21,25,B,Slub
188,1,IR386802,20220602,2022-06-02,16,B,Slub
189,1,IR456728,20230115,2023-01-15,14,A,Uneven Dye
190,1,IR968015,20230529,2023-05-29,29,B,Hole
191,1,IR100721,20250917,2025-09-17,38,C,Uneven Dye
192,1,IR881320,20221228,2022-12-28,38,C,Oil Spot
193,1,IR423904,20240423,2024-04-23,43,C,Crease Mark
194,1,IR165555,20241021,2024-10-21,33,C,Slub
195,1,IR213246,20240802,2024-08-02,28,B,Hole
196,1,IR455969,20251022,2025-10-22,14,A,Hole
197,1,IR756342,20240411,2024-04-11,28,B,Needle Line
198,1,IR338720,20241127,2024-11-27,26,B,Slub
199,1,IR904826,20240803,2024-08-03,10,A,Slub
200,1,IR853917,20250101,2025-01-01,12,A,Oil Spot
201,1,IR385417,20230828,2023-08-28,28,B,Crease Mark
202,1,IR117467,20250323,2025-03-23,26,B,Oil Spot
203,1,IR969606,20220104,2022-01-04,44,C,Slub
204,1,IR402152,20230929,2023-09-29,14,A,Slub
205,1,IR256681,20241201,2024-12-01,13,A,Needle Line
206,1,IR852697,20251108,2025-11-08,12,A,Hole
207,1,IR733897,20230213,2023-02-13,10,A,Slub
208,1,IR706760,20220210,2022-02-10,22,B,Uneven Dye
209,1,IR880319,20251127,2025-11-27,19,B,Needle Line
210,1,IR214297,20250123,2025-01-23,22,B,Needle Line
211,1,IR771796,20231117,2023-11-17,9,A,Uneven Dye
212,1,IR132473,20240207,2024-02-07,39,C,Crease Mark
213,1,IR636864,20240509,2024-05-09,19,B,Uneven Dye
214,1,IR828410,20220201,2022-02-01,17,B,Needle Line
215,1,IR983771,20240429,2024-04-29,45,C,Crease Mark
216,1,IR975008,20230805,2023-08-05,35,C,Oil Spot
217,1,IR899076,20220203,2022-02-03,39,C,Slub
218,1,IR822652,20220416,2022-04-16,24,B,Hole
219,1,IR893064,20220512,2022-05-12,14,A,Hole
220,1,IR220331,20220717,2022-07-17,32,C,Oil Spot
221,1,IR254426,20230503,2023-05-03,19,B,Hole
222,1,IR327552,20231225,2023-12-25,36,C,Oil Spot
223,1,IR693336,20231021,2023-10-21,38,C,Hole
224,1,IR626645,20240626,2024-06-26,11,A,Needle Line
225,1,IR116245,20230202,2023-02-02,7,A,Needle Line
226,1,IR694397,20241013,2024-10-13,29,B,Slub
227,1,IR425826,20250709,2025-07-09,15,B,Crease Mark
228,1,IR460504,20250623,2025-06-23,34,C,Oil Spot
229,1,IR909874,20230102,2023-01-02,44,C,Crease Mark
230,1,IR950152,20220223,2022-02-23,18,B,Needle Line
231,1,IR448647,20230225,2023-02-25,28,B,Oil Spot
232,1,IR596470,20220806,2022-08-06,33,C,Uneven Dye
233,1,IR914011,20251129,2025-11-29,27,B,Slub
234,1,IR537268,20250327,2025-03-27,18,B,Needle Line
235,1,IR415105,20220806,2022-08-06,37,C,Oil Spot
236,1,IR659086,20220413,2022-04-13,14,A,Slub
237,1,IR885368,20241102,2024-11-02,36,C,Needle Line
238,1,IR256336,20230803,2023-08-03,25,B,Uneven Dye
239,1,IR409778,20231129,2023-11-29,16,B,Slub
240,1,IR770453,20241108,2024-11-08,25,B,Slub
241,1,IR442816,20240402,2024-04-02,12,A,Hole
242,1,IR588574,20240624,2024-06-24,38,C,Needle Line
243,1,IR684160,20240826,2024-08-26,16,B,Oil Spot
244,1,IR126468,20220416,2022-04-16,26,B,Hole
245,1,IR361649,20221115,2022-11-15,21,B,Uneven Dye
246,1,IR483279,20231231,2023-12-31,19,B,Oil Spot
247,1,IR871979,20241118,2024-11-18,38,C,Slub
248,1,IR635596,20250720,2025-07-20,35,C,Slub
249,1,IR107460,20220319,2022-03-19,21,B,Crease Mark
250,1,IR515980,20240212,2024-02-12,35,C,Crease Mark
251,1,IR498134,20220515,2022-05-15,29,B,Needle Line
252,1,IR146410,20240122,2024-01-22,39,C,Slub
253,1,IR666582,20240314,2024-03-14,39,C,Crease Mark
254,1,IR413763,20240602,2024-06-02,25,B,Needle Line
255,1,IR830120,20221119,2022-11-19,37,C,Crease Mark
256,1,IR182869,20230425,2023-04-25,13,A,Hole
257,1,IR756166,20251111,2025-11-11,35,C,Uneven Dye
258,1,IR317691,20220226,2022-02-26,9,A,Needle Line
259,1,IR982905,20250417,2025-04-17,18,B,Needle Line
260,1,IR508971,20250207,2025-02-07,40,C,Uneven Dye
261,1,IR733525,20220705,2022-07-05,17,B,Hole
262,1,IR489459,20231110,2023-11-10,13,A,Crease Mark
263,1,IR234631,20221121,2022-11-21,11,A,Needle Line
264,1,IR786649,20251028,2025-10-28,7,A,Crease Mark
265,1,IR982268,20220501,2022-05-01,23,B,Needle Line
266,1,IR186192,20220414,2022-04-14,21,B,Uneven Dye
267,1,IR330548,20250910,2025-09-10,5,A,Needle Line
268,1,IR958824,20241108,2024-11-08,12,A,Hole
269,1,IR944386,20240626,2024-06-26,29,B,Hole
270,1,IR390836,20230412,2023-04-12,23,B,Uneven Dye
271,1,IR249250,20230527,2023-05-27,42,C,Oil Spot
272,1,IR500504,20220814,2022-08-14,24,B,Uneven Dye
273,1,IR842210,20240704,2024-07-04,34,C,Uneven Dye
274,1,IR384395,20220425,2022-04-25,18,B,Slub
275,1,IR172485,20220103,2022-01-03,43,C,Oil Spot
276,1,IR991503,20240229,2024-02-29,35,C,Hole
277,1,IR950158,20250408,2025-04-08,12,A,Needle Line
278,1,IR992645,20241125,2024-11-25,28,B,Slub
279,1,IR338112,20230815,2023-08-15,20,B,Uneven Dye
280,1,IR923647,20250907,2025-09-07,42,C,Crease Mark
281,1,IR272624,20220606,2022-06-06,44,C,Crease Mark
282,1,IR982901,20240217,2024-02-17,44,C,Crease Mark
283,1,IR129874,20251128,2025-11-28,10,A,Hole
284,1,IR886437,20230127,2023-01-27,7,A,Needle Line
285,1,IR316029,20250828,2025-08-28,45,C,Uneven Dye
286,1,IR337278,20230427,2023-04-27,23,B,Uneven Dye
287,1,IR728889,20250822,2025-08-22,43,C,Crease Mark
288,1,IR481992,20240725,2024-07-25,39,C,Needle Line
289,1,IR473235,20250224,2025-02-24,40,C,Needle Line
290,1,IR533434,20220626,2022-06-26,45,C,Hole
291,1,IR869300,20240325,2024-03-25,38,C,Oil Spot
292,1,IR631196,20240615,2024-06-15,10,A,Crease Mark
293,1,IR636593,20230526,2023-05-26,30,C,Hole
294,1,IR845070,20231225,2023-12-25,13,A,Hole
295,1,IR484152,20240807,2024-08-07,41,C,Oil Spot
296,1,IR260900,20241201,2024-12-01,36,C,Oil Spot
297,1,IR367520,20221015,2022-10-15,18,B,Crease Mark
298,1,IR558337,20240325,2024-03-25,19,B,Oil Spot
299,1,IR233760,20220114,2022-01-14,36,C,Uneven Dye
300,1,IR711709,20240804,2024-08-04,7,A,Slub
301,1,IR324800,20240106,2024-01-06,12,A,Slub
302,1,IR275509,20251009,2025-10-09,16,B,Slub
303,1,IR731328,20221005,2022-10-05,25,B,Uneven Dye
304,1,IR683792,20221004,2022-10-04,7,A,Crease Mark
305,1,IR114449,20230307,2023-03-07,23,B,Crease Mark
306,1,IR316782,20221008,2022-10-08,12,A,Uneven Dye
307,1,IR867385,20251114,2025-11-14,38,C,Slub
308,1,IR936297,20240731,2024-07-31,30,C,Oil Spot
309,1,IR585830,20240315,2024-03-15,24,B,Crease Mark
310,1,IR594507,20220721,2022-07-21,36,C,Uneven Dye
311,1,IR106687,20241010,2024-10-10,34,C,Hole
312,1,IR331924,20231226,2023-12-26,30,C,Crease Mark
313,1,IR531101,20241016,2024-10-16,27,B,Crease Mark
314,1,IR113129,20221212,2022-12-12,5,A,Needle Line
315,1,IR571105,20251026,2025-10-26,29,B,Needle Line
316,1,IR246013,20250206,2025-02-06,15,B,Oil Spot
317,1,IR993910,20230224,2023-02-24,14,A,Hole
318,1,IR289776,20250624,2025-06-24,39,C,Slub
319,1,IR226796,20241029,2024-10-29,42,C,Slub
320,1,IR997998,20250528,2025-05-28,37,C,Crease Mark
321,1,IR663279,20230421,2023-04-21,15,B,Crease Mark
322,1,IR682585,20230810,2023-08-10,21,B,Crease Mark
323,1,IR240156,20250603,2025-06-03,32,C,Uneven Dye
324,1,IR842722,20240925,2024-09-25,18,B,Oil Spot
325,1,IR315996,20230626,2023-06-26,17,B,Hole
326,1,IR413906,20240824,2024-08-24,28,B,Needle Line
327,1,IR714706,20231031,2023-10-31,32,C,Oil Spot
328,1,IR274168,20250124,2025-01-24,7,A,Crease Mark
329,1,IR520360,20230623,2023-06-23,30,C,Hole
330,1,IR386433,20250303,2025-03-03,39,C,Uneven Dye
331,1,IR342863,20230822,2023-08-22,11,A,Slub
332,1,IR312215,20250121,2025-01-21,21,B,Needle Line
333,1,IR377478,20240109,2024-01-09,18,B,Uneven Dye
334,1,IR646361,20231217,2023-12-17,22,B,Oil Spot
335,1,IR689741,20231122,2023-11-22,10,A,Hole
336,1,IR646155,20250703,2025-07-03,24,B,Crease Mark
337,1,IR468557,20220904,2022-09-04,11,A,Slub
338,1,IR374085,20230407,2023-04-07,16,B,Hole
339,1,IR130502,20220513,2022-05-13,29,B,Needle Line
340,1,IR346456,20220923,2022-09-23,34,C,Oil Spot
341,1,IR815348,20230121,2023-01-21,10,A,Crease Mark
342,1,IR893921,20220226,2022-02-26,6,A,Uneven Dye
343,1,IR686270,20240602,2024-06-02,19,B,Crease Mark
344,1,IR364681,20240426,2024-04-26,45,C,Oil Spot
345,1,IR199454,20240223,2024-02-23,10,A,Needle Line
346,1,IR530723,20220902,2022-09-02,26,B,Oil Spot
347,1,IR466595,20220528,2022-05-28,28,B,Needle Line
348,1,IR960113,20240628,2024-06-28,40,C,Needle Line
349,1,IR844226,20220325,2022-03-25,28,B,Oil Spot
350,1,IR370542,20240106,2024-01-06,15,B,Hole
351,1,IR752911,20230110,2023-01-10,20,B,Crease Mark
352,1,IR701681,20231019,2023-10-19,17,B,Hole
353,1,IR318705,20241021,2024-10-21,31,C,Slub
354,1,IR822833,20240406,2024-04-06,30,C,Uneven Dye
355,1,IR704190,20250527,2025-05-27,36,C,Slub
356,1,IR612608,20250201,2025-02-01,30,C,Crease Mark
357,1,IR548444,20221231,2022-12-31,38,C,Crease Mark
358,1,IR599374,20240121,2024-01-21,36,C,Uneven Dye
359,1,IR695545,20231004,2023-10-04,18,B,Uneven Dye
360,1,IR926606,20251113,2025-11-13,40,C,Crease Mark
361,1,IR175395,20240623,2024-06-23,18,B,Uneven Dye
362,1,IR193636,20220207,2022-02-07,36,C,Uneven Dye
363,1,IR724547,20220421,2022-04-21,9,A,Oil Spot
364,1,IR462855,20240622,2024-06-22,19,B,Oil Spot
365,1,IR124627,20241127,2024-11-27,40,C,Needle Line
366,1,IR670865,20220926,2022-09-26,24,B,Slub
367,1,IR553355,20250615,2025-06-15,36,C,Slub
368,1,IR301314,20231220,2023-12-20,17,B,Oil Spot
369,1,IR736414,20240629,2024-06-29,5,A,Needle Line
370,1,IR950826,20220804,2022-08-04,36,C,Crease Mark
371,1,IR220566,20230213,2023-02-13,28,B,Hole
372,1,IR134768,20250502,2025-05-02,11,A,Hole
373,1,IR185980,20240224,2024-02-24,19,B,Oil Spot
374,1,IR211424,20241217,2024-12-17,26,B,Uneven Dye
375,1,IR651225,20231225,2023-12-25,5,A,Uneven Dye
376,1,IR396808,20241003,2024-10-03,16,B,Needle Line
377,1,IR308467,20250717,2025-07-17,31,C,Uneven Dye
378,1,IR623649,20221022,2022-10-22,44,C,Slub
379,1,IR894968,20250501,2025-05-01,9,A,Uneven Dye
380,1,IR713444,20250212,2025-02-12,43,C,Hole
381,1,IR191258,20230424,2023-04-24,5,A,Needle Line
382,1,IR650056,20220708,2022-07-08,30,C,Hole
383,1,IR939099,20220831,2022-08-31,29,B,Uneven Dye
384,1,IR965618,20250209,2025-02-09,34,C,Needle Line
385,1,IR735017,20240330,2024-03-30,6,A,Uneven Dye
386,1,IR980012,20230902,2023-09-02,45,C,Needle Line
387,1,IR732067,20250301,2025-03-01,41,C,Hole
388,1,IR459270,20250416,2025-04-16,35,C,Slub
389,1,IR656076,20240304,2024-03-04,6,A,Crease Mark
390,1,IR576252,20220122,2022-01-22,44,C,Oil Spot
391,1,IR499392,20230717,2023-07-17,34,C,Needle Line
392,1,IR342395,20230908,2023-09-08,29,B,Crease Mark
393,1,IR290324,20250802,2025-08-02,7,A,Oil Spot
394,1,IR808401,20230928,2023-09-28,30,C,Hole
395,1,IR147243,20251113,2025-11-13,16,B,Slub
396,1,IR580320,20220407,2022-04-07,16,B,Crease Mark
397,1,IR420395,20250901,2025-09-01,19,B,Needle Line
398,1,IR281876,20220707,2022-07-07,8,A,Uneven Dye
399,1,IR633638,20251129,2025-11-29,29,B,Oil Spot
400,1,IR693393,20240313,2024-03-13,33,C,Slub
401,1,IR379925,20230406,2023-04-06,28,B,Oil Spot
402,1,IR591753,20250503,2025-05-03,11,A,Needle Line
403,1,IR985260,20250924,2025-09-24,28,B,Uneven Dye
404,1,IR815154,20240219,2024-02-19,33,C,Oil Spot
405,1,IR304964,20250503,2025-05-03,15,B,Crease Mark
406,1,IR589585,20240407,2024-04-07,5,A,Hole
407,1,IR221248,20220523,2022-05-23,26,B,Uneven Dye
408,1,IR810755,20230331,2023-03-31,44,C,Hole
409,1,IR974026,20241228,2024-12-28,34,C,Needle Line
410,1,IR623383,20220816,2022-08-16,18,B,Needle Line
411,1,IR947642,20220526,2022-05-26,16,B,Needle Line
412,1,IR977336,20221130,2022-11-30,31,C,Hole
413,1,IR956850,20220218,2022-02-18,42,C,Crease Mark
414,1,IR632651,20220905,2022-09-05,26,B,Crease Mark
415,1,IR633081,20250903,2025-09-03,40,C,Needle Line
416,1,IR662079,20231205,2023-12-05,40,C,Crease Mark
417,1,IR890966,20250320,2025-03-20,9,A,Hole
418,1,IR892920,20220618,2022-06-18,38,C,Uneven Dye
419,1,IR806268,20240813,2024-08-13,43,C,Crease Mark
420,1,IR310204,20251011,2025-10-11,27,B,Oil Spot
421,1,IR496888,20220726,2022-07-26,35,C,Oil Spot
422,1,IR407592,20231020,2023-10-20,18,B,Needle Line
423,1,IR303997,20250802,2025-08-02,31,C,Uneven Dye
424,1,IR384732,20250615,2025-06-15,36,C,Hole
425,1,IR276387,20220517,2022-05-17,29,B,Slub
426,1,IR257685,20220109,2022-01-09,36,C,Crease Mark
427,1,IR980444,20240506,2024-05-06,36,C,Needle Line
428,1,IR544907,20221128,2022-11-28,27,B,Oil Spot
429,1,IR512832,20221020,2022-10-20,21,B,Needle Line
430,1,IR451040,20240716,2024-07-16,38,C,Crease Mark
431,1,IR787679,20230203,2023-02-03,29,B,Crease Mark
432,1,IR749090,20220109,2022-01-09,21,B,Oil Spot
433,1,IR763762,20221102,2022-11-02,21,B,Crease Mark
434,1,IR880750,20241004,2024-10-04,10,A,Uneven Dye
435,1,IR470758,20230130,2023-01-30,45,C,Needle Line
436,1,IR350204,20241230,2024-12-30,22,B,Crease Mark
437,1,IR365018,20231222,2023-12-22,25,B,Needle Line
438,1,IR137831,20250904,2025-09-04,45,C,Slub
439,1,IR365486,20240814,2024-08-14,6,A,Uneven Dye
440,1,IR353060,20240623,2024-06-23,33,C,Crease Mark
441,1,IR277894,20230923,2023-09-23,43,C,Needle Line
442,1,IR105830,20230315,2023-03-15,40,C,Needle Line
443,1,IR386149,20230706,2023-07-06,38,C,Oil Spot
444,1,IR517714,20250902,2025-09-02,25,B,Slub
445,1,IR772853,20221128,2022-11-28,44,C,Uneven Dye
446,1,IR448930,20241004,2024-10-04,6,A,Slub
447,1,IR562344,20240213,2024-02-13,27,B,Uneven Dye
448,1,IR680875,20240623,2024-06-23,7,A,Crease Mark
449,1,IR650478,20230209,2023-02-09,5,A,Uneven Dye
450,1,IR340723,20230508,2023-05-08,39,C,Slub
451,1,IR308374,20230411,2023-04-11,39,C,Uneven Dye
452,1,IR522485,20231015,2023-10-15,42,C,Slub
453,1,IR295590,20220812,2022-08-12,43,C,Hole
454,1,IR359705,20221008,2022-10-08,31,C,Oil Spot
455,1,IR498222,20240323,2024-03-23,24,B,Needle Line
456,1,IR650357,20250507,2025-05-07,7,A,Needle Line
457,1,IR390137,20250327,2025-03-27,6,A,Crease Mark
458,1,IR332166,20230514,2023-05-14,34,C,Slub
459,1,IR158051,20230822,2023-08-22,22,B,Hole
460,1,IR468834,20220730,2022-07-30,5,A,Needle Line
461,1,IR505089,20230315,2023-03-15,18,B,Slub
462,1,IR950183,20250412,2025-04-12,21,B,Hole
463,1,IR429489,20230704,2023-07-04,11,A,Hole
464,1,IR941131,20230303,2023-03-03,14,A,Crease Mark
465,1,IR478498,20221002,2022-10-02,38,C,Slub
466,1,IR658852,20241226,2024-12-26,33,C,Needle Line
467,1,IR709669,20230210,2023-02-10,32,C,Slub
468,1,IR311907,20230504,2023-05-04,23,B,Crease Mark
469,1,IR589977,20230208,2023-02-08,22,B,Needle Line
470,1,IR547785,20220629,2022-06-29,22,B,Needle Line
471,1,IR926993,20230601,2023-06-01,30,C,Crease Mark
472,1,IR881783,20220123,2022-01-23,7,A,Slub
473,1,IR329020,20230601,2023-06-01,13,A,Crease Mark
474,1,IR306114,20221130,2022-11-30,41,C,Oil Spot
475,1,IR597588,20250606,2025-06-06,21,B,Hole
476,1,IR451980,20250330,2025-03-30,43,C,Slub
477,1,IR920573,20240409,2024-04-09,8,A,Needle Line
478,1,IR894721,20220228,2022-02-28,41,C,Uneven Dye
479,1,IR957904,20240804,2024-08-04,9,A,Hole
480,1,IR193100,20220908,2022-09-08,6,A,Slub
481,1,IR758804,20250719,2025-07-19,36,C,Crease Mark
482,1,IR147102,20250329,2025-03-29,35,C,Oil Spot
483,1,IR215526,20221226,2022-12-26,43,C,Uneven Dye
484,1,IR220570,20220816,2022-08-16,30,C,Uneven Dye
485,1,IR642898,20251023,2025-10-23,21,B,Oil Spot
486,1,IR583900,20250330,2025-03-30,35,C,Oil Spot
487,1,IR764637,20230426,2023-04-26,35,C,Slub
488,1,IR643549,20250415,2025-04-15,17,B,Slub
489,1,IR975064,20250815,2025-08-15,6,A,Crease Mark
490,1,IR191430,20250610,2025-06-10,21,B,Uneven Dye
491,1,IR325404,20230929,2023-09-29,25,B,Crease Mark
492,1,IR787132,20220911,2022-09-11,28,B,Uneven Dye
493,1,IR840100,20240317,2024-03-17,35,C,Oil Spot
494,1,IR718703,20221101,2022-11-01,18,B,Uneven Dye
495,1,IR124040,20220921,2022-09-21,27,B,Needle Line
496,1,IR894192,20230216,2023-02-16,16,B,Crease Mark
497,1,IR133244,20250214,2025-02-14,16,B,Crease Mark
498,1,IR130401,20220411,2022-04-11,30,C,Oil Spot
499,1,IR593219,20220425,2022-04-25,26,B,Crease Mark
500,1,IR892951,20250130,2025-01-30,35,C,Hole
501,1,IR604244,20220519,2022-05-19,10,A,Needle Line
502,1,IR987240,20220223,2022-02-23,39,C,Needle Line
503,1,IR225567,20250305,2025-03-05,15,B,Oil Spot
504,1,IR291190,20230901,2023-09-01,20,B,Needle Line
505,1,IR518514,20231212,2023-12-12,11,A,Slub
506,1,IR697672,20240728,2024-07-28,12,A,Slub
507,1,IR296716,20220407,2022-04-07,36,C,Crease Mark
508,1,IR365870,20230628,2023-06-28,28,B,Oil Spot
509,1,IR775920,20220218,2022-02-18,42,C,Oil Spot
510,1,IR412051,20221117,2022-11-17,11,A,Needle Line
511,1,IR872191,20240622,2024-06-22,18,B,Slub
512,1,IR622431,20250924,2025-09-24,31,C,Oil Spot
513,1,IR567554,20240203,2024-02-03,5,A,Uneven Dye
514,1,IR827107,20250709,2025-07-09,37,C,Hole
515,1,IR613046,20250817,2025-08-17,42,C,Hole
516,1,IR895339,20250703,2025-07-03,7,A,Needle Line
517,1,IR941633,20220812,2022-08-12,30,C,Needle Line
518,1,IR481016,20230708,2023-07-08,12,A,Hole
519,1,IR958437,20241220,2024-12-20,32,C,Uneven Dye
520,1,IR142812,20220920,2022-09-20,36,C,Hole
521,1,IR577174,20250320,2025-03-20,38,C,Slub
522,1,IR898335,20240331,2024-03-31,39,C,Needle Line
523,1,IR776842,20230529,2023-05-29,24,B,Crease Mark
524,1,IR656697,20221030,2022-10-30,22,B,Oil Spot
525,1,IR305812,20230919,2023-09-19,5,A,Slub
526,1,IR366658,20250307,2025-03-07,38,C,Uneven Dye
527,1,IR584903,20220825,2022-08-25,18,B,Crease Mark
528,1,IR444523,20241023,2024-10-23,23,B,Needle Line
529,1,IR811347,20251129,2025-11-29,5,A,Uneven Dye
530,1,IR375062,20231201,2023-12-01,44,C,Slub
531,1,IR602486,20221109,2022-11-09,16,B,Oil Spot
532,1,IR160561,20241208,2024-12-08,44,C,Hole
533,1,IR298329,20240712,2024-07-12,12,A,Crease Mark
534,1,IR680996,20240722,2024-07-22,37,C,Slub
535,1,IR930326,20231215,2023-12-15,29,B,Uneven Dye
536,1,IR357639,20220513,2022-05-13,10,A,Crease Mark
537,1,IR616369,20220310,2022-03-10,38,C,Uneven Dye
538,1,IR882355,20250110,2025-01-10,44,C,Oil Spot
539,1,IR968881,20230117,2023-01-17,22,B,Uneven Dye
540,1,IR380128,20220319,2022-03-19,7,A,Oil Spot
541,1,IR689266,20250529,2025-05-29,41,C,Uneven Dye
542,1,IR878498,20221226,2022-12-26,42,C,Slub
543,1,IR125118,20251030,2025-10-30,17,B,Slub
544,1,IR756006,20251105,2025-11-05,7,A,Crease Mark
545,1,IR756758,20231111,2023-11-11,28,B,Crease Mark
546,1,IR105325,20251021,2025-10-21,26,B,Slub
547,1,IR543888,20220731,2022-07-31,44,C,Oil Spot
548,1,IR919187,20220305,2022-03-05,8,A,Hole
549,1,IR879319,20220829,2022-08-29,28,B,Slub
550,1,IR316764,20220216,2022-02-16,7,A,Slub
551,1,IR736539,20231012,2023-10-12,43,C,Needle Line
552,1,IR752686,20240404,2024-04-04,30,C,Crease Mark
553,1,IR305346,20240320,2024-03-20,19,B,Hole
554,1,IR729562,20221106,2022-11-06,15,B,Slub
555,1,IR475617,20240720,2024-07-20,30,C,Uneven Dye
556,1,IR377597,20250204,2025-02-04,5,A,Slub
557,1,IR130777,20241228,2024-12-28,33,C,Oil Spot
558,1,IR773885,20240121,2024-01-21,42,C,Hole
559,1,IR942264,20240326,2024-03-26,27,B,Uneven Dye
560,1,IR944202,20241215,2024-12-15,8,A,Slub
561,1,IR815776,20230913,2023-09-13,34,C,Slub
562,1,IR271287,20220202,2022-02-02,6,A,Hole
563,1,IR253060,20230204,2023-02-04,45,C,Oil Spot
564,1,IR474637,20230225,2023-02-25,18,B,Hole
565,1,IR685552,20240922,2024-09-22,25,B,Hole
566,1,IR123059,20240403,2024-04-03,23,B,Slub
567,1,IR310216,20240311,2024-03-11,10,A,Needle Line
568,1,IR657527,20221119,2022-11-19,13,A,Needle Line
569,1,IR140875,20230625,2023-06-25,29,B,Oil Spot
570,1,IR232451,20251108,2025-11-08,8,A,Uneven Dye
571,1,IR654010,20250902,2025-09-02,12,A,Needle Line
572,1,IR134112,20221219,2022-12-19,41,C,Slub
573,1,IR158631,20240622,2024-06-22,27,B,Uneven Dye
574,1,IR656465,20241113,2024-11-13,23,B,Needle Line
575,1,IR570063,20241103,2024-11-03,18,B,Oil Spot
576,1,IR476350,20240714,2024-07-14,33,C,Crease Mark
577,1,IR729148,20230301,2023-03-01,33,C,Slub
578,1,IR715422,20240914,2024-09-14,38,C,Needle Line
579,1,IR257664,20221010,2022-10-10,22,B,Needle Line
580,1,IR445514,20230503,2023-05-03,45,C,Needle Line
581,1,IR443321,20231013,2023-10-13,20,B,Oil Spot
582,1,IR970178,20240606,2024-06-06,11,A,Uneven Dye
583,1,IR999700,20250423,2025-04-23,10,A,Oil Spot
584,1,IR264431,20221122,2022-11-22,36,C,Slub
585,1,IR811449,20220410,2022-04-10,17,B,Oil Spot
586,1,IR244790,20241117,2024-11-17,32,C,Uneven Dye
587,1,IR993336,20220801,2022-08-01,13,A,Oil Spot
588,1,IR472282,20240307,2024-03-07,11,A,Oil Spot
589,1,IR459971,20240421,2024-04-21,16,B,Uneven Dye
590,1,IR482866,20220418,2022-04-18,34,C,Needle Line
591,1,IR539146,20240403,2024-04-03,38,C,Oil Spot
592,1,IR793510,20250405,2025-04-05,10,A,Uneven Dye
593,1,IR454888,20230517,2023-05-17,42,C,Hole
594,1,IR355515,20250805,2025-08-05,8,A,Oil Spot
595,1,IR229953,20240713,2024-07-13,41,C,Crease Mark
596,1,IR863290,20250915,2025-09-15,44,C,Uneven Dye
597,1,IR986011,20231016,2023-10-16,24,B,Uneven Dye
598,1,IR877772,20250509,2025-05-09,37,C,Crease Mark
599,1,IR506512,20240918,2024-09-18,11,A,Needle Line
600,1,IR938029,20221212,2022-12-12,26,B,Hole
601,2,IR964610,20240808,2024-08-08,23,B,Oil Spot
602,2,IR681337,20250415,2025-04-15,23,B,Oil Spot
603,2,IR875370,20250113,2025-01-13,12,A,Needle Line
604,2,IR986368,20230213,2023-02-13,25,B,Needle Line
605,2,IR131928,20240614,2024-06-14,37,C,Oil Spot
606,2,IR242847,20250903,2025-09-03,21,B,Uneven Dye
607,2,IR527003,20231119,2023-11-19,23,B,Hole
608,2,IR348855,20221016,2022-10-16,26,B,Hole
609,2,IR565168,20221117,2022-11-17,31,C,Oil Spot
610,2,IR478653,20250514,2025-05-14,27,B,Uneven Dye
611,2,IR730544,20220214,2022-02-14,18,B,Uneven Dye
612,2,IR448799,20250124,2025-01-24,37,C,Oil Spot
613,2,IR181582,20220316,2022-03-16,8,A,Oil Spot
614,2,IR893386,20220302,2022-03-02,13,A,Needle Line
615,2,IR259953,20230813,2023-08-13,33,C,Crease Mark
616,2,IR913657,20240622,2024-06-22,26,B,Uneven Dye
617,2,IR568742,20251106,2025-11-06,33,C,Needle Line
618,2,IR620778,20240804,2024-08-04,36,C,Uneven Dye
619,2,IR490179,20230726,2023-07-26,41,C,Slub
620,2,IR487907,20250928,2025-09-28,23,B,Needle Line
621,2,IR223178,20240901,2024-09-01,13,A,Slub
622,2,IR639297,20220530,2022-05-30,33,C,Slub
623,2,IR992889,20250715,2025-07-15,23,B,Needle Line
624,2,IR715298,20250115,2025-01-15,20,B,Crease Mark
625,2,IR725092,20230803,2023-08-03,35,C,Oil Spot
626,2,IR140409,20221118,2022-11-18,6,A,Crease Mark
627,2,IR165141,20251130,2025-11-30,23,B,Uneven Dye
628,2,IR481878,20220921,2022-09-21,43,C,Uneven Dye
629,2,IR674010,20250929,2025-09-29,24,B,Oil Spot
630,2,IR821408,20251020,2025-10-20,31,C,Crease Mark
631,2,IR378031,20240706,2024-07-06,11,A,Crease Mark
632,2,IR547082,20250204,2025-02-04,13,A,Slub
633,2,IR810666,20250809,2025-08-09,41,C,Uneven Dye
634,2,IR926374,20231005,2023-10-05,31,C,Needle Line
635,2,IR986523,20241213,2024-12-13,36,C,Hole
636,2,IR261520,20230606,2023-06-06,26,B,Uneven Dye
637,2,IR714594,20220311,2022-03-11,19,B,Uneven Dye
638,2,IR131323,20221025,2022-10-25,15,B,Crease Mark
639,2,IR551858,20220104,2022-01-04,33,C,Uneven Dye
640,2,IR754379,20230227,2023-02-27,6,A,Crease Mark
641,2,IR415753,20230525,2023-05-25,12,A,Slub
642,2,IR913493,20230130,2023-01-30,14,A,Crease Mark
643,2,IR254691,20230714,2023-07-14,35,C,Crease Mark
644,2,IR477955,20241021,2024-10-21,17,B,Hole
645,2,IR396775,20230406,2023-04-06,28,B,Hole
646,2,IR827114,20221120,2022-11-20,45,C,Slub
647,2,IR389726,20241009,2024-10-09,11,A,Crease Mark
648,2,IR767910,20250422,2025-04-22,8,A,Hole
649,2,IR455451,20230219,2023-02-19,23,B,Uneven Dye
650,2,IR452730,20221006,2022-10-06,40,C,Slub
651,2,IR928695,20230224,2023-02-24,23,B,Uneven Dye
652,2,IR472922,20240725,2024-07-25,44,C,Uneven Dye
653,2,IR971135,20250211,2025-02-11,28,B,Crease Mark
654,2,IR940349,20240206,2024-02-06,16,B,Hole
655,2,IR544557,20241221,2024-12-21,40,C,Needle Line
656,2,IR325118,20240721,2024-07-21,18,B,Uneven Dye
657,2,IR932917,20220914,2022-09-14,35,C,Needle Line
658,2,IR901415,20230322,2023-03-22,31,C,Crease Mark
659,2,IR633698,20240311,2024-03-11,8,A,Oil Spot
660,2,IR960222,20230103,2023-01-03,44,C,Uneven Dye
661,2,IR895478,20230123,2023-01-23,5,A,Uneven Dye
662,2,IR942565,20230512,2023-05-12,42,C,Hole
663,2,IR131425,20230213,2023-02-13,37,C,Crease Mark
664,2,IR896007,20240913,2024-09-13,8,A,Uneven Dye
665,2,IR310683,20250111,2025-01-11,10,A,Crease Mark
666,2,IR193107,20230703,2023-07-03,28,B,Uneven Dye
667,2,IR813548,20230131,2023-01-31,35,C,Oil Spot
668,2,IR436655,20230305,2023-03-05,15,B,Hole
669,2,IR756143,20230610,2023-06-10,42,C,Crease Mark
670,2,IR711394,20240409,2024-04-09,19,B,Slub
671,2,IR509960,20240718,2024-07-18,40,C,Crease Mark
672,2,IR148471,20220508,2022-05-08,44,C,Needle Line
673,2,IR354352,20240515,2024-05-15,9,A,Needle Line
674,2,IR813000,20250708,2025-07-08,31,C,Hole
675,2,IR648942,20231024,2023-10-24,41,C,Oil Spot
676,2,IR630769,20221229,2022-12-29,39,C,Uneven Dye
677,2,IR777621,20220322,2022-03-22,6,A,Hole
678,2,IR135034,20220215,2022-02-15,28,B,Uneven Dye
679,2,IR928433,20250112,2025-01-12,40,C,Slub
680,2,IR726227,20220623,2022-06-23,10,A,Hole
681,2,IR213274,20250404,2025-04-04,28,B,Slub
682,2,IR281625,20220806,2022-08-06,7,A,Slub
683,2,IR525614,20220321,2022-03-21,23,B,Hole
684,2,IR134580,20230105,2023-01-05,44,C,Needle Line
685,2,IR299082,20221027,2022-10-27,20,B,Needle Line
686,2,IR327680,20231015,2023-10-15,41,C,Crease Mark
687,2,IR354797,20231224,2023-12-24,36,C,Oil Spot
688,2,IR144632,20241108,2024-11-08,16,B,Hole
689,2,IR798025,20221123,2022-11-23,20,B,Oil Spot
690,2,IR687743,20251111,2025-11-11,45,C,Crease Mark
691,2,IR643959,20220425,2022-04-25,15,B,Needle Line
692,2,IR165833,20231231,2023-12-31,40,C,Oil Spot
693,2,IR744809,20230507,2023-05-07,18,B,Oil Spot
694,2,IR411588,20241127,2024-11-27,23,B,Crease Mark
695,2,IR644979,20230212,2023-02-12,11,A,Crease Mark
696,2,IR910470,20240813,2024-08-13,33,C,Crease Mark
697,2,IR523814,20220818,2022-08-18,20,B,Needle Line
698,2,IR386228,20240320,2024-03-20,13,A,Needle Line
699,2,IR108285,20231106,2023-11-06,39,C,Slub
700,2,IR413500,20231111,2023-11-11,37,C,Needle Line
701,2,IR197208,20250309,2025-03-09,16,B,Uneven Dye
702,2,IR295399,20220216,2022-02-16,30,C,Crease Mark
703,2,IR406291,20231231,2023-12-31,35,C,Uneven Dye
704,2,IR256132,20240201,2024-02-01,31,C,Uneven Dye
705,2,IR388163,20250609,2025-06-09,6,A,Uneven Dye
706,2,IR585595,20241217,2024-12-17,40,C,Slub
707,2,IR903729,20220104,2022-01-04,15,B,Crease Mark
708,2,IR728381,20250731,2025-07-31,32,C,Crease Mark
709,2,IR351257,20220205,2022-02-05,33,C,Oil Spot
710,2,IR923022,20230228,2023-02-28,25,B,Oil Spot
711,2,IR197438,20230103,2023-01-03,40,C,Crease Mark
712,2,IR565176,20240319,2024-03-19,24,B,Uneven Dye
713,2,IR738985,20240514,2024-05-14,41,C,Slub
714,2,IR426212,20251109,2025-11-09,29,B,Oil Spot
715,2,IR567522,20220422,2022-04-22,10,A,Uneven Dye
716,2,IR369739,20250108,2025-01-08,29,B,Oil Spot
717,2,IR327778,20220205,2022-02-05,41,C,Oil Spot
718,2,IR837293,20220704,2022-07-04,26,B,Slub
719,2,IR196313,20220611,2022-06-11,25,B,Uneven Dye
720,2,IR947339,20230809,2023-08-09,32,C,Crease Mark
721,2,IR426057,20251113,2025-11-13,14,A,Slub
722,2,IR744926,20240414,2024-04-14,22,B,Hole
723,2,IR260008,20220523,2022-05-23,45,C,Crease Mark
724,2,IR930722,20230127,2023-01-27,42,C,Hole
725,2,IR988029,20220616,2022-06-16,40,C,Oil Spot
726,2,IR944317,20241122,2024-11-22,29,B,Uneven Dye
727,2,IR902865,20250202,2025-02-02,42,C,Crease Mark
728,2,IR509440,20220224,2022-02-24,31,C,Needle Line
729,2,IR947061,20250703,2025-07-03,38,C,Hole
730,2,IR227648,20241101,2024-11-01,39,C,Slub
731,2,IR980575,20250507,2025-05-07,13,A,Oil Spot
732,2,IR919464,20231029,2023-10-29,14,A,Slub
733,2,IR797291,20220302,2022-03-02,45,C,Needle Line
734,2,IR243028,20230620,2023-06-20,22,B,Crease Mark
735,2,IR687396,20241211,2024-12-11,36,C,Slub
736,2,IR294761,20240519,2024-05-19,8,A,Slub
737,2,IR590429,20240503,2024-05-03,18,B,Slub
738,2,IR609576,20220504,2022-05-04,40,C,Uneven Dye
739,2,IR155819,20250523,2025-05-23,29,B,Needle Line
740,2,IR846899,20220417,2022-04-17,9,A,Slub
741,2,IR639682,20251127,2025-11-27,31,C,Crease Mark
742,2,IR415413,20250621,2025-06-21,38,C,Uneven Dye
743,2,IR619855,20230830,2023-08-30,37,C,Slub
744,2,IR153957,20240802,2024-08-02,21,B,Uneven Dye
745,2,IR443784,20240703,2024-07-03,42,C,Crease Mark
746,2,IR819832,20230903,2023-09-03,25,B,Needle Line
747,2,IR913231,20250405,2025-04-05,33,C,Needle Line
748,2,IR518795,20250505,2025-05-05,28,B,Crease Mark
749,2,IR626821,20240727,2024-07-27,29,B,Oil Spot
750,2,IR809887,20240611,2024-06-11,5,A,Hole
751,2,IR469687,20250121,2025-01-21,26,B,Hole
752,2,IR991006,20221024,2022-10-24,13,A,Crease Mark
753,2,IR768154,20240513,2024-05-13,35,C,Needle Line
754,2,IR544962,20250810,2025-08-10,21,B,Needle Line
755,2,IR367856,20230528,2023-05-28,43,C,Uneven Dye
756,2,IR325271,20220124,2022-01-24,31,C,Slub
757,2,IR273653,20250423,2025-04-23,34,C,Hole
758,2,IR485503,20231002,2023-10-02,31,C,Hole
759,2,IR367764,20230108,2023-01-08,32,C,Uneven Dye
760,2,IR302252,20230416,2023-04-16,21,B,Uneven Dye
761,2,IR286197,20240405,2024-04-05,7,A,Hole
762,2,IR406015,20240713,2024-07-13,14,A,Hole
763,2,IR818272,20220130,2022-01-30,37,C,Crease Mark
764,2,IR564599,20240212,2024-02-12,21,B,Crease Mark
765,2,IR850108,20220714,2022-07-14,11,A,Uneven Dye
766,2,IR243956,20230220,2023-02-20,8,A,Slub
767,2,IR441623,20250322,2025-03-22,10,A,Needle Line
768,2,IR702342,20220501,2022-05-01,10,A,Oil Spot
769,2,IR653313,20220417,2022-04-17,27,B,Needle Line
770,2,IR789330,20221203,2022-12-03,6,A,Uneven Dye
771,2,IR528708,20230403,2023-04-03,28,B,Needle Line
772,2,IR206201,20231117,2023-11-17,20,B,Slub
773,2,IR431977,20240518,2024-05-18,40,C,Uneven Dye
774,2,IR152074,20250313,2025-03-13,39,C,Hole
775,2,IR756312,20220803,2022-08-03,21,B,Slub
776,2,IR294646,20220805,2022-08-05,16,B,Needle Line
777,2,IR689986,20230615,2023-06-15,37,C,Crease Mark
778,2,IR543877,20220519,2022-05-19,31,C,Needle Line
779,2,IR314760,20240929,2024-09-29,16,B,Crease Mark
780,2,IR804242,20221012,2022-10-12,42,C,Needle Line
781,2,IR851477,20220124,2022-01-24,8,A,Uneven Dye
782,2,IR235116,20250228,2025-02-28,18,B,Slub
783,2,IR674585,20240214,2024-02-14,11,A,Hole
784,2,IR521749,20231206,2023-12-06,7,A,Needle Line
785,2,IR939280,20231126,2023-11-26,37,C,Oil Spot
786,2,IR181181,20220803,2022-08-03,36,C,Hole
787,2,IR140013,20221220,2022-12-20,28,B,Slub
788,2,IR233074,20220220,2022-02-20,43,C,Hole
789,2,IR654429,20230402,2023-04-02,22,B,Uneven Dye
790,2,IR581430,20241101,2024-11-01,23,B,Oil Spot
791,2,IR972292,20231214,2023-12-14,31,C,Uneven Dye
792,2,IR748161,20230831,2023-08-31,43,C,Hole
793,2,IR449964,20250303,2025-03-03,13,A,Crease Mark
794,2,IR119865,20250424,2025-04-24,16,B,Uneven Dye
795,2,IR746364,20230905,2023-09-05,44,C,Crease Mark
796,2,IR200330,20220705,2022-07-05,12,A,Uneven Dye
797,2,IR326040,20220712,2022-07-12,25,B,Oil Spot
798,2,IR961542,20240125,2024-01-25,17,B,Hole
799,2,IR427272,20220220,2022-02-20,5,A,Needle Line
800,2,IR607489,20230416,2023-04-16,35,C,Needle Line
801,2,IR878056,20220926,2022-09-26,28,B,Hole
802,2,IR331552,20220314,2022-03-14,7,A,Crease Mark
803,2,IR180541,20230325,2023-03-25,5,A,Oil Spot
804,2,IR887659,20250805,2025-08-05,14,A,Slub
805,2,IR214016,20251010,2025-10-10,30,C,Oil Spot
806,2,IR716220,20240321,2024-03-21,34,C,Uneven Dye
807,2,IR455626,20230409,2023-04-09,17,B,Crease Mark
808,2,IR215585,20221114,2022-11-14,23,B,Crease Mark
809,2,IR350826,20220113,2022-01-13,14,A,Hole
810,2,IR397185,20240516,2024-05-16,20,B,Hole
811,2,IR739200,20220610,2022-06-10,13,A,Crease Mark
812,2,IR395702,20230630,2023-06-30,20,B,Hole
813,2,IR288340,20220130,2022-01-30,31,C,Crease Mark
814,2,IR531209,20240323,2024-03-23,27,B,Crease Mark
815,2,IR997469,20220614,2022-06-14,7,A,Slub
816,2,IR332431,20230816,2023-08-16,17,B,Crease Mark
817,2,IR190647,20230307,2023-03-07,31,C,Uneven Dye
818,2,IR456256,20230905,2023-09-05,37,C,Hole
819,2,IR538849,20240505,2024-05-05,14,A,Uneven Dye
820,2,IR575727,20220531,2022-05-31,25,B,Uneven Dye
821,2,IR454808,20250325,2025-03-25,14,A,Crease Mark
822,2,IR579097,20220311,2022-03-11,13,A,Hole
823,2,IR807214,20220217,2022-02-17,20,B,Crease Mark
824,2,IR759613,20240506,2024-05-06,35,C,Needle Line
825,2,IR160233,20240928,2024-09-28,14,A,Crease Mark
826,2,IR859193,20230401,2023-04-01,25,B,Hole
827,2,IR108091,20240802,2024-08-02,5,A,Uneven Dye
828,2,IR884677,20231230,2023-12-30,32,C,Oil Spot
829,2,IR611105,20231002,2023-10-02,7,A,Crease Mark
830,2,IR707175,20250701,2025-07-01,5,A,Uneven Dye
831,2,IR584819,20240226,2024-02-26,9,A,Hole
832,2,IR286469,20240312,2024-03-12,10,A,Needle Line
833,2,IR647933,20240607,2024-06-07,10,A,Crease Mark
834,2,IR575676,20241212,2024-12-12,43,C,Slub
835,2,IR949548,20241015,2024-10-15,16,B,Slub
836,2,IR482704,20240828,2024-08-28,17,B,Oil Spot
837,2,IR942491,20231120,2023-11-20,19,B,Needle Line
838,2,IR342584,20241108,2024-11-08,6,A,Needle Line
839,2,IR488576,20250721,2025-07-21,22,B,Oil Spot
840,2,IR395568,20240924,2024-09-24,42,C,Needle Line
841,2,IR435200,20220124,2022-01-24,10,A,Crease Mark
842,2,IR446918,20240213,2024-02-13,35,C,Hole
843,2,IR563849,20240605,2024-06-05,42,C,Uneven Dye
844,2,IR297494,20250226,2025-02-26,14,A,Hole
845,2,IR840571,20241229,2024-12-29,38,C,Slub
846,2,IR133624,20240811,2024-08-11,14,A,Uneven Dye
847,2,IR285217,20220717,2022-07-17,30,C,Needle Line
848,2,IR377942,20221222,2022-12-22,31,C,Needle Line
849,2,IR653984,20250814,2025-08-14,26,B,Needle Line
850,2,IR817340,20231228,2023-12-28,26,B,Needle Line
851,2,IR215730,20240622,2024-06-22,41,C,Hole
852,2,IR249615,20220327,2022-03-27,7,A,Uneven Dye
853,2,IR172167,20221027,2022-10-27,9,A,Uneven Dye
854,2,IR844588,20240430,2024-04-30,24,B,Oil Spot
855,2,IR628927,20250706,2025-07-06,7,A,Uneven Dye
856,2,IR203312,20221222,2022-12-22,8,A,Oil Spot
857,2,IR332110,20230703,2023-07-03,17,B,Uneven Dye
858,2,IR510360,20230726,2023-07-26,28,B,Needle Line
859,2,IR359850,20240819,2024-08-19,19,B,Crease Mark
860,2,IR312947,20230721,2023-07-21,20,B,Hole
861,2,IR431045,20251012,2025-10-12,35,C,Needle Line
862,2,IR909758,20220409,2022-04-09,28,B,Needle Line
863,2,IR417356,20240530,2024-05-30,17,B,Crease Mark
864,2,IR834587,20230507,2023-05-07,8,A,Hole
865,2,IR705698,20220102,2022-01-02,39,C,Uneven Dye
866,2,IR225323,20230917,2023-09-17,30,C,Uneven Dye
867,2,IR344619,20230101,2023-01-01,33,C,Crease Mark
868,2,IR134608,20250521,2025-05-21,45,C,Needle Line
869,2,IR253849,20250613,2025-06-13,11,A,Crease Mark
870,2,IR111244,20250627,2025-06-27,22,B,Crease Mark
871,2,IR164474,20231227,2023-12-27,12,A,Slub
872,2,IR457573,20221126,2022-11-26,44,C,Slub
873,2,IR678603,20230827,2023-08-27,19,B,Slub
874,2,IR758071,20220306,2022-03-06,41,C,Needle Line
875,2,IR593565,20240510,2024-05-10,10,A,Crease Mark
876,2,IR773126,20221109,2022-11-09,39,C,Uneven Dye
877,2,IR499174,20230611,2023-06-11,38,C,Hole
878,2,IR576067,20220810,2022-08-10,29,B,Oil Spot
879,2,IR566039,20250609,2025-06-09,28,B,Hole
880,2,IR471831,20230901,2023-09-01,43,C,Hole
881,2,IR617556,20250324,2025-03-24,20,B,Needle Line
882,2,IR911839,20221225,2022-12-25,41,C,Slub
883,2,IR132009,20250503,2025-05-03,9,A,Hole
884,2,IR818936,20221024,2022-10-24,27,B,Needle Line
885,2,IR480720,20221230,2022-12-30,42,C,Hole
886,2,IR912071,20220302,2022-03-02,29,B,Oil Spot
887,2,IR906436,20220306,2022-03-06,40,C,Slub
888,2,IR359363,20220424,2022-04-24,9,A,Crease Mark
889,2,IR717462,20220317,2022-03-17,18,B,Crease Mark
890,2,IR401489,20231011,2023-10-11,36,C,Hole
891,2,IR644349,20240116,2024-01-16,43,C,Needle Line
892,2,IR956289,20220309,2022-03-09,21,B,Needle Line
893,2,IR414549,20220913,2022-09-13,7,A,Crease Mark
894,2,IR467405,20230507,2023-05-07,45,C,Uneven Dye
895,2,IR472184,20240517,2024-05-17,14,A,Needle Line
896,2,IR450275,20220131,2022-01-31,41,C,Slub
897,2,IR981786,20250330,2025-03-30,28,B,Crease Mark
898,2,IR122496,20220504,2022-05-04,36,C,Crease Mark
899,2,IR486579,20220419,2022-04-19,5,A,Oil Spot
900,2,IR373636,20220519,2022-05-19,30,C,Slub
901,2,IR112949,20220205,2022-02-05,35,C,Oil Spot
902,2,IR779511,20241128,2024-11-28,25,B,Crease Mark
903,2,IR254355,20230409,2023-04-09,16,B,Crease Mark
904,2,IR216034,20251012,2025-10-12,42,C,Needle Line
905,2,IR958548,20220829,2022-08-29,15,B,Crease Mark
906,2,IR127335,20231211,2023-12-11,13,A,Needle Line
907,2,IR789593,20240118,2024-01-18,29,B,Needle Line
908,2,IR958870,20240526,2024-05-26,9,A,Hole
909,2,IR688369,20230309,2023-03-09,32,C,Oil Spot
910,2,IR120937,20250815,2025-08-15,12,A,Hole
911,2,IR735818,20240311,2024-03-11,19,B,Crease Mark
912,2,IR979165,20220123,2022-01-23,5,A,Oil Spot
913,2,IR780896,20230104,2023-01-04,9,A,Oil Spot
914,2,IR391858,20240215,2024-02-15,41,C,Hole
915,2,IR954150,20250304,2025-03-04,40,C,Hole
916,2,IR785433,20250820,2025-08-20,34,C,Hole
917,2,IR151368,20250919,2025-09-19,17,B,Slub
918,2,IR623862,20240418,2024-04-18,30,C,Needle Line
919,2,IR276253,20240123,2024-01-23,38,C,Hole
920,2,IR461471,20230502,2023-05-02,38,C,Crease Mark
921,2,IR587524,20230826,2023-08-26,36,C,Crease Mark
922,2,IR923021,20251014,2025-10-14,8,A,Hole
923,2,IR391011,20240113,2024-01-13,42,C,Crease Mark
924,2,IR240647,20241202,2024-12-02,29,B,Oil Spot
925,2,IR235729,20240810,2024-08-10,11,A,Hole
926,2,IR690524,20220115,2022-01-15,26,B,Crease Mark
927,2,IR778931,20240920,2024-09-20,43,C,Crease Mark
928,2,IR420768,20221212,2022-12-12,32,C,Hole
929,2,IR614700,20220917,2022-09-17,33,C,Slub
930,2,IR766621,20230531,2023-05-31,25,B,Oil Spot
931,2,IR479602,20250929,2025-09-29,29,B,Needle Line
932,2,IR936928,20241013,2024-10-13,41,C,Needle Line
933,2,IR217512,20240111,2024-01-11,42,C,Slub
934,2,IR256548,20220519,2022-05-19,7,A,Uneven Dye
935,2,IR955590,20230625,2023-06-25,12,A,Slub
936,2,IR486290,20250714,2025-07-14,30,C,Slub
937,2,IR997038,20231113,2023-11-13,41,C,Needle Line
938,2,IR795096,20250910,2025-09-10,34,C,Uneven Dye
939,2,IR866096,20251015,2025-10-15,38,C,Needle Line
940,2,IR739433,20221202,2022-12-02,16,B,Uneven Dye
941,2,IR147064,20221108,2022-11-08,8,A,Crease Mark
942,2,IR474262,20230518,2023-05-18,11,A,Crease Mark
943,2,IR589659,20220616,2022-06-16,22,B,Needle Line
944,2,IR650440,20240527,2024-05-27,31,C,Needle Line
945,2,IR595854,20221016,2022-10-16,17,B,Uneven Dye
946,2,IR667636,20221204,2022-12-04,12,A,Oil Spot
947,2,IR237067,20250512,2025-05-12,12,A,Crease Mark
948,2,IR862250,20250211,2025-02-11,36,C,Uneven Dye
949,2,IR634345,20220329,2022-03-29,33,C,Uneven Dye
950,2,IR623371,20220417,2022-04-17,33,C,Oil Spot
951,2,IR350355,20230410,2023-04-10,28,B,Oil Spot
952,2,IR753211,20220929,2022-09-29,26,B,Needle Line
953,2,IR676786,20220415,2022-04-15,24,B,Slub
954,2,IR663134,20230731,2023-07-31,20,B,Uneven Dye
955,2,IR505409,20240704,2024-07-04,43,C,Oil Spot
956,2,IR718926,20240927,2024-09-27,35,C,Hole
957,2,IR286063,20220930,2022-09-30,27,B,Slub
958,2,IR910571,20220712,2022-07-12,7,A,Hole
959,2,IR741344,20230413,2023-04-13,17,B,Hole
960,2,IR830887,20230314,2023-03-14,29,B,Uneven Dye
961,2,IR546468,20250801,2025-08-01,45,C,Oil Spot
962,2,IR229067,20220126,2022-01-26,14,A,Crease Mark
963,2,IR949195,20220904,2022-09-04,36,C,Hole
964,2,IR705375,20250702,2025-07-02,10,A,Oil Spot
965,2,IR540641,20250328,2025-03-28,42,C,Oil Spot
966,2,IR298337,20230910,2023-09-10,18,B,Uneven Dye
967,2,IR350583,20220228,2022-02-28,7,A,Slub
968,2,IR757576,20220327,2022-03-27,9,A,Slub
969,2,IR901799,20240912,2024-09-12,40,C,Crease Mark
970,2,IR683859,20230918,2023-09-18,18,B,Hole
971,2,IR436526,20220118,2022-01-18,30,C,Oil Spot
972,2,IR239046,20240325,2024-03-25,37,C,Needle Line
973,2,IR858852,20220112,2022-01-12,35,C,Uneven Dye
974,2,IR343419,20250121,2025-01-21,20,B,Uneven Dye
975,2,IR984057,20221101,2022-11-01,26,B,Slub
976,2,IR544098,20220512,2022-05-12,15,B,Hole
977,2,IR242345,20220419,2022-04-19,43,C,Needle Line
978,2,IR390209,20220624,2022-06-24,40,C,Crease Mark
979,2,IR365899,20240902,2024-09-02,35,C,Oil Spot
980,2,IR229908,20250527,2025-05-27,12,A,Slub
981,2,IR685661,20221110,2022-11-10,15,B,Crease Mark
982,2,IR719593,20241208,2024-12-08,42,C,Slub
983,2,IR404488,20240325,2024-03-25,28,B,Hole
984,2,IR574016,20250920,2025-09-20,19,B,Oil Spot
985,2,IR273227,20230317,2023-03-17,13,A,Slub
986,2,IR707135,20231130,2023-11-30,19,B,Hole
987,2,IR561893,20221112,2022-11-12,34,C,Oil Spot
988,2,IR552462,20221124,2022-11-24,26,B,Hole
989,2,IR931747,20250826,2025-08-26,20,B,Oil Spot
990,2,IR782646,20250225,2025-02-25,22,B,Needle Line
991,2,IR856255,20220419,2022-04-19,33,C,Uneven Dye
992,2,IR977131,20240418,2024-04-18,8,A,Uneven Dye
993,2,IR441475,20230503,2023-05-03,35,C,Needle Line
994,2,IR792234,20241007,2024-10-07,36,C,Needle Line
995,2,IR605954,20240322,2024-03-22,41,C,Hole
996,2,IR580960,20240320,2024-03-20,24,B,Slub
997,2,IR177766,20230322,2023-03-22,13,A,Needle Line
998,2,IR415902,20231123,2023-11-23,18,B,Uneven Dye
999,2,IR771863,20240815,2024-08-15,25,B,Slub
1000,2,IR466731,20230203,2023-02-03,20,B,Oil Spot
1001,2,IR829460,20220315,2022-03-15,9,A,Hole
1002,2,IR823448,20231003,2023-10-03,26,B,Crease Mark
1003,2,IR468803,20220208,2022-02-08,7,A,Oil Spot
1004,2,IR247558,20251128,2025-11-28,34,C,Slub
1005,2,IR152600,20220209,2022-02-09,44,C,Uneven Dye
1006,2,IR640613,20250926,2025-09-26,7,A,Needle Line
1007,2,IR925457,20250901,2025-09-01,17,B,Crease Mark
1008,2,IR720258,20220903,2022-09-03,28,B,Crease Mark
1009,2,IR774918,20240707,2024-07-07,27,B,Crease Mark
1010,2,IR295510,20240215,2024-02-15,44,C,Uneven Dye
1011,2,IR306652,20220214,2022-02-14,17,B,Oil Spot
1012,2,IR205297,20241026,2024-10-26,31,C,Oil Spot
1013,2,IR495908,20251123,2025-11-23,34,C,Hole
1014,2,IR945767,20250205,2025-02-05,38,C,Oil Spot
1015,2,IR430745,20241213,2024-12-13,25,B,Hole
1016,2,IR519153,20221022,2022-10-22,41,C,Uneven Dye
1017,2,IR338896,20220423,2022-04-23,42,C,Needle Line
1018,2,IR385827,20250508,2025-05-08,22,B,Hole
1019,2,IR163379,20231017,2023-10-17,9,A,Hole
1020,2,IR414407,20230624,2023-06-24,14,A,Crease Mark
1021,2,IR917387,20250428,2025-04-28,42,C,Crease Mark
1022,2,IR373093,20231218,2023-12-18,44,C,Slub
1023,2,IR465751,20221104,2022-11-04,22,B,Oil Spot
1024,2,IR257552,20240509,2024-05-09,12,A,Hole
1025,2,IR211992,20250628,2025-06-28,38,C,Hole
1026,2,IR629457,20230907,2023-09-07,39,C,Needle Line
1027,2,IR744824,20220118,2022-01-18,31,C,Oil Spot
1028,2,IR752687,20230207,2023-02-07,12,A,Slub
1029,2,IR263183,20240811,2024-08-11,45,C,Oil Spot
1030,2,IR357341,20230315,2023-03-15,28,B,Crease Mark
1031,2,IR436550,20230403,2023-04-03,18,B,Oil Spot
1032,2,IR421583,20220929,2022-09-29,37,C,Needle Line
1033,2,IR181331,20220227,2022-02-27,11,A,Hole
1034,2,IR440735,20240212,2024-02-12,36,C,Hole
1035,2,IR996628,20250506,2025-05-06,17,B,Uneven Dye
1036,2,IR580306,20240712,2024-07-12,28,B,Crease Mark
1037,2,IR155795,20250922,2025-09-22,10,A,Crease Mark
1038,2,IR400199,20250106,2025-01-06,15,B,Crease Mark
1039,2,IR296478,20250902,2025-09-02,24,B,Uneven Dye
1040,2,IR439040,20241203,2024-12-03,23,B,Crease Mark
1041,2,IR270568,20230110,2023-01-10,5,A,Slub
1042,2,IR229436,20240116,2024-01-16,19,B,Uneven Dye
1043,2,IR843491,20231101,2023-11-01,21,B,Crease Mark
1044,2,IR753245,20231208,2023-12-08,15,B,Slub
1045,2,IR795846,20220207,2022-02-07,20,B,Oil Spot
1046,2,IR398310,20240324,2024-03-24,5,A,Crease Mark
1047,2,IR977168,20241012,2024-10-12,10,A,Crease Mark
1048,2,IR358075,20220116,2022-01-16,23,B,Slub
1049,2,IR389611,20220325,2022-03-25,29,B,Crease Mark
1050,2,IR165073,20220312,2022-03-12,44,C,Uneven Dye
1051,2,IR973673,20231226,2023-12-26,21,B,Crease Mark
1052,2,IR818463,20241224,2024-12-24,8,A,Needle Line
1053,2,IR794148,20230729,2023-07-29,8,A,Crease Mark
1054,2,IR153187,20240816,2024-08-16,20,B,Oil Spot
1055,2,IR651015,20220106,2022-01-06,9,A,Hole
1056,2,IR562943,20220529,2022-05-29,41,C,Uneven Dye
1057,2,IR213619,20231210,2023-12-10,30,C,Slub
1058,2,IR453681,20250920,2025-09-20,13,A,Hole
1059,2,IR372376,20241030,2024-10-30,45,C,Needle Line
1060,2,IR189556,20220830,2022-08-30,16,B,Hole
1061,2,IR278737,20240130,2024-01-30,15,B,Uneven Dye
1062,2,IR763861,20240219,2024-02-19,11,A,Crease Mark
1063,2,IR454370,20230131,2023-01-31,30,C,Hole
1064,2,IR501572,20230516,2023-05-16,37,C,Hole
1065,2,IR736876,20230301,2023-03-01,26,B,Crease Mark
1066,2,IR365387,20230104,2023-01-04,10,A,Oil Spot
1067,2,IR867486,20230506,2023-05-06,26,B,Uneven Dye
1068,2,IR227765,20250305,2025-03-05,17,B,Slub
1069,2,IR806857,20230519,2023-05-19,17,B,Crease Mark
1070,2,IR511110,20250527,2025-05-27,28,B,Needle Line
1071,2,IR942655,20241205,2024-12-05,5,A,Slub
1072,2,IR643045,20240918,2024-09-18,26,B,Oil Spot
1073,2,IR938991,20240228,2024-02-28,9,A,Uneven Dye
1074,2,IR552035,20220124,2022-01-24,25,B,Oil Spot
1075,2,IR222235,20220627,2022-06-27,33,C,Needle Line
1076,2,IR742383,20230313,2023-03-13,11,A,Needle Line
1077,2,IR491339,20220821,2022-08-21,35,C,Oil Spot
1078,2,IR278714,20230716,2023-07-16,41,C,Hole
1079,2,IR838082,20250714,2025-07-14,26,B,Slub
1080,2,IR873560,20241124,2024-11-24,24,B,Oil Spot
1081,2,IR286941,20250907,2025-09-07,15,B,Hole
1082,2,IR954002,20230430,2023-04-30,42,C,Hole
1083,2,IR774365,20250210,2025-02-10,11,A,Needle Line
1084,2,IR396894,20240817,2024-08-17,15,B,Oil Spot
1085,2,IR711211,20230224,2023-02-24,43,C,Uneven Dye
1086,2,IR628248,20230427,2023-04-27,12,A,Uneven Dye
1087,2,IR215509,20231125,2023-11-25,23,B,Hole
1088,2,IR887564,20230921,2023-09-21,10,A,Slub
1089,2,IR955184,20240311,2024-03-11,37,C,Uneven Dye
1090,2,IR827048,20230505,2023-05-05,30,C,Oil Spot
1091,2,IR709307,20220215,2022-02-15,17,B,Oil Spot
1092,2,IR226874,20250507,2025-05-07,23,B,Slub
1093,2,IR532210,20220819,2022-08-19,25,B,Slub
1094,2,IR105999,20230727,2023-07-27,12,A,Slub
1095,2,IR960661,20220903,2022-09-03,6,A,Hole
1096,2,IR572094,20230401,2023-04-01,24,B,Hole
1097,2,IR259537,20251122,2025-11-22,8,A,Oil Spot
1098,2,IR630672,20240922,2024-09-22,24,B,Needle Line
1099,2,IR422147,20240312,2024-03-12,32,C,Oil Spot
1100,2,IR627639,20240618,2024-06-18,37,C,Oil Spot
1101,2,IR509997,20240703,2024-07-03,30,C,Uneven Dye
1102,2,IR754564,20220701,2022-07-01,24,B,Oil Spot
1103,2,IR177702,20230111,2023-01-11,39,C,Slub
1104,2,IR585858,20250511,2025-05-11,16,B,Oil Spot
1105,2,IR230678,20230106,2023-01-06,20,B,Needle Line
1106,2,IR504315,20231211,2023-12-11,34,C,Needle Line
1107,2,IR442830,20250814,2025-08-14,43,C,Hole
1108,2,IR536566,20250414,2025-04-14,24,B,Uneven Dye
1109,2,IR827553,20240805,2024-08-05,45,C,Oil Spot
1110,2,IR229765,20240715,2024-07-15,25,B,Slub
1111,2,IR934558,20220822,2022-08-22,14,A,Needle Line
1112,2,IR219201,20250514,2025-05-14,40,C,Needle Line
1113,2,IR126672,20231024,2023-10-24,11,A,Hole
1114,2,IR299950,20220215,2022-02-15,8,A,Oil Spot
1115,2,IR429929,20231226,2023-12-26,13,A,Slub
1116,2,IR207312,20251014,2025-10-14,27,B,Crease Mark
1117,2,IR969082,20231003,2023-10-03,39,C,Slub
1118,2,IR347277,20220327,2022-03-27,23,B,Slub
1119,2,IR669528,20251016,2025-10-16,21,B,Needle Line
1120,2,IR112970,20220126,2022-01-26,13,A,Slub
1121,2,IR861819,20241109,2024-11-09,21,B,Crease Mark
1122,2,IR282615,20230708,2023-07-08,30,C,Crease Mark
1123,2,IR974125,20240828,2024-08-28,10,A,Needle Line
1124,2,IR354485,20220528,2022-05-28,15,B,Hole
1125,2,IR246210,20250307,2025-03-07,25,B,Slub
1126,2,IR975595,20221231,2022-12-31,21,B,Slub
1127,2,IR353484,20230605,2023-06-05,39,C,Crease Mark
1128,2,IR562433,20251116,2025-11-16,7,A,Crease Mark
1129,2,IR597116,20230210,2023-02-10,29,B,Hole
1130,2,IR426040,20220525,2022-05-25,13,A,Oil Spot
1131,2,IR867286,20240820,2024-08-20,17,B,Needle Line
1132,2,IR765301,20240815,2024-08-15,42,C,Oil Spot
1133,2,IR617465,20250410,2025-04-10,45,C,Needle Line
1134,2,IR547329,20220224,2022-02-24,30,C,Crease Mark
1135,2,IR417072,20231219,2023-12-19,8,A,Oil Spot
1136,2,IR834842,20220921,2022-09-21,36,C,Crease Mark
1137,2,IR240607,20240107,2024-01-07,9,A,Hole
1138,2,IR570623,20250228,2025-02-28,26,B,Slub
1139,2,IR932036,20250903,2025-09-03,23,B,Needle Line
1140,2,IR154273,20230223,2023-02-23,6,A,Slub
1141,2,IR973002,20241110,2024-11-10,18,B,Needle Line
1142,2,IR137534,20230309,2023-03-09,28,B,Hole
1143,2,IR119576,20240602,2024-06-02,43,C,Needle Line
1144,2,IR616996,20250519,2025-05-19,14,A,Uneven Dye
1145,2,IR937055,20230421,2023-04-21,34,C,Slub
1146,2,IR461407,20240914,2024-09-14,22,B,Slub
1147,2,IR553258,20240309,2024-03-09,27,B,Uneven Dye
1148,2,IR167875,20230306,2023-03-06,32,C,Needle Line
1149,2,IR950209,20230909,2023-09-09,39,C,Oil Spot
1150,2,IR803502,20231110,2023-11-10,18,B,Oil Spot
1151,2,IR286522,20240404,2024-04-04,36,C,Crease Mark
1152,2,IR889007,20240925,2024-09-25,19,B,Oil Spot
1153,2,IR677668,20230801,2023-08-01,25,B,Needle Line
1154,2,IR294280,20230918,2023-09-18,19,B,Oil Spot
1155,2,IR789506,20250203,2025-02-03,11,A,Oil Spot
1156,2,IR277481,20230609,2023-06-09,37,C,Oil Spot
1157,2,IR299988,20251105,2025-11-05,29,B,Needle Line
1158,2,IR301016,20250428,2025-04-28,45,C,Slub
1159,2,IR914813,20231127,2023-11-27,34,C,Oil Spot
1160,2,IR782528,20230608,2023-06-08,32,C,Oil Spot
1161,2,IR122378,20220929,2022-09-29,35,C,Needle Line
1162,2,IR141661,20221211,2022-12-11,22,B,Slub
1163,2,IR782322,20231023,2023-10-23,19,B,Uneven Dye
1164,2,IR578788,20220127,2022-01-27,19,B,Hole
1165,2,IR646375,20230428,2023-04-28,44,C,Oil Spot
1166,2,IR485053,20220511,2022-05-11,42,C,Slub
1167,2,IR174214,20250915,2025-09-15,10,A,Needle Line
1168,2,IR547093,20240812,2024-08-12,42,C,Oil Spot
1169,2,IR296174,20240115,2024-01-15,10,A,Needle Line
1170,2,IR300455,20250424,2025-04-24,25,B,Slub
1171,2,IR427639,20250429,2025-04-29,34,C,Needle Line
1172,2,IR159798,20241128,2024-11-28,27,B,Hole
1173,2,IR954689,20241113,2024-11-13,35,C,Needle Line
1174,2,IR103456,20230814,2023-08-14,36,C,Crease Mark
1175,2,IR493170,20240831,2024-08-31,5,A,Needle Line
1176,2,IR685723,20231103,2023-11-03,40,C,Uneven Dye
1177,2,IR693853,20221023,2022-10-23,23,B,Needle Line
1178,2,IR705939,20250510,2025-05-10,44,C,Oil Spot
1179,2,IR930858,20240108,2024-01-08,30,C,Slub
1180,2,IR920236,20240811,2024-08-11,27,B,Crease Mark
1181,2,IR496240,20230214,2023-02-14,37,C,Crease Mark
1182,2,IR838563,20241208,2024-12-08,31,C,Slub
1183,2,IR906037,20220210,2022-02-10,9,A,Slub
1184,2,IR673397,20231220,2023-12-20,5,A,Uneven Dye
1185,2,IR706916,20240402,2024-04-02,27,B,Hole
1186,2,IR740561,20230302,2023-03-02,21,B,Oil Spot
1187,2,IR393049,20241217,2024-12-17,27,B,Uneven Dye
1188,2,IR884599,20240420,2024-04-20,15,B,Slub
1189,2,IR488798,20221003,2022-10-03,42,C,Uneven Dye
1190,2,IR452999,20220829,2022-08-29,11,A,Slub
1191,2,IR956824,20250510,2025-05-10,17,B,Needle Line
1192,2,IR136248,20241106,2024-11-06,25,B,Oil Spot
1193,2,IR170591,20221223,2022-12-23,27,B,Uneven Dye
1194,2,IR200943,20240415,2024-04-15,42,C,Crease Mark
1195,2,IR318281,20220905,2022-09-05,27,B,Hole
1196,2,IR883977,20231124,2023-11-24,11,A,Hole
1197,2,IR725633,20250908,2025-09-08,31,C,Crease Mark
1198,2,IR423614,20250413,2025-04-13,26,B,Hole
1199,2,IR805192,20250610,2025-06-10,19,B,Crease Mark
1200,2,IR340520,20220821,2022-08-21,30,C,Uneven Dye
1201,3,IR869795,20250125,2025-01-25,43,C,Hole
1202,3,IR994961,20220604,2022-06-04,26,B,Needle Line
1203,3,IR131917,20230912,2023-09-12,21,B,Hole
1204,3,IR615098,20220515,2022-05-15,20,B,Crease Mark
1205,3,IR249277,20230823,2023-08-23,14,A,Slub
1206,3,IR373484,20250607,2025-06-07,13,A,Crease Mark
1207,3,IR836165,20240919,2024-09-19,36,C,Oil Spot
1208,3,IR925067,20250402,2025-04-02,34,C,Hole
1209,3,IR843828,20220419,2022-04-19,17,B,Needle Line
1210,3,IR280867,20230719,2023-07-19,18,B,Needle Line
1211,3,IR965637,20250517,2025-05-17,39,C,Hole
1212,3,IR246724,20230607,2023-06-07,38,C,Hole
1213,3,IR562787,20230430,2023-04-30,9,A,Oil Spot
1214,3,IR955646,20231201,2023-12-01,44,C,Needle Line
1215,3,IR860720,20240724,2024-07-24,41,C,Slub
1216,3,IR470466,20240826,2024-08-26,24,B,Needle Line
1217,3,IR564645,20250302,2025-03-02,25,B,Slub
1218,3,IR960989,20240204,2024-02-04,12,A,Hole
1219,3,IR269063,20230924,2023-09-24,33,C,Needle Line
1220,3,IR432580,20220605,2022-06-05,42,C,Crease Mark
1221,3,IR356029,20220714,2022-07-14,36,C,Slub
1222,3,IR173746,20220623,2022-06-23,10,A,Uneven Dye
1223,3,IR735778,20221115,2022-11-15,18,B,Slub
1224,3,IR210263,20230116,2023-01-16,6,A,Oil Spot
1225,3,IR628344,20240914,2024-09-14,30,C,Slub
1226,3,IR352431,20220913,2022-09-13,8,A,Crease Mark
1227,3,IR867561,20241021,2024-10-21,26,B,Oil Spot
1228,3,IR372017,20230923,2023-09-23,6,A,Hole
1229,3,IR346285,20250308,2025-03-08,39,C,Hole
1230,3,IR634177,20221028,2022-10-28,6,A,Slub
1231,3,IR839229,20240320,2024-03-20,31,C,Uneven Dye
1232,3,IR673719,20250126,2025-01-26,28,B,Needle Line
1233,3,IR197181,20250814,2025-08-14,7,A,Hole
1234,3,IR235254,20240903,2024-09-03,9,A,Oil Spot
1235,3,IR260501,20251023,2025-10-23,24,B,Hole
1236,3,IR840737,20220516,2022-05-16,21,B,Hole
1237,3,IR670397,20250624,2025-06-24,10,A,Crease Mark
1238,3,IR147753,20250211,2025-02-11,13,A,Oil Spot
1239,3,IR374507,20230401,2023-04-01,32,C,Hole
1240,3,IR545237,20230526,2023-05-26,45,C,Oil Spot
1241,3,IR593441,20250325,2025-03-25,39,C,Crease Mark
1242,3,IR772692,20241213,2024-12-13,45,C,Slub
1243,3,IR292640,20230329,2023-03-29,9,A,Uneven Dye
1244,3,IR695456,20240811,2024-08-11,43,C,Oil Spot
1245,3,IR601478,20220725,2022-07-25,5,A,Slub
1246,3,IR797030,20250302,2025-03-02,13,A,Hole
1247,3,IR393710,20231128,2023-11-28,17,B,Needle Line
1248,3,IR426513,20221031,2022-10-31,36,C,Uneven Dye
1249,3,IR323394,20231221,2023-12-21,18,B,Uneven Dye
1250,3,IR420272,20250809,2025-08-09,13,A,Hole
1251,3,IR145495,20250518,2025-05-18,31,C,Uneven Dye
1252,3,IR169566,20230818,2023-08-18,7,A,Hole
1253,3,IR408521,20230819,2023-08-19,30,C,Hole
1254,3,IR168824,20220424,2022-04-24,5,A,Needle Line
1255,3,IR406494,20231109,2023-11-09,12,A,Slub
1256,3,IR227882,20230529,2023-05-29,20,B,Uneven Dye
1257,3,IR484184,20220610,2022-06-10,26,B,Needle Line
1258,3,IR577327,20230518,2023-05-18,41,C,Uneven Dye
1259,3,IR239626,20250712,2025-07-12,8,A,Needle Line
1260,3,IR595303,20250621,2025-06-21,14,A,Needle Line
1261,3,IR814038,20240920,2024-09-20,13,A,Needle Line
1262,3,IR343292,20250508,2025-05-08,43,C,Uneven Dye
1263,3,IR543823,20240522,2024-05-22,34,C,Slub
1264,3,IR788847,20230903,2023-09-03,10,A,Crease Mark
1265,3,IR496123,20250907,2025-09-07,9,A,Needle Line
1266,3,IR648126,20250708,2025-07-08,43,C,Oil Spot
1267,3,IR710328,20230926,2023-09-26,40,C,Crease Mark
1268,3,IR850061,20220307,2022-03-07,40,C,Crease Mark
1269,3,IR614962,20230728,2023-07-28,32,C,Crease Mark
1270,3,IR871280,20250714,2025-07-14,33,C,Uneven Dye
1271,3,IR166655,20240428,2024-04-28,18,B,Oil Spot
1272,3,IR603718,20240720,2024-07-20,34,C,Needle Line
1273,3,IR180170,20231113,2023-11-13,13,A,Slub
1274,3,IR735931,20250830,2025-08-30,39,C,Hole
1275,3,IR658923,20230204,2023-02-04,41,C,Slub
1276,3,IR744584,20240503,2024-05-03,34,C,Needle Line
1277,3,IR766748,20230201,2023-02-01,15,B,Hole
1278,3,IR391226,20220204,2022-02-04,37,C,Crease Mark
1279,3,IR335745,20230726,2023-07-26,7,A,Uneven Dye
1280,3,IR478793,20241124,2024-11-24,12,A,Oil Spot
1281,3,IR365198,20221225,2022-12-25,25,B,Uneven Dye
1282,3,IR875174,20250702,2025-07-02,37,C,Crease Mark
1283,3,IR634570,20240605,2024-06-05,10,A,Needle Line
1284,3,IR872322,20251128,2025-11-28,34,C,Needle Line
1285,3,IR334195,20220702,2022-07-02,22,B,Hole
1286,3,IR664711,20220917,2022-09-17,40,C,Needle Line
1287,3,IR132108,20240222,2024-02-22,36,C,Oil Spot
1288,3,IR789250,20250916,2025-09-16,30,C,Uneven Dye
1289,3,IR863273,20231104,2023-11-04,7,A,Slub
1290,3,IR756805,20251008,2025-10-08,45,C,Hole
1291,3,IR464732,20230207,2023-02-07,36,C,Uneven Dye
1292,3,IR634772,20241208,2024-12-08,26,B,Oil Spot
1293,3,IR302066,20240410,2024-04-10,41,C,Hole
1294,3,IR904500,20231126,2023-11-26,39,C,Needle Line
1295,3,IR441090,20250818,2025-08-18,20,B,Needle Line
1296,3,IR510305,20241209,2024-12-09,13,A,Hole
1297,3,IR479266,20251116,2025-11-16,22,B,Uneven Dye
1298,3,IR730142,20250815,2025-08-15,17,B,Slub
1299,3,IR711874,20240316,2024-03-16,16,B,Crease Mark
1300,3,IR185092,20230525,2023-05-25,41,C,Uneven Dye
1301,3,IR363887,20250604,2025-06-04,6,A,Crease Mark
1302,3,IR338974,20241214,2024-12-14,38,C,Uneven Dye
1303,3,IR988605,20240907,2024-09-07,31,C,Crease Mark
1304,3,IR108842,20230516,2023-05-16,13,A,Hole
1305,3,IR874773,20250706,2025-07-06,34,C,Needle Line
1306,3,IR178332,20250825,2025-08-25,27,B,Slub
1307,3,IR580915,20230726,2023-07-26,40,C,Needle Line
1308,3,IR392662,20230314,2023-03-14,16,B,Hole
1309,3,IR820144,20250322,2025-03-22,27,B,Uneven Dye
1310,3,IR815591,20220517,2022-05-17,27,B,Needle Line
1311,3,IR452925,20240601,2024-06-01,19,B,Needle Line
1312,3,IR435135,20230219,2023-02-19,22,B,Uneven Dye
1313,3,IR896205,20230405,2023-04-05,7,A,Crease Mark
1314,3,IR895706,20220111,2022-01-11,38,C,Needle Line
1315,3,IR722310,20220114,2022-01-14,31,C,Crease Mark
1316,3,IR590716,20230612,2023-06-12,37,C,Oil Spot
1317,3,IR664182,20250312,2025-03-12,42,C,Slub
1318,3,IR775644,20230804,2023-08-04,13,A,Hole
1319,3,IR899314,20250720,2025-07-20,7,A,Needle Line
1320,3,IR140579,20220705,2022-07-05,34,C,Slub
1321,3,IR812126,20230712,2023-07-12,5,A,Uneven Dye
1322,3,IR122716,20240827,2024-08-27,44,C,Uneven Dye
1323,3,IR618510,20241013,2024-10-13,9,A,Hole
1324,3,IR920291,20240204,2024-02-04,16,B,Uneven Dye
1325,3,IR522085,20240728,2024-07-28,11,A,Needle Line
1326,3,IR565141,20250912,2025-09-12,28,B,Needle Line
1327,3,IR615670,20250629,2025-06-29,39,C,Needle Line
1328,3,IR116383,20220110,2022-01-10,22,B,Hole
1329,3,IR124102,20250208,2025-02-08,24,B,Oil Spot
1330,3,IR548290,20250709,2025-07-09,31,C,Crease Mark
1331,3,IR185793,20231004,2023-10-04,38,C,Crease Mark
1332,3,IR369601,20250105,2025-01-05,22,B,Slub
1333,3,IR554456,20230425,2023-04-25,13,A,Uneven Dye
1334,3,IR415221,20241027,2024-10-27,36,C,Hole
1335,3,IR829498,20240819,2024-08-19,21,B,Oil Spot
1336,3,IR675263,20220929,2022-09-29,31,C,Crease Mark
1337,3,IR186155,20230513,2023-05-13,12,A,Hole
1338,3,IR223176,20230818,2023-08-18,37,C,Crease Mark
1339,3,IR588847,20220413,2022-04-13,5,A,Slub
1340,3,IR353952,20250923,2025-09-23,15,B,Uneven Dye
1341,3,IR585746,20241023,2024-10-23,8,A,Needle Line
1342,3,IR399122,20240225,2024-02-25,23,B,Slub
1343,3,IR924002,20250228,2025-02-28,6,A,Crease Mark
1344,3,IR356139,20230409,2023-04-09,13,A,Uneven Dye
1345,3,IR980916,20231018,2023-10-18,29,B,Needle Line
1346,3,IR543699,20221110,2022-11-10,38,C,Oil Spot
1347,3,IR743368,20240627,2024-06-27,35,C,Needle Line
1348,3,IR368820,20240301,2024-03-01,43,C,Needle Line
1349,3,IR162748,20240714,2024-07-14,18,B,Needle Line
1350,3,IR913483,20240929,2024-09-29,8,A,Uneven Dye
1351,3,IR936863,20220908,2022-09-08,19,B,Oil Spot
1352,3,IR206011,20230114,2023-01-14,34,C,Crease Mark
1353,3,IR754654,20240511,2024-05-11,43,C,Needle Line
1354,3,IR624509,20230814,2023-08-14,42,C,Oil Spot
1355,3,IR249665,20250311,2025-03-11,21,B,Crease Mark
1356,3,IR982356,20231105,2023-11-05,41,C,Slub
1357,3,IR397407,20221001,2022-10-01,34,C,Hole
1358,3,IR396233,20230413,2023-04-13,38,C,Hole
1359,3,IR210396,20240416,2024-04-16,17,B,Hole
1360,3,IR197773,20231007,2023-10-07,37,C,Crease Mark
1361,3,IR905100,20220208,2022-02-08,23,B,Slub
1362,3,IR242500,20240809,2024-08-09,20,B,Hole
1363,3,IR953615,20220205,2022-02-05,21,B,Uneven Dye
1364,3,IR822825,20240610,2024-06-10,29,B,Uneven Dye
1365,3,IR201604,20220424,2022-04-24,37,C,Hole
1366,3,IR274117,20230501,2023-05-01,34,C,Uneven Dye
1367,3,IR723564,20231111,2023-11-11,10,A,Crease Mark
1368,3,IR159631,20221127,2022-11-27,6,A,Slub
1369,3,IR384402,20220319,2022-03-19,20,B,Crease Mark
1370,3,IR383966,20221030,2022-10-30,17,B,Needle Line
1371,3,IR983819,20251103,2025-11-03,14,A,Uneven Dye
1372,3,IR499856,20231206,2023-12-06,35,C,Uneven Dye
1373,3,IR129710,20230830,2023-08-30,26,B,Slub
1374,3,IR498398,20250102,2025-01-02,13,A,Uneven Dye
1375,3,IR195849,20230815,2023-08-15,14,A,Slub
1376,3,IR229469,20240213,2024-02-13,9,A,Uneven Dye
1377,3,IR370359,20221120,2022-11-20,11,A,Needle Line
1378,3,IR169689,20221206,2022-12-06,12,A,Oil Spot
1379,3,IR976575,20240813,2024-08-13,6,A,Needle Line
1380,3,IR244188,20220530,2022-05-30,6,A,Crease Mark
1381,3,IR112142,20230421,2023-04-21,36,C,Hole
1382,3,IR359885,20240229,2024-02-29,30,C,Needle Line
1383,3,IR711380,20231026,2023-10-26,18,B,Hole
1384,3,IR922145,20230407,2023-04-07,7,A,Uneven Dye
1385,3,IR234841,20251022,2025-10-22,16,B,Hole
1386,3,IR807680,20230626,2023-06-26,24,B,Uneven Dye
1387,3,IR271914,20250116,2025-01-16,32,C,Crease Mark
1388,3,IR785753,20240408,2024-04-08,20,B,Needle Line
1389,3,IR890752,20240604,2024-06-04,28,B,Slub
1390,3,IR687766,20240101,2024-01-01,21,B,Needle Line
1391,3,IR242699,20231010,2023-10-10,25,B,Crease Mark
1392,3,IR225744,20250123,2025-01-23,12,A,Crease Mark
1393,3,IR213946,20220919,2022-09-19,25,B,Needle Line
1394,3,IR901581,20230203,2023-02-03,44,C,Oil Spot
1395,3,IR850175,20230201,2023-02-01,44,C,Uneven Dye
1396,3,IR383256,20240405,2024-04-05,14,A,Crease Mark
1397,3,IR930583,20250526,2025-05-26,10,A,Oil Spot
1398,3,IR388580,20241207,2024-12-07,26,B,Uneven Dye
1399,3,IR319838,20250203,2025-02-03,33,C,Uneven Dye
1400,3,IR661318,20231110,2023-11-10,14,A,Crease Mark
1401,3,IR655711,20250812,2025-08-12,13,A,Needle Line
1402,3,IR772300,20221013,2022-10-13,44,C,Uneven Dye
1403,3,IR162942,20240504,2024-05-04,39,C,Hole
1404,3,IR382813,20230326,2023-03-26,44,C,Oil Spot
1405,3,IR956715,20231027,2023-10-27,24,B,Hole
1406,3,IR291860,20240603,2024-06-03,17,B,Slub
1407,3,IR304318,20250922,2025-09-22,27,B,Oil Spot
1408,3,IR488432,20250520,2025-05-20,42,C,Slub
1409,3,IR965575,20231121,2023-11-21,27,B,Oil Spot
1410,3,IR158681,20240222,2024-02-22,18,B,Needle Line
1411,3,IR872600,20240315,2024-03-15,45,C,Uneven Dye
1412,3,IR776163,20240505,2024-05-05,15,B,Oil Spot
1413,3,IR643027,20220703,2022-07-03,6,A,Uneven Dye
1414,3,IR129379,20240611,2024-06-11,36,C,Uneven Dye
1415,3,IR147784,20221231,2022-12-31,36,C,Needle Line
1416,3,IR797987,20250315,2025-03-15,37,C,Hole
1417,3,IR714370,20251026,2025-10-26,45,C,Crease Mark
1418,3,IR947558,20230728,2023-07-28,18,B,Uneven Dye
1419,3,IR371840,20240220,2024-02-20,23,B,Slub
1420,3,IR475524,20231003,2023-10-03,16,B,Uneven Dye
1421,3,IR837929,20221225,2022-12-25,35,C,Crease Mark
1422,3,IR612393,20250425,2025-04-25,35,C,Uneven Dye
1423,3,IR399131,20230710,2023-07-10,22,B,Oil Spot
1424,3,IR509488,20240730,2024-07-30,21,B,Oil Spot
1425,3,IR357196,20241106,2024-11-06,7,A,Uneven Dye
1426,3,IR547886,20240116,2024-01-16,23,B,Hole
1427,3,IR151179,20250424,2025-04-24,32,C,Hole
1428,3,IR505308,20231118,2023-11-18,41,C,Oil Spot
1429,3,IR635858,20240221,2024-02-21,13,A,Crease Mark
1430,3,IR412110,20230115,2023-01-15,39,C,Crease Mark
1431,3,IR232021,20240307,2024-03-07,34,C,Uneven Dye
1432,3,IR945390,20220626,2022-06-26,28,B,Slub
1433,3,IR620973,20231205,2023-12-05,34,C,Oil Spot
1434,3,IR338938,20250514,2025-05-14,40,C,Uneven Dye
1435,3,IR783238,20240329,2024-03-29,23,B,Needle Line
1436,3,IR943539,20231115,2023-11-15,29,B,Hole
1437,3,IR711120,20230612,2023-06-12,11,A,Slub
1438,3,IR227174,20250323,2025-03-23,6,A,Uneven Dye
1439,3,IR125540,20240519,2024-05-19,34,C,Slub
1440,3,IR477971,20240911,2024-09-11,21,B,Uneven Dye
1441,3,IR866654,20220111,2022-01-11,17,B,Oil Spot
1442,3,IR556197,20240317,2024-03-17,7,A,Hole
1443,3,IR892373,20241006,2024-10-06,32,C,Hole
1444,3,IR701363,20250117,2025-01-17,44,C,Slub
1445,3,IR248200,20240613,2024-06-13,45,C,Needle Line
1446,3,IR365155,20220717,2022-07-17,34,C,Hole
1447,3,IR561751,20250708,2025-07-08,41,C,Slub
1448,3,IR516430,20221217,2022-12-17,13,A,Uneven Dye
1449,3,IR800898,20240805,2024-08-05,11,A,Needle Line
1450,3,IR600091,20241126,2024-11-26,23,B,Slub
1451,3,IR230416,20221201,2022-12-01,30,C,Hole
1452,3,IR328177,20221121,2022-11-21,13,A,Uneven Dye
1453,3,IR161569,20220908,2022-09-08,19,B,Needle Line
1454,3,IR813448,20220526,2022-05-26,42,C,Uneven Dye
1455,3,IR358500,20240102,2024-01-02,45,C,Oil Spot
1456,3,IR633217,20230327,2023-03-27,38,C,Uneven Dye
1457,3,IR380428,20240425,2024-04-25,14,A,Crease Mark
1458,3,IR683858,20241103,2024-11-03,41,C,Uneven Dye
1459,3,IR262837,20221209,2022-12-09,20,B,Crease Mark
1460,3,IR195216,20230114,2023-01-14,36,C,Oil Spot
1461,3,IR377448,20240120,2024-01-20,41,C,Crease Mark
1462,3,IR861170,20230823,2023-08-23,21,B,Uneven Dye
1463,3,IR937223,20241013,2024-10-13,24,B,Oil Spot
1464,3,IR832586,20231022,2023-10-22,27,B,Needle Line
1465,3,IR753450,20221110,2022-11-10,27,B,Crease Mark
1466,3,IR868654,20251102,2025-11-02,37,C,Hole
1467,3,IR281718,20230228,2023-02-28,33,C,Needle Line
1468,3,IR302423,20220820,2022-08-20,11,A,Crease Mark
1469,3,IR844101,20250924,2025-09-24,23,B,Needle Line
1470,3,IR863237,20250127,2025-01-27,14,A,Crease Mark
1471,3,IR864776,20230831,2023-08-31,11,A,Oil Spot
1472,3,IR339685,20231115,2023-11-15,13,A,Slub
1473,3,IR815941,20230616,2023-06-16,22,B,Hole
1474,3,IR269241,20231021,2023-10-21,18,B,Oil Spot
1475,3,IR318804,20240519,2024-05-19,30,C,Needle Line
1476,3,IR235624,20240817,2024-08-17,35,C,Crease Mark
1477,3,IR207334,20221028,2022-10-28,34,C,Crease Mark
1478,3,IR955324,20250711,2025-07-11,22,B,Needle Line
1479,3,IR131875,20250111,2025-01-11,22,B,Hole
1480,3,IR391677,20250408,2025-04-08,29,B,Uneven Dye
1481,3,IR796023,20241009,2024-10-09,28,B,Hole
1482,3,IR184692,20221016,2022-10-16,15,B,Oil Spot
1483,3,IR496123,20240403,2024-04-03,19,B,Oil Spot
1484,3,IR183314,20220225,2022-02-25,12,A,Hole
1485,3,IR467227,20240924,2024-09-24,5,A,Slub
1486,3,IR841709,20220404,2022-04-04,13,A,Oil Spot
1487,3,IR853358,20240125,2024-01-25,43,C,Slub
1488,3,IR139700,20230608,2023-06-08,35,C,Needle Line
1489,3,IR406135,20231004,2023-10-04,45,C,Uneven Dye
1490,3,IR716208,20240523,2024-05-23,27,B,Slub
1491,3,IR931669,20220302,2022-03-02,38,C,Needle Line
1492,3,IR241381,20240309,2024-03-09,33,C,Crease Mark
1493,3,IR614188,20220402,2022-04-02,35,C,Uneven Dye
1494,3,IR291428,20241002,2024-10-02,18,B,Oil Spot
1495,3,IR320406,20250416,2025-04-16,25,B,Needle Line
1496,3,IR377867,20250726,2025-07-26,18,B,Slub
1497,3,IR959747,20240517,2024-05-17,45,C,Crease Mark
1498,3,IR302927,20221022,2022-10-22,13,A,Needle Line
1499,3,IR561861,20240622,2024-06-22,38,C,Slub
1500,3,IR737441,20220806,2022-08-06,31,C,Needle Line
1501,3,IR706567,20240826,2024-08-26,16,B,Hole
1502,3,IR964940,20220218,2022-02-18,27,B,Hole
1503,3,IR143059,20220413,2022-04-13,5,A,Slub
1504,3,IR497783,20230113,2023-01-13,5,A,Crease Mark
1505,3,IR562445,20250503,2025-05-03,15,B,Hole
1506,3,IR369966,20241125,2024-11-25,17,B,Needle Line
1507,3,IR757080,20220506,2022-05-06,21,B,Needle Line
1508,3,IR647278,20221102,2022-11-02,29,B,Oil Spot
1509,3,IR798858,20230321,2023-03-21,29,B,Uneven Dye
1510,3,IR327096,20231101,2023-11-01,36,C,Hole
1511,3,IR478737,20231102,2023-11-02,27,B,Crease Mark
1512,3,IR360703,20231014,2023-10-14,12,A,Hole
1513,3,IR473394,20241227,2024-12-27,16,B,Hole
1514,3,IR687532,20231119,2023-11-19,41,C,Oil Spot
1515,3,IR303995,20240810,2024-08-10,9,A,Oil Spot
1516,3,IR575189,20240916,2024-09-16,19,B,Hole
1517,3,IR797581,20230224,2023-02-24,41,C,Uneven Dye
1518,3,IR154252,20240121,2024-01-21,35,C,Oil Spot
1519,3,IR319773,20240318,2024-03-18,19,B,Crease Mark
1520,3,IR571116,20240306,2024-03-06,19,B,Hole
1521,3,IR236502,20221126,2022-11-26,44,C,Crease Mark
1522,3,IR302134,20250423,2025-04-23,22,B,Hole
1523,3,IR878123,20220516,2022-05-16,24,B,Oil Spot
1524,3,IR456395,20240513,2024-05-13,8,A,Slub
1525,3,IR817607,20250826,2025-08-26,34,C,Needle Line
1526,3,IR491242,20221117,2022-11-17,43,C,Needle Line
1527,3,IR969748,20230117,2023-01-17,6,A,Oil Spot
1528,3,IR256633,20230130,2023-01-30,31,C,Oil Spot
1529,3,IR850971,20241107,2024-11-07,6,A,Hole
1530,3,IR737005,20250925,2025-09-25,8,A,Crease Mark
1531,3,IR258065,20240822,2024-08-22,16,B,Hole
1532,3,IR688015,20240904,2024-09-04,45,C,Crease Mark
1533,3,IR189539,20250908,2025-09-08,15,B,Hole
1534,3,IR647825,20250501,2025-05-01,42,C,Uneven Dye
1535,3,IR464033,20240204,2024-02-04,16,B,Slub
1536,3,IR725170,20250918,2025-09-18,25,B,Oil Spot
1537,3,IR533614,20250917,2025-09-17,7,A,Slub
1538,3,IR345972,20240221,2024-02-21,18,B,Hole
1539,3,IR952345,20241226,2024-12-26,25,B,Oil Spot
1540,3,IR917643,20231101,2023-11-01,44,C,Oil Spot
1541,3,IR856632,20231112,2023-11-12,34,C,Uneven Dye
1542,3,IR220573,20221203,2022-12-03,34,C,Uneven Dye
1543,3,IR567119,20240217,2024-02-17,44,C,Hole
1544,3,IR307304,20230712,2023-07-12,15,B,Slub
1545,3,IR114429,20250330,2025-03-30,40,C,Oil Spot
1546,3,IR664583,20230902,2023-09-02,8,A,Crease Mark
1547,3,IR103172,20221030,2022-10-30,43,C,Uneven Dye
1548,3,IR170294,20241002,2024-10-02,34,C,Uneven Dye
1549,3,IR112359,20250316,2025-03-16,15,B,Needle Line
1550,3,IR393261,20241228,2024-12-28,12,A,Slub
1551,3,IR125185,20240303,2024-03-03,8,A,Crease Mark
1552,3,IR638167,20240223,2024-02-23,45,C,Oil Spot
1553,3,IR543754,20250325,2025-03-25,36,C,Needle Line
1554,3,IR466528,20220225,2022-02-25,38,C,Needle Line
1555,3,IR919325,20250110,2025-01-10,36,C,Uneven Dye
1556,3,IR457223,20250103,2025-01-03,39,C,Uneven Dye
1557,3,IR105123,20250816,2025-08-16,42,C,Uneven Dye
1558,3,IR702973,20240911,2024-09-11,11,A,Uneven Dye
1559,3,IR451543,20230423,2023-04-23,7,A,Uneven Dye
1560,3,IR748662,20221208,2022-12-08,33,C,Slub
1561,3,IR360159,20221013,2022-10-13,30,C,Crease Mark
1562,3,IR752240,20230131,2023-01-31,23,B,Needle Line
1563,3,IR512453,20220831,2022-08-31,13,A,Crease Mark
1564,3,IR286627,20231119,2023-11-19,37,C,Crease Mark
1565,3,IR455589,20251009,2025-10-09,11,A,Oil Spot
1566,3,IR230904,20240925,2024-09-25,23,B,Needle Line
1567,3,IR240858,20220901,2022-09-01,7,A,Uneven Dye
1568,3,IR931761,20230430,2023-04-30,19,B,Needle Line
1569,3,IR680326,20250416,2025-04-16,22,B,Needle Line
1570,3,IR439689,20230511,2023-05-11,7,A,Needle Line
1571,3,IR822232,20240709,2024-07-09,21,B,Crease Mark
1572,3,IR253340,20250424,2025-04-24,11,A,Crease Mark
1573,3,IR504819,20230429,2023-04-29,21,B,Needle Line
1574,3,IR302772,20250409,2025-04-09,23,B,Oil Spot
1575,3,IR310963,20240501,2024-05-01,41,C,Uneven Dye
1576,3,IR211798,20220519,2022-05-19,32,C,Needle Line
1577,3,IR888693,20221105,2022-11-05,29,B,Crease Mark
1578,3,IR368865,20230829,2023-08-29,7,A,Crease Mark
1579,3,IR682916,20240608,2024-06-08,40,C,Needle Line
1580,3,IR828735,20221113,2022-11-13,31,C,Oil Spot
1581,3,IR635552,20230309,2023-03-09,28,B,Oil Spot
1582,3,IR429950,20230209,2023-02-09,33,C,Uneven Dye
1583,3,IR750740,20250902,2025-09-02,9,A,Hole
1584,3,IR157253,20240816,2024-08-16,30,C,Needle Line
1585,3,IR950443,20220102,2022-01-02,32,C,Crease Mark
1586,3,IR772248,20251106,2025-11-06,14,A,Crease Mark
1587,3,IR403769,20230423,2023-04-23,10,A,Oil Spot
1588,3,IR569341,20250211,2025-02-11,44,C,Slub
1589,3,IR784844,20220325,2022-03-25,42,C,Crease Mark
1590,3,IR664107,20250605,2025-06-05,44,C,Uneven Dye
1591,3,IR327149,20250401,2025-04-01,34,C,Crease Mark
1592,3,IR154929,20220812,2022-08-12,9,A,Slub
1593,3,IR392279,20241221,2024-12-21,41,C,Slub
1594,3,IR984484,20230217,2023-02-17,12,A,Crease Mark
1595,3,IR876507,20251004,2025-10-04,22,B,Uneven Dye
1596,3,IR808615,20220827,2022-08-27,43,C,Oil Spot
1597,3,IR254371,20220928,2022-09-28,21,B,Slub
1598,3,IR559842,20220721,2022-07-21,39,C,Hole
1599,3,IR383542,20221124,2022-11-24,33,C,Hole
1600,3,IR406944,20220312,2022-03-12,7,A,Crease Mark
1601,3,IR758784,20231031,2023-10-31,42,C,Slub
1602,3,IR507873,20231125,2023-11-25,27,B,Hole
1603,3,IR940749,20230320,2023-03-20,37,C,Crease Mark
1604,3,IR491401,20220706,2022-07-06,30,C,Oil Spot
1605,3,IR287101,20230428,2023-04-28,32,C,Needle Line
1606,3,IR718123,20221214,2022-12-14,13,A,Hole
1607,3,IR974176,20250307,2025-03-07,19,B,Needle Line
1608,3,IR860494,20230715,2023-07-15,15,B,Crease Mark
1609,3,IR318463,20221201,2022-12-01,26,B,Crease Mark
1610,3,IR223532,20220202,2022-02-02,14,A,Uneven Dye
1611,3,IR508307,20231127,2023-11-27,35,C,Slub
1612,3,IR175880,20220908,2022-09-08,14,A,Slub
1613,3,IR105095,20250204,2025-02-04,6,A,Oil Spot
1614,3,IR918338,20251025,2025-10-25,26,B,Crease Mark
1615,3,IR791778,20220201,2022-02-01,37,C,Oil Spot
1616,3,IR465875,20221129,2022-11-29,42,C,Hole
1617,3,IR485257,20251129,2025-11-29,19,B,Slub
1618,3,IR839916,20240616,2024-06-16,24,B,Slub
1619,3,IR456955,20230311,2023-03-11,29,B,Crease Mark
1620,3,IR120678,20240925,2024-09-25,5,A,Oil Spot
1621,3,IR665866,20250706,2025-07-06,5,A,Uneven Dye
1622,3,IR614961,20250928,2025-09-28,39,C,Slub
1623,3,IR527047,20240527,2024-05-27,43,C,Hole
1624,3,IR831679,20220718,2022-07-18,18,B,Hole
1625,3,IR312005,20230509,2023-05-09,22,B,Hole
1626,3,IR961042,20220606,2022-06-06,20,B,Needle Line
1627,3,IR525367,20220817,2022-08-17,26,B,Needle Line
1628,3,IR298231,20250821,2025-08-21,13,A,Oil Spot
1629,3,IR640627,20240125,2024-01-25,25,B,Crease Mark
1630,3,IR867847,20230215,2023-02-15,39,C,Uneven Dye
1631,3,IR746481,20230830,2023-08-30,43,C,Crease Mark
1632,3,IR855108,20241029,2024-10-29,33,C,Hole
1633,3,IR872136,20250201,2025-02-01,36,C,Hole
1634,3,IR546892,20220820,2022-08-20,7,A,Hole
1635,3,IR622945,20230804,2023-08-04,22,B,Crease Mark
1636,3,IR204137,20250822,2025-08-22,22,B,Slub
1637,3,IR359544,20231010,2023-10-10,33,C,Hole
1638,3,IR153353,20230202,2023-02-02,22,B,Needle Line
1639,3,IR719973,20221024,2022-10-24,10,A,Needle Line
1640,3,IR792559,20230106,2023-01-06,36,C,Uneven Dye
1641,3,IR397493,20250412,2025-04-12,17,B,Crease Mark
1642,3,IR687013,20250527,2025-05-27,33,C,Hole
1643,3,IR792393,20250925,2025-09-25,45,C,Crease Mark
1644,3,IR349940,20250523,2025-05-23,37,C,Needle Line
1645,3,IR580700,20250128,2025-01-28,32,C,Slub
1646,3,IR183189,20240406,2024-04-06,27,B,Crease Mark
1647,3,IR842258,20221223,2022-12-23,36,C,Uneven Dye
1648,3,IR972886,20250917,2025-09-17,5,A,Needle Line
1649,3,IR440823,20251114,2025-11-14,21,B,Uneven Dye
1650,3,IR973820,20240713,2024-07-13,37,C,Crease Mark
1651,3,IR549925,20240601,2024-06-01,12,A,Oil Spot
1652,3,IR256490,20230710,2023-07-10,23,B,Oil Spot
1653,3,IR859623,20240103,2024-01-03,36,C,Uneven Dye
1654,3,IR170326,20250321,2025-03-21,22,B,Slub
1655,3,IR612788,20241017,2024-10-17,37,C,Uneven Dye
1656,3,IR345226,20220523,2022-05-23,45,C,Hole
1657,3,IR362870,20230806,2023-08-06,11,A,Needle Line
1658,3,IR869668,20230426,2023-04-26,43,C,Oil Spot
1659,3,IR624885,20220304,2022-03-04,35,C,Slub
1660,3,IR538582,20221208,2022-12-08,18,B,Needle Line
1661,3,IR370783,20221104,2022-11-04,41,C,Slub
1662,3,IR186148,20240910,2024-09-10,45,C,Slub
1663,3,IR242976,20230528,2023-05-28,18,B,Needle Line
1664,3,IR329431,20221118,2022-11-18,41,C,Oil Spot
1665,3,IR975034,20231113,2023-11-13,38,C,Slub
1666,3,IR228631,20241227,2024-12-27,25,B,Oil Spot
1667,3,IR923635,20250810,2025-08-10,6,A,Hole
1668,3,IR583420,20230730,2023-07-30,12,A,Slub
1669,3,IR245345,20240506,2024-05-06,5,A,Uneven Dye
1670,3,IR853270,20221003,2022-10-03,22,B,Oil Spot
1671,3,IR371127,20251111,2025-11-11,27,B,Crease Mark
1672,3,IR575402,20231031,2023-10-31,35,C,Hole
1673,3,IR481030,20240523,2024-05-23,22,B,Hole
1674,3,IR869747,20221027,2022-10-27,34,C,Needle Line
1675,3,IR829525,20240503,2024-05-03,29,B,Crease Mark
1676,3,IR107409,20221123,2022-11-23,23,B,Uneven Dye
1677,3,IR537979,20221210,2022-12-10,40,C,Oil Spot
1678,3,IR978523,20241215,2024-12-15,19,B,Oil Spot
1679,3,IR188624,20250331,2025-03-31,11,A,Crease Mark
1680,3,IR818926,20250924,2025-09-24,24,B,Uneven Dye
1681,3,IR561552,20230925,2023-09-25,30,C,Crease Mark
1682,3,IR925135,20250129,2025-01-29,33,C,Crease Mark
1683,3,IR490534,20230515,2023-05-15,35,C,Needle Line
1684,3,IR554058,20220719,2022-07-19,29,B,Crease Mark
1685,3,IR363934,20250913,2025-09-13,35,C,Crease Mark
1686,3,IR149145,20240307,2024-03-07,40,C,Uneven Dye
1687,3,IR231829,20251117,2025-11-17,5,A,Oil Spot
1688,3,IR803819,20251129,2025-11-29,26,B,Needle Line
1689,3,IR246463,20240304,2024-03-04,42,C,Crease Mark
1690,3,IR425951,20240813,2024-08-13,26,B,Uneven Dye
1691,3,IR294034,20220719,2022-07-19,9,A,Crease Mark
1692,3,IR481426,20220607,2022-06-07,8,A,Uneven Dye
1693,3,IR701071,20230802,2023-08-02,44,C,Oil Spot
1694,3,IR644638,20240217,2024-02-17,36,C,Oil Spot
1695,3,IR240886,20241115,2024-11-15,42,C,Oil Spot
1696,3,IR625629,20250320,2025-03-20,36,C,Slub
1697,3,IR590754,20230112,2023-01-12,28,B,Uneven Dye
1698,3,IR876366,20230920,2023-09-20,22,B,Slub
1699,3,IR274704,20240326,2024-03-26,5,A,Crease Mark
1700,3,IR180745,20230510,2023-05-10,40,C,Uneven Dye
1701,3,IR825972,20250428,2025-04-28,7,A,Crease Mark
1702,3,IR736825,20250507,2025-05-07,15,B,Oil Spot
1703,3,IR967035,20240103,2024-01-03,39,C,Crease Mark
1704,3,IR921702,20231010,2023-10-10,19,B,Needle Line
1705,3,IR651746,20220828,2022-08-28,32,C,Needle Line
1706,3,IR389018,20220606,2022-06-06,7,A,Hole
1707,3,IR498357,20230321,2023-03-21,35,C,Slub
1708,3,IR420119,20220913,2022-09-13,31,C,Crease Mark
1709,3,IR311989,20240624,2024-06-24,42,C,Hole
1710,3,IR357691,20241218,2024-12-18,15,B,Hole
1711,3,IR369424,20221021,2022-10-21,20,B,Hole
1712,3,IR303403,20220806,2022-08-06,10,A,Oil Spot
1713,3,IR830121,20250812,2025-08-12,17,B,Oil Spot
1714,3,IR960630,20231102,2023-11-02,20,B,Slub
1715,3,IR960668,20230912,2023-09-12,6,A,Hole
1716,3,IR213764,20240211,2024-02-11,12,A,Oil Spot
1717,3,IR375613,20250618,2025-06-18,6,A,Crease Mark
1718,3,IR470820,20220402,2022-04-02,21,B,Oil Spot
1719,3,IR657608,20220801,2022-08-01,25,B,Uneven Dye
1720,3,IR648478,20220808,2022-08-08,36,C,Uneven Dye
1721,3,IR489578,20220426,2022-04-26,13,A,Needle Line
1722,3,IR403614,20241031,2024-10-31,27,B,Slub
1723,3,IR697177,20230815,2023-08-15,30,C,Hole
1724,3,IR460293,20231023,2023-10-23,9,A,Uneven Dye
1725,3,IR302225,20240217,2024-02-17,31,C,Oil Spot
1726,3,IR579680,20251129,2025-11-29,21,B,Uneven Dye
1727,3,IR576916,20220519,2022-05-19,38,C,Slub
1728,3,IR432798,20230228,2023-02-28,9,A,Crease Mark
1729,3,IR699649,20241019,2024-10-19,39,C,Slub
1730,3,IR781749,20220601,2022-06-01,37,C,Crease Mark
1731,3,IR847235,20241129,2024-11-29,10,A,Needle Line
1732,3,IR353268,20230323,2023-03-23,26,B,Uneven Dye
1733,3,IR516721,20241016,2024-10-16,32,C,Oil Spot
1734,3,IR553012,20230303,2023-03-03,20,B,Needle Line
1735,3,IR313210,20250612,2025-06-12,39,C,Needle Line
1736,3,IR944747,20220623,2022-06-23,41,C,Uneven Dye
1737,3,IR845108,20250114,2025-01-14,39,C,Crease Mark
1738,3,IR796563,20241224,2024-12-24,21,B,Hole
1739,3,IR586513,20240708,2024-07-08,39,C,Slub
1740,3,IR442906,20250802,2025-08-02,29,B,Hole
1741,3,IR826139,20231012,2023-10-12,12,A,Oil Spot
1742,3,IR744588,20250912,2025-09-12,42,C,Hole
1743,3,IR912555,20220221,2022-02-21,32,C,Slub
1744,3,IR376548,20220810,2022-08-10,32,C,Oil Spot
1745,3,IR421408,20220514,2022-05-14,45,C,Crease Mark
1746,3,IR541351,20230823,2023-08-23,15,B,Oil Spot
1747,3,IR305443,20231206,2023-12-06,30,C,Needle Line
1748,3,IR662750,20241003,2024-10-03,23,B,Slub
1749,3,IR552580,20250123,2025-01-23,38,C,Uneven Dye
1750,3,IR977144,20220405,2022-04-05,12,A,Crease Mark
1751,3,IR718507,20220610,2022-06-10,34,C,Slub
1752,3,IR555194,20230414,2023-04-14,35,C,Oil Spot
1753,3,IR862195,20250913,2025-09-13,43,C,Hole
1754,3,IR194849,20220513,2022-05-13,5,A,Slub
1755,3,IR786795,20250523,2025-05-23,36,C,Hole
1756,3,IR736189,20230716,2023-07-16,8,A,Needle Line
1757,3,IR924837,20240104,2024-01-04,44,C,Uneven Dye
1758,3,IR997645,20251030,2025-10-30,13,A,Hole
1759,3,IR296998,20230903,2023-09-03,39,C,Needle Line
1760,3,IR576259,20250612,2025-06-12,15,B,Hole
1761,3,IR234853,20241108,2024-11-08,12,A,Uneven Dye
1762,3,IR767881,20241001,2024-10-01,9,A,Oil Spot
1763,3,IR143479,20250723,2025-07-23,45,C,Uneven Dye
1764,3,IR468934,20230102,2023-01-02,29,B,Slub
1765,3,IR966396,20240916,2024-09-16,24,B,Needle Line
1766,3,IR383809,20241122,2024-11-22,31,C,Needle Line
1767,3,IR291755,20250814,2025-08-14,14,A,Hole
1768,3,IR198409,20240308,2024-03-08,30,C,Uneven Dye
1769,3,IR545668,20251015,2025-10-15,31,C,Slub
1770,3,IR762877,20231221,2023-12-21,20,B,Oil Spot
1771,3,IR322442,20240508,2024-05-08,27,B,Hole
1772,3,IR647276,20221228,2022-12-28,14,A,Uneven Dye
1773,3,IR297772,20230328,2023-03-28,13,A,Crease Mark
1774,3,IR234455,20240728,2024-07-28,25,B,Slub
1775,3,IR806317,20250920,2025-09-20,39,C,Hole
1776,3,IR389947,20230131,2023-01-31,5,A,Slub
1777,3,IR156260,20251002,2025-10-02,36,C,Uneven Dye
1778,3,IR428591,20220521,2022-05-21,43,C,Oil Spot
1779,3,IR978899,20220825,2022-08-25,23,B,Hole
1780,3,IR805232,20231224,2023-12-24,22,B,Slub
1781,3,IR164265,20250627,2025-06-27,14,A,Uneven Dye
1782,3,IR654926,20250912,2025-09-12,24,B,Slub
1783,3,IR889602,20220803,2022-08-03,27,B,Hole
1784,3,IR611557,20230302,2023-03-02,22,B,Uneven Dye
1785,3,IR115186,20230728,2023-07-28,43,C,Slub
1786,3,IR873326,20221207,2022-12-07,20,B,Slub
1787,3,IR640531,20220617,2022-06-17,8,A,Oil Spot
1788,3,IR770722,20250601,2025-06-01,41,C,Oil Spot
1789,3,IR929651,20250208,2025-02-08,34,C,Hole
1790,3,IR246500,20250316,2025-03-16,21,B,Uneven Dye
1791,3,IR104099,20250831,2025-08-31,24,B,Slub
1792,3,IR190218,20221003,2022-10-03,6,A,Oil Spot
1793,3,IR112608,20240925,2024-09-25,34,C,Crease Mark
1794,3,IR200865,20220327,2022-03-27,40,C,Slub
1795,3,IR347054,20240425,2024-04-25,26,B,Needle Line
1796,3,IR822950,20240424,2024-04-24,20,B,Slub
1797,3,IR893238,20220416,2022-04-16,36,C,Crease Mark
1798,3,IR760183,20220502,2022-05-02,19,B,Crease Mark
1799,3,IR557352,20240405,2024-04-05,27,B,Uneven Dye
1800,3,IR369751,20230825,2023-08-25,33,C,Crease Mark
