FinishID,FactoryID,RollID,DateKey,Date,WidthInch,BeforeGSM,AfterGSM,ShrinkagePct
1,1,ROLL573151,20251026,2025-10-26,60.2,170,175,5.02
2,1,ROLL126091,20221006,2022-10-06,62.2,160,162,9.19
3,1,ROLL823915,20231103,2023-11-03,58.6,181,180,5.14
4,1,ROLL795567,20230222,2023-02-22,63.8,163,164,7.75
5,1,ROLL620133,20230813,2023-08-13,59.5,186,187,6.8
6,1,ROLL616892,20230708,2023-07-08,62.7,163,168,5.13
7,1,ROLL490780,20250605,2025-06-05,59.3,161,157,4.96
8,1,ROLL787149,20230416,2023-04-16,60.6,175,178,7.64
9,1,ROLL539178,20230829,2023-08-29,60.1,195,198,4.39
10,1,ROLL883850,20241215,2024-12-15,63.2,172,170,8.51
11,1,ROLL688842,20231128,2023-11-28,62.4,154,159,9.58
12,1,ROLL470329,20231128,2023-11-28,61.9,200,201,7.41
13,1,ROLL996192,20250108,2025-01-08,60.5,171,169,6.04
14,1,ROLL510661,20250421,2025-04-21,63.0,173,173,4.68
15,1,ROLL130721,20231105,2023-11-05,63.2,191,193,6.31
16,1,ROLL650004,20220627,2022-06-27,60.8,199,202,9.31
17,1,ROLL404850,20230809,2023-08-09,59.5,189,194,5.86
18,1,ROLL943245,20240921,2024-09-21,61.7,153,158,8.8
19,1,ROLL364054,20250614,2025-06-14,59.8,195,196,9.98
20,1,ROLL824050,20221003,2022-10-03,60.0,174,169,5.49
21,1,ROLL900230,20220716,2022-07-16,62.3,159,159,8.6
22,1,ROLL478722,20250502,2025-05-02,64.0,142,146,4.22
23,1,ROLL382213,20230410,2023-04-10,60.4,150,145,3.36
24,1,ROLL306646,20240820,2024-08-20,59.7,198,202,8.31
25,1,ROLL694694,20240416,2024-04-16,58.3,169,171,4.59
26,1,ROLL874167,20250506,2025-05-06,60.9,149,153,5.2
27,1,ROLL765778,20241207,2024-12-07,62.7,162,167,7.4
28,1,ROLL818930,20250526,2025-05-26,58.0,175,170,3.44
29,1,ROLL244396,20251114,2025-11-14,60.0,162,158,5.48
30,1,ROLL809449,20221007,2022-10-07,58.8,184,189,3.03
31,1,ROLL460182,20230624,2023-06-24,58.1,151,154,3.66
32,1,ROLL319904,20230119,2023-01-19,60.1,196,192,3.97
33,1,ROLL586534,20230525,2023-05-25,61.6,189,194,7.81
34,1,ROLL817798,20241009,2024-10-09,59.4,154,156,7.34
35,1,ROLL972872,20250101,2025-01-01,62.6,152,148,8.58
36,1,ROLL860095,20240825,2024-08-25,63.4,147,144,4.67
37,1,ROLL469720,20220530,2022-05-30,61.5,157,154,5.81
38,1,ROLL293620,20230213,2023-02-13,63.3,192,191,4.04
39,1,ROLL555219,20221031,2022-10-31,63.0,164,161,8.64
40,1,ROLL460653,20240401,2024-04-01,58.7,143,146,5.54
41,1,ROLL334298,20230518,2023-05-18,61.2,175,180,5.45
42,1,ROLL406766,20231203,2023-12-03,60.1,145,144,7.42
43,1,ROLL552344,20250624,2025-06-24,63.9,191,195,8.77
44,1,ROLL756208,20230120,2023-01-20,58.5,154,154,3.66
45,1,ROLL599789,20250524,2025-05-24,62.0,199,198,5.41
46,1,ROLL474844,20220828,2022-08-28,59.9,183,181,7.82
47,1,ROLL832469,20220724,2022-07-24,58.2,188,189,3.95
48,1,ROLL295535,20220421,2022-04-21,61.3,146,147,6.19
49,1,ROLL359470,20220217,2022-02-17,60.7,164,160,9.98
50,1,ROLL247217,20240929,2024-09-29,63.1,182,182,8.81
51,1,ROLL492746,20230612,2023-06-12,63.8,186,183,8.33
52,1,ROLL369828,20231104,2023-11-04,63.3,151,152,3.2
53,1,ROLL370048,20250405,2025-04-05,61.2,172,177,6.09
54,1,ROLL267545,20240401,2024-04-01,58.1,179,174,5.97
55,1,ROLL345410,20230625,2023-06-25,58.5,193,194,4.68
56,1,ROLL928479,20220709,2022-07-09,63.1,199,203,7.18
57,1,ROLL177336,20220906,2022-09-06,60.6,171,166,5.18
58,1,ROLL134064,20221202,2022-12-02,62.3,186,190,8.75
59,1,ROLL666076,20240514,2024-05-14,58.9,192,189,9.4
60,1,ROLL838091,20240911,2024-09-11,62.3,168,166,7.74
61,1,ROLL204813,20220329,2022-03-29,63.7,200,198,4.96
62,1,ROLL340283,20240228,2024-02-28,63.0,173,176,6.71
63,1,ROLL140347,20220428,2022-04-28,59.9,162,158,7.6
64,1,ROLL781797,20250727,2025-07-27,58.9,149,149,7.25
65,1,ROLL354061,20230802,2023-08-02,60.4,163,158,9.01
66,1,ROLL251784,20231113,2023-11-13,61.3,190,188,3.75
67,1,ROLL367755,20240524,2024-05-24,58.8,163,163,6.09
68,1,ROLL589221,20240313,2024-03-13,59.1,179,175,3.77
69,1,ROLL447325,20250224,2025-02-24,59.8,141,140,7.4
70,1,ROLL303510,20220110,2022-01-10,63.4,173,171,7.53
71,1,ROLL360813,20250629,2025-06-29,60.6,179,179,4.58
72,1,ROLL934189,20250723,2025-07-23,58.5,142,147,7.57
73,1,ROLL264399,20221110,2022-11-10,62.0,177,179,6.39
74,1,ROLL811148,20240820,2024-08-20,61.9,160,155,5.86
75,1,ROLL816512,20240702,2024-07-02,61.5,200,205,9.55
76,1,ROLL734343,20240713,2024-07-13,58.8,197,197,8.66
77,1,ROLL573866,20240903,2024-09-03,59.3,150,153,3.78
78,1,ROLL548120,20230309,2023-03-09,58.8,179,175,8.21
79,1,ROLL866670,20251109,2025-11-09,61.0,154,158,4.09
80,1,ROLL202708,20230923,2023-09-23,61.6,155,156,6.97
81,1,ROLL179184,20250224,2025-02-24,62.7,168,166,7.76
82,1,ROLL556287,20230901,2023-09-01,62.7,147,142,5.51
83,1,ROLL692319,20250928,2025-09-28,61.1,168,170,3.01
84,1,ROLL774726,20230909,2023-09-09,59.8,194,198,8.18
85,1,ROLL981315,20251001,2025-10-01,62.4,163,161,3.4
86,1,ROLL387481,20221201,2022-12-01,59.9,140,137,3.04
87,1,ROLL913814,20240523,2024-05-23,61.9,187,190,4.71
88,1,ROLL618381,20221126,2022-11-26,61.3,142,140,8.21
89,1,ROLL424721,20230129,2023-01-29,61.8,196,191,4.19
90,1,ROLL431568,20221111,2022-11-11,61.0,168,169,3.33
91,1,ROLL780079,20220104,2022-01-04,62.7,157,152,7.23
92,1,ROLL853744,20230516,2023-05-16,62.7,157,158,7.79
93,1,ROLL581546,20240717,2024-07-17,62.1,159,164,3.48
94,1,ROLL845520,20231019,2023-10-19,62.3,155,156,6.79
95,1,ROLL200934,20220329,2022-03-29,58.3,196,194,8.81
96,1,ROLL797335,20250926,2025-09-26,58.8,151,147,3.34
97,1,ROLL886791,20220701,2022-07-01,59.9,155,153,4.97
98,1,ROLL163026,20220216,2022-02-16,58.6,159,156,4.04
99,1,ROLL203326,20221130,2022-11-30,59.4,182,185,4.18
100,1,ROLL934765,20241111,2024-11-11,59.4,142,145,8.18
101,1,ROLL818422,20220129,2022-01-29,62.4,196,201,5.71
102,1,ROLL227463,20250630,2025-06-30,62.3,180,181,4.56
103,1,ROLL981953,20250622,2025-06-22,58.1,174,178,7.74
104,1,ROLL813263,20250125,2025-01-25,58.5,200,202,9.93
105,1,ROLL874142,20220928,2022-09-28,60.3,140,142,8.24
106,1,ROLL721292,20231130,2023-11-30,62.2,181,183,6.0
107,1,ROLL293134,20250217,2025-02-17,58.3,141,141,3.91
108,1,ROLL369462,20220624,2022-06-24,62.2,146,141,9.77
109,1,ROLL109264,20220808,2022-08-08,60.7,167,165,4.88
110,1,ROLL482923,20230819,2023-08-19,63.2,141,146,7.7
111,1,ROLL978654,20240917,2024-09-17,61.6,146,143,4.52
112,1,ROLL106731,20250607,2025-06-07,61.2,145,141,9.18
113,1,ROLL712516,20240710,2024-07-10,62.5,179,178,8.59
114,1,ROLL418696,20250323,2025-03-23,60.2,199,199,5.94
115,1,ROLL595568,20221120,2022-11-20,58.9,165,165,5.37
116,1,ROLL962666,20250628,2025-06-28,58.7,151,153,5.99
117,1,ROLL182048,20240906,2024-09-06,59.4,168,173,8.68
118,1,ROLL821523,20250509,2025-05-09,62.5,172,175,5.91
119,1,ROLL248233,20250926,2025-09-26,63.1,155,159,5.48
120,1,ROLL211727,20240412,2024-04-12,58.8,165,166,9.47
121,1,ROLL562022,20221216,2022-12-16,61.3,200,195,5.61
122,1,ROLL618435,20230423,2023-04-23,59.2,146,144,6.81
123,1,ROLL993462,20240226,2024-02-26,61.1,187,186,8.76
124,1,ROLL148798,20240328,2024-03-28,59.0,148,146,7.81
125,1,ROLL852235,20221021,2022-10-21,62.6,158,163,5.67
126,1,ROLL172191,20230610,2023-06-10,59.8,190,191,9.2
127,1,ROLL284453,20250324,2025-03-24,61.0,153,151,3.01
128,1,ROLL813007,20241222,2024-12-22,58.7,191,193,5.91
129,1,ROLL201462,20240719,2024-07-19,62.1,151,156,7.7
130,1,ROLL492789,20220417,2022-04-17,59.1,172,170,3.79
131,1,ROLL516056,20251121,2025-11-21,63.9,187,188,4.45
132,1,ROLL535849,20241112,2024-11-12,59.6,141,140,5.72
133,1,ROLL495426,20240525,2024-05-25,61.2,176,177,7.15
134,1,ROLL606500,20250402,2025-04-02,63.6,153,154,6.86
135,1,ROLL917270,20221029,2022-10-29,63.8,140,135,4.95
136,1,ROLL330570,20240903,2024-09-03,60.9,178,183,4.59
137,1,ROLL864345,20240330,2024-03-30,59.4,193,189,8.36
138,1,ROLL704664,20240606,2024-06-06,63.9,187,184,8.46
139,1,ROLL841287,20230219,2023-02-19,63.9,178,174,7.63
140,1,ROLL275811,20240903,2024-09-03,60.9,143,144,5.31
141,1,ROLL333889,20230903,2023-09-03,59.7,142,141,3.35
142,1,ROLL878910,20220714,2022-07-14,63.6,149,153,3.66
143,1,ROLL669603,20220929,2022-09-29,60.7,148,151,4.1
144,1,ROLL603121,20240419,2024-04-19,58.7,152,147,3.61
145,1,ROLL219760,20220507,2022-05-07,60.7,177,178,7.56
146,1,ROLL989173,20230315,2023-03-15,63.0,161,166,6.14
147,1,ROLL742590,20250925,2025-09-25,62.4,193,196,7.59
148,1,ROLL973076,20230303,2023-03-03,61.5,197,196,7.07
149,1,ROLL570596,20230218,2023-02-18,61.7,143,143,4.13
150,1,ROLL241370,20250504,2025-05-04,58.6,147,143,4.95
151,1,ROLL995135,20230729,2023-07-29,60.5,161,162,5.49
152,1,ROLL873607,20240913,2024-09-13,58.6,179,182,7.64
153,1,ROLL109870,20250303,2025-03-03,60.6,171,169,7.42
154,1,ROLL817971,20240218,2024-02-18,63.1,195,195,5.84
155,1,ROLL355070,20221218,2022-12-18,58.6,166,164,8.8
156,1,ROLL276331,20230221,2023-02-21,61.6,163,163,6.14
157,1,ROLL286655,20250801,2025-08-01,62.5,188,189,3.72
158,1,ROLL725667,20230614,2023-06-14,59.8,166,164,6.42
159,1,ROLL687783,20230618,2023-06-18,61.0,145,149,8.87
160,1,ROLL321521,20241030,2024-10-30,61.2,184,188,7.54
161,1,ROLL713676,20240818,2024-08-18,58.3,173,170,7.88
162,1,ROLL219357,20250910,2025-09-10,62.6,181,176,6.5
163,1,ROLL546712,20220121,2022-01-21,63.9,162,160,8.57
164,1,ROLL829397,20250725,2025-07-25,59.0,164,162,8.62
165,1,ROLL824621,20250607,2025-06-07,59.2,198,194,8.62
166,1,ROLL353836,20250621,2025-06-21,58.5,179,182,5.31
167,1,ROLL706491,20240709,2024-07-09,58.2,194,189,5.17
168,1,ROLL731296,20221214,2022-12-14,63.0,155,157,7.71
169,1,ROLL730589,20250712,2025-07-12,60.1,158,158,6.61
170,1,ROLL449079,20250504,2025-05-04,61.0,161,162,9.33
171,1,ROLL960177,20220531,2022-05-31,63.2,183,187,9.42
172,1,ROLL674786,20250408,2025-04-08,62.6,147,144,6.37
173,1,ROLL391977,20231025,2023-10-25,64.0,153,157,7.42
174,1,ROLL252567,20230715,2023-07-15,63.5,189,189,3.74
175,1,ROLL948006,20231201,2023-12-01,59.6,193,197,7.9
176,1,ROLL293206,20240929,2024-09-29,59.9,196,192,7.41
177,1,ROLL983994,20240903,2024-09-03,63.9,200,199,8.82
178,1,ROLL541420,20240317,2024-03-17,63.4,197,193,8.73
179,1,ROLL291047,20220116,2022-01-16,62.2,165,160,3.85
180,1,ROLL668328,20220909,2022-09-09,60.4,176,180,4.83
181,1,ROLL370750,20221126,2022-11-26,58.6,153,156,4.76
182,1,ROLL345109,20251018,2025-10-18,58.6,164,162,8.43
183,1,ROLL732404,20241105,2024-11-05,59.5,197,199,7.18
184,1,ROLL646639,20230322,2023-03-22,62.0,161,165,3.32
185,1,ROLL715664,20221210,2022-12-10,60.6,182,181,5.54
186,1,ROLL926550,20231127,2023-11-27,61.5,169,166,7.41
187,1,ROLL864810,20250326,2025-03-26,58.2,187,191,7.24
188,1,ROLL284383,20230630,2023-06-30,62.2,169,171,7.45
189,1,ROLL297323,20240413,2024-04-13,60.0,200,196,5.93
190,1,ROLL632909,20230423,2023-04-23,58.4,196,194,4.51
191,1,ROLL751899,20221019,2022-10-19,60.8,199,200,6.17
192,1,ROLL601449,20230704,2023-07-04,62.2,147,149,7.6
193,1,ROLL840936,20220318,2022-03-18,59.8,140,137,5.14
194,1,ROLL782052,20250418,2025-04-18,59.0,150,149,3.66
195,1,ROLL746687,20230124,2023-01-24,61.2,190,188,8.68
196,1,ROLL164310,20240107,2024-01-07,60.5,198,196,4.29
197,1,ROLL346088,20221225,2022-12-25,60.6,159,154,3.66
198,1,ROLL670716,20251106,2025-11-06,58.6,190,189,5.03
199,1,ROLL276366,20240401,2024-04-01,59.8,175,174,4.09
200,1,ROLL800609,20220913,2022-09-13,58.2,184,183,4.71
201,1,ROLL977431,20231217,2023-12-17,62.5,140,144,5.15
202,1,ROLL531334,20220328,2022-03-28,60.1,197,193,3.83
203,1,ROLL871582,20220821,2022-08-21,61.1,182,178,9.86
204,1,ROLL536761,20220923,2022-09-23,63.9,140,144,8.62
205,1,ROLL398851,20240622,2024-06-22,58.6,171,171,4.35
206,1,ROLL665341,20241026,2024-10-26,61.7,144,142,6.27
207,1,ROLL435459,20241006,2024-10-06,59.9,180,177,5.1
208,1,ROLL440564,20230316,2023-03-16,63.9,183,188,7.37
209,1,ROLL633275,20250302,2025-03-02,63.5,151,152,9.02
210,1,ROLL799816,20230103,2023-01-03,63.4,189,185,3.19
211,1,ROLL309331,20220101,2022-01-01,59.9,160,164,4.87
212,1,ROLL885749,20240924,2024-09-24,61.5,151,146,7.44
213,1,ROLL282976,20220723,2022-07-23,59.5,164,165,6.03
214,1,ROLL796217,20240409,2024-04-09,63.6,167,171,4.21
215,1,ROLL276035,20220110,2022-01-10,61.4,154,152,6.76
216,1,ROLL197801,20230108,2023-01-08,61.4,145,141,7.38
217,1,ROLL668082,20250628,2025-06-28,62.7,152,156,7.74
218,1,ROLL976373,20231217,2023-12-17,61.7,154,153,3.89
219,1,ROLL785459,20231228,2023-12-28,61.8,149,148,3.02
220,1,ROLL545267,20241018,2024-10-18,62.0,172,170,4.89
221,1,ROLL300608,20221111,2022-11-11,59.2,159,164,6.62
222,1,ROLL733872,20220709,2022-07-09,59.4,155,154,4.46
223,1,ROLL488945,20231030,2023-10-30,58.6,187,190,5.67
224,1,ROLL742036,20221101,2022-11-01,59.5,142,145,6.04
225,1,ROLL947640,20240305,2024-03-05,60.2,158,155,4.99
226,1,ROLL862795,20250130,2025-01-30,61.4,164,168,9.61
227,1,ROLL681419,20250204,2025-02-04,60.0,141,143,4.88
228,1,ROLL456542,20250429,2025-04-29,62.9,141,145,9.03
229,1,ROLL271011,20220131,2022-01-31,63.8,194,197,7.44
230,1,ROLL648470,20220101,2022-01-01,62.8,163,167,4.9
231,1,ROLL602901,20221001,2022-10-01,63.1,195,190,4.74
232,1,ROLL547658,20230913,2023-09-13,62.8,178,179,4.98
233,1,ROLL319707,20230821,2023-08-21,59.9,146,148,5.83
234,1,ROLL146977,20230605,2023-06-05,59.6,147,150,6.66
235,1,ROLL104750,20230218,2023-02-18,58.2,177,181,5.38
236,1,ROLL242998,20250131,2025-01-31,61.3,200,202,4.49
237,1,ROLL388118,20220216,2022-02-16,63.9,187,191,7.52
238,1,ROLL799360,20240213,2024-02-13,60.3,167,168,6.15
239,1,ROLL665071,20230817,2023-08-17,61.7,156,158,3.11
240,1,ROLL834838,20251028,2025-10-28,58.6,184,189,3.16
241,1,ROLL996653,20241222,2024-12-22,60.6,143,139,8.92
242,1,ROLL751402,20241105,2024-11-05,60.6,145,141,3.18
243,1,ROLL895572,20220726,2022-07-26,59.3,173,172,8.57
244,1,ROLL850596,20251120,2025-11-20,63.6,168,164,5.36
245,1,ROLL603772,20221225,2022-12-25,63.0,166,167,8.1
246,1,ROLL100054,20230926,2023-09-26,61.9,144,147,8.1
247,1,ROLL542894,20240717,2024-07-17,63.7,183,179,5.69
248,1,ROLL794352,20221114,2022-11-14,59.8,176,181,4.26
249,1,ROLL397886,20231107,2023-11-07,62.2,163,167,9.21
250,1,ROLL556064,20250315,2025-03-15,61.5,160,155,9.18
251,1,ROLL391754,20250426,2025-04-26,59.9,198,193,7.52
252,1,ROLL919503,20220513,2022-05-13,60.5,194,198,8.54
253,1,ROLL340465,20220811,2022-08-11,60.9,159,154,3.95
254,1,ROLL846515,20250919,2025-09-19,62.5,156,153,8.57
255,1,ROLL555746,20231024,2023-10-24,58.4,193,196,7.11
256,1,ROLL447218,20220617,2022-06-17,62.8,147,146,9.71
257,1,ROLL985506,20250712,2025-07-12,58.8,143,148,9.01
258,1,ROLL665095,20250528,2025-05-28,59.9,185,187,5.99
259,1,ROLL280805,20230628,2023-06-28,62.5,195,194,6.6
260,1,ROLL927940,20230310,2023-03-10,58.4,166,164,6.62
261,1,ROLL401488,20250521,2025-05-21,61.4,188,189,9.02
262,1,ROLL154285,20250102,2025-01-02,62.0,152,152,6.59
263,1,ROLL331457,20241203,2024-12-03,58.1,193,189,3.15
264,1,ROLL183326,20220726,2022-07-26,63.1,149,151,6.84
265,1,ROLL495703,20220719,2022-07-19,61.6,145,149,7.54
266,1,ROLL101608,20240921,2024-09-21,62.6,181,184,9.02
267,1,ROLL254591,20230311,2023-03-11,63.4,197,199,6.22
268,1,ROLL649643,20240202,2024-02-02,60.3,170,165,9.24
269,1,ROLL506104,20221224,2022-12-24,60.0,149,144,9.62
270,1,ROLL883661,20230419,2023-04-19,60.5,156,155,7.76
271,1,ROLL321548,20251119,2025-11-19,61.8,156,157,6.56
272,1,ROLL726785,20230731,2023-07-31,60.3,187,185,4.63
273,1,ROLL663312,20250416,2025-04-16,58.4,149,147,4.56
274,1,ROLL561105,20220908,2022-09-08,62.1,145,147,8.0
275,1,ROLL878866,20220217,2022-02-17,63.4,168,166,8.87
276,1,ROLL568189,20250419,2025-04-19,59.8,195,195,6.23
277,1,ROLL548798,20221002,2022-10-02,59.0,166,163,5.72
278,1,ROLL511475,20220501,2022-05-01,60.7,160,155,6.57
279,1,ROLL681192,20231126,2023-11-26,63.5,178,180,8.7
280,1,ROLL377837,20230309,2023-03-09,62.7,189,189,7.29
281,1,ROLL817371,20250617,2025-06-17,59.7,155,154,8.88
282,1,ROLL847490,20250521,2025-05-21,60.0,177,177,8.94
283,1,ROLL567796,20230531,2023-05-31,62.5,190,189,9.15
284,1,ROLL128832,20240306,2024-03-06,63.8,190,188,6.33
285,1,ROLL588354,20241021,2024-10-21,60.5,170,169,3.18
286,1,ROLL257598,20231213,2023-12-13,58.1,195,197,5.95
287,1,ROLL471920,20230619,2023-06-19,58.5,178,180,5.46
288,1,ROLL412525,20220711,2022-07-11,58.5,160,162,8.37
289,1,ROLL783399,20221229,2022-12-29,62.7,143,147,7.12
290,1,ROLL927081,20240302,2024-03-02,58.2,185,180,7.0
291,1,ROLL391255,20231028,2023-10-28,62.4,190,191,5.61
292,1,ROLL474413,20250815,2025-08-15,62.4,149,147,8.21
293,1,ROLL857440,20221117,2022-11-17,59.6,155,158,9.88
294,1,ROLL939374,20221013,2022-10-13,60.0,182,183,5.56
295,1,ROLL458567,20250107,2025-01-07,63.7,198,196,9.05
296,1,ROLL236455,20250101,2025-01-01,63.6,167,162,7.42
297,1,ROLL803706,20240118,2024-01-18,62.6,195,190,4.82
298,1,ROLL130307,20220527,2022-05-27,63.1,176,172,3.49
299,1,ROLL871345,20230917,2023-09-17,59.5,159,163,9.93
300,1,ROLL798010,20230719,2023-07-19,60.2,166,162,3.55
301,1,ROLL822924,20220706,2022-07-06,62.6,172,176,7.14
302,1,ROLL518489,20230604,2023-06-04,63.0,145,141,6.83
303,1,ROLL816017,20231109,2023-11-09,63.3,172,170,8.24
304,1,ROLL569575,20220212,2022-02-12,62.7,157,158,5.98
305,1,ROLL427112,20240817,2024-08-17,62.4,170,172,5.98
306,1,ROLL197527,20220126,2022-01-26,61.1,188,193,5.86
307,1,ROLL610510,20220419,2022-04-19,62.0,157,159,8.13
308,1,ROLL531603,20221229,2022-12-29,60.4,181,182,6.83
309,1,ROLL254414,20250316,2025-03-16,62.2,141,141,7.98
310,1,ROLL486777,20241220,2024-12-20,60.4,178,182,5.62
311,1,ROLL652341,20240510,2024-05-10,61.9,144,143,8.03
312,1,ROLL835454,20250423,2025-04-23,59.4,154,149,8.11
313,1,ROLL702146,20220616,2022-06-16,62.2,171,172,9.36
314,1,ROLL996915,20240314,2024-03-14,58.1,157,159,7.76
315,1,ROLL753411,20220907,2022-09-07,61.2,151,148,3.47
316,1,ROLL157456,20240708,2024-07-08,60.1,153,149,6.72
317,1,ROLL494365,20250113,2025-01-13,58.2,171,170,6.16
318,1,ROLL355470,20230325,2023-03-25,59.3,177,173,4.77
319,1,ROLL868849,20230813,2023-08-13,62.4,161,158,4.83
320,1,ROLL413767,20230227,2023-02-27,63.2,192,189,3.02
321,1,ROLL443213,20240314,2024-03-14,61.6,158,154,3.12
322,1,ROLL882556,20230327,2023-03-27,63.2,150,148,8.48
323,1,ROLL604208,20240331,2024-03-31,61.9,193,193,9.94
324,1,ROLL663369,20250306,2025-03-06,63.5,183,184,5.9
325,1,ROLL621038,20220217,2022-02-17,60.9,146,144,3.63
326,1,ROLL313443,20240709,2024-07-09,63.5,144,147,7.72
327,1,ROLL109083,20220606,2022-06-06,58.8,172,172,4.37
328,1,ROLL538732,20241231,2024-12-31,62.6,174,170,5.44
329,1,ROLL752215,20240527,2024-05-27,63.6,189,192,5.55
330,1,ROLL275937,20241029,2024-10-29,62.2,171,174,7.22
331,1,ROLL460424,20250614,2025-06-14,63.3,191,195,3.41
332,1,ROLL705381,20250810,2025-08-10,61.1,185,190,8.56
333,1,ROLL179666,20220731,2022-07-31,63.5,175,176,5.31
334,1,ROLL946883,20221229,2022-12-29,61.1,196,192,5.64
335,1,ROLL461928,20230203,2023-02-03,62.5,151,149,6.77
336,1,ROLL995289,20220207,2022-02-07,58.6,154,153,6.73
337,1,ROLL699722,20240418,2024-04-18,58.6,197,192,8.13
338,1,ROLL305602,20220314,2022-03-14,63.8,144,143,9.06
339,1,ROLL298263,20230712,2023-07-12,59.6,185,189,9.87
340,1,ROLL281455,20250821,2025-08-21,59.9,150,146,7.82
341,1,ROLL487947,20230910,2023-09-10,61.4,187,185,9.85
342,1,ROLL988135,20240128,2024-01-28,58.3,177,173,4.21
343,1,ROLL640027,20230728,2023-07-28,59.9,170,168,5.07
344,1,ROLL191389,20230126,2023-01-26,59.8,165,161,4.38
345,1,ROLL187920,20241020,2024-10-20,60.0,181,181,5.54
346,1,ROLL990214,20230708,2023-07-08,58.3,144,144,4.56
347,1,ROLL299029,20250527,2025-05-27,58.4,159,158,3.07
348,1,ROLL562370,20250411,2025-04-11,61.2,182,178,9.26
349,1,ROLL746592,20220127,2022-01-27,64.0,187,188,5.52
350,1,ROLL675699,20230111,2023-01-11,59.8,189,189,5.24
351,1,ROLL526536,20240525,2024-05-25,62.4,185,186,4.66
352,1,ROLL939091,20230512,2023-05-12,59.8,196,195,3.84
353,1,ROLL685484,20220218,2022-02-18,62.5,151,155,7.14
354,1,ROLL248225,20240820,2024-08-20,60.4,179,183,4.87
355,1,ROLL260118,20230915,2023-09-15,58.3,159,164,3.57
356,1,ROLL748149,20220325,2022-03-25,63.5,191,187,3.16
357,1,ROLL209724,20251104,2025-11-04,63.5,187,188,9.88
358,1,ROLL499020,20240630,2024-06-30,62.1,145,140,3.41
359,1,ROLL890369,20230105,2023-01-05,63.3,194,197,7.46
360,1,ROLL267811,20250310,2025-03-10,62.0,148,144,5.83
361,1,ROLL248263,20250327,2025-03-27,60.5,172,169,4.06
362,1,ROLL187785,20250907,2025-09-07,61.8,171,171,9.5
363,1,ROLL521641,20220611,2022-06-11,59.0,190,191,8.85
364,1,ROLL696095,20230608,2023-06-08,62.7,149,144,6.7
365,1,ROLL762099,20240105,2024-01-05,59.6,176,172,8.22
366,1,ROLL111662,20221003,2022-10-03,60.1,154,151,7.63
367,1,ROLL764949,20221017,2022-10-17,61.8,199,204,5.46
368,1,ROLL235797,20241108,2024-11-08,62.6,175,180,6.19
369,1,ROLL837630,20241213,2024-12-13,59.2,149,144,3.33
370,1,ROLL776738,20231102,2023-11-02,62.0,198,197,6.91
371,1,ROLL745592,20241003,2024-10-03,61.0,148,147,8.64
372,1,ROLL683533,20250324,2025-03-24,60.8,147,144,7.27
373,1,ROLL192665,20231013,2023-10-13,59.8,151,146,5.32
374,1,ROLL636576,20240227,2024-02-27,63.3,191,196,3.16
375,1,ROLL254580,20220215,2022-02-15,63.5,200,203,5.8
376,1,ROLL945166,20240506,2024-05-06,60.3,158,161,3.2
377,1,ROLL929732,20220126,2022-01-26,63.6,151,150,3.09
378,1,ROLL921219,20230917,2023-09-17,60.2,159,161,4.84
379,1,ROLL943729,20221206,2022-12-06,60.4,178,178,3.29
380,1,ROLL707725,20250327,2025-03-27,58.1,195,191,7.44
381,1,ROLL864073,20220603,2022-06-03,61.5,161,162,5.74
382,1,ROLL821221,20220826,2022-08-26,59.6,142,138,9.3
383,1,ROLL445221,20220501,2022-05-01,61.8,162,163,8.64
384,1,ROLL331271,20221106,2022-11-06,61.1,171,174,6.56
385,1,ROLL635246,20241206,2024-12-06,60.7,196,197,5.43
386,1,ROLL831126,20220920,2022-09-20,63.9,179,183,8.81
387,1,ROLL177666,20220204,2022-02-04,59.2,182,177,5.92
388,1,ROLL234193,20220804,2022-08-04,63.3,148,152,3.16
389,1,ROLL192467,20240820,2024-08-20,64.0,191,189,6.89
390,1,ROLL109564,20221002,2022-10-02,63.5,170,174,4.94
391,1,ROLL889825,20250516,2025-05-16,60.7,196,192,8.28
392,1,ROLL745292,20241022,2024-10-22,58.1,172,167,4.45
393,1,ROLL227143,20220817,2022-08-17,62.6,186,185,9.0
394,1,ROLL646366,20250328,2025-03-28,61.5,188,188,8.11
395,1,ROLL687327,20240307,2024-03-07,59.0,185,189,5.03
396,1,ROLL176984,20230117,2023-01-17,61.5,188,184,4.82
397,1,ROLL948171,20220209,2022-02-09,61.4,143,143,4.63
398,1,ROLL561897,20230224,2023-02-24,58.8,155,159,5.51
399,1,ROLL197492,20250927,2025-09-27,63.7,166,168,4.51
400,1,ROLL159030,20250819,2025-08-19,62.9,161,159,3.88
401,1,ROLL865621,20220727,2022-07-27,60.4,140,143,4.79
402,1,ROLL635332,20240301,2024-03-01,62.6,165,170,6.7
403,1,ROLL907637,20230215,2023-02-15,60.5,191,191,5.66
404,1,ROLL792929,20250521,2025-05-21,58.9,197,194,5.57
405,1,ROLL795764,20250901,2025-09-01,63.6,174,179,4.3
406,1,ROLL266566,20251118,2025-11-18,61.2,150,153,9.31
407,1,ROLL897060,20240917,2024-09-17,62.6,173,171,4.08
408,1,ROLL491660,20230420,2023-04-20,59.3,167,170,6.6
409,1,ROLL547840,20250323,2025-03-23,61.2,159,164,9.59
410,1,ROLL542924,20231211,2023-12-11,60.9,166,171,6.47
411,1,ROLL119369,20230928,2023-09-28,61.7,165,164,5.27
412,1,ROLL678461,20240124,2024-01-24,59.3,157,156,7.02
413,1,ROLL971315,20240603,2024-06-03,61.4,161,158,3.56
414,1,ROLL474775,20250309,2025-03-09,61.8,145,147,5.26
415,1,ROLL461352,20250101,2025-01-01,62.1,185,185,7.2
416,1,ROLL266346,20220330,2022-03-30,63.5,184,188,6.42
417,1,ROLL663556,20230310,2023-03-10,62.3,157,153,9.77
418,1,ROLL167496,20250212,2025-02-12,62.2,158,161,5.7
419,1,ROLL264091,20220511,2022-05-11,60.6,160,156,8.87
420,1,ROLL783581,20250929,2025-09-29,58.7,179,183,6.45
421,1,ROLL369664,20241006,2024-10-06,60.0,157,161,5.84
422,1,ROLL925366,20230228,2023-02-28,59.9,189,189,8.45
423,1,ROLL557001,20220528,2022-05-28,59.9,147,151,5.82
424,1,ROLL655103,20221130,2022-11-30,61.6,155,150,9.39
425,1,ROLL152240,20220624,2022-06-24,61.4,153,153,8.15
426,1,ROLL957920,20250322,2025-03-22,59.1,193,189,5.77
427,1,ROLL300981,20230127,2023-01-27,63.0,145,145,7.03
428,1,ROLL783889,20231023,2023-10-23,61.8,151,150,4.01
429,1,ROLL649795,20220120,2022-01-20,59.7,174,172,5.14
430,1,ROLL795015,20240810,2024-08-10,61.6,170,171,5.87
431,1,ROLL151191,20220202,2022-02-02,61.4,173,172,6.05
432,1,ROLL827877,20250101,2025-01-01,58.3,145,150,9.12
433,1,ROLL135217,20220127,2022-01-27,59.6,190,188,4.38
434,1,ROLL414585,20240111,2024-01-11,61.3,144,144,9.09
435,1,ROLL559940,20241030,2024-10-30,62.5,163,166,5.79
436,1,ROLL883150,20240228,2024-02-28,60.9,199,199,5.28
437,1,ROLL385805,20220103,2022-01-03,60.5,141,141,4.72
438,1,ROLL261733,20230906,2023-09-06,63.4,142,146,9.23
439,1,ROLL608093,20230701,2023-07-01,63.1,199,200,7.43
440,1,ROLL244479,20251105,2025-11-05,61.0,143,148,5.33
441,1,ROLL316227,20231113,2023-11-13,60.4,184,183,7.37
442,1,ROLL166025,20220129,2022-01-29,58.6,184,181,7.97
443,1,ROLL960893,20240211,2024-02-11,63.9,166,168,8.17
444,1,ROLL815968,20230611,2023-06-11,58.9,172,172,8.17
445,1,ROLL279005,20240404,2024-04-04,63.9,196,196,9.79
446,1,ROLL857758,20230221,2023-02-21,63.3,190,195,8.87
447,1,ROLL328073,20241114,2024-11-14,61.3,195,190,7.72
448,1,ROLL576041,20230223,2023-02-23,60.0,160,163,3.97
449,1,ROLL266424,20230712,2023-07-12,60.3,166,165,4.52
450,1,ROLL736842,20250712,2025-07-12,60.2,170,175,6.58
451,1,ROLL402589,20230306,2023-03-06,62.5,140,142,6.93
452,1,ROLL914493,20251021,2025-10-21,63.0,193,195,8.81
453,1,ROLL186178,20240417,2024-04-17,62.0,197,201,7.88
454,1,ROLL204915,20240306,2024-03-06,61.6,144,146,6.38
455,1,ROLL488314,20230408,2023-04-08,58.4,176,181,7.82
456,1,ROLL413456,20230207,2023-02-07,58.6,159,163,8.47
457,1,ROLL455523,20221019,2022-10-19,59.2,146,147,9.42
458,1,ROLL750025,20220113,2022-01-13,61.2,173,178,8.32
459,1,ROLL642480,20240110,2024-01-10,62.7,161,166,6.99
460,1,ROLL385331,20221130,2022-11-30,60.6,167,167,5.65
461,1,ROLL434746,20250413,2025-04-13,61.5,142,144,3.13
462,1,ROLL441986,20250618,2025-06-18,59.8,179,178,7.54
463,1,ROLL842772,20230531,2023-05-31,59.3,193,192,4.56
464,1,ROLL903036,20250312,2025-03-12,60.6,170,175,6.45
465,1,ROLL452621,20220828,2022-08-28,63.2,191,195,4.22
466,1,ROLL247706,20250810,2025-08-10,62.4,193,197,4.86
467,1,ROLL742243,20220122,2022-01-22,63.2,143,145,5.83
468,1,ROLL827642,20250421,2025-04-21,59.4,195,191,5.42
469,1,ROLL477426,20231219,2023-12-19,61.6,169,165,9.96
470,1,ROLL796244,20230830,2023-08-30,58.3,147,147,7.5
471,1,ROLL584802,20230323,2023-03-23,60.7,154,153,7.3
472,1,ROLL375597,20241107,2024-11-07,59.4,144,149,4.84
473,1,ROLL662623,20230621,2023-06-21,60.9,151,151,9.6
474,1,ROLL591046,20250301,2025-03-01,63.8,161,162,4.78
475,1,ROLL334095,20240212,2024-02-12,60.1,181,186,6.41
476,1,ROLL199856,20220217,2022-02-17,60.4,161,166,5.62
477,1,ROLL324391,20240222,2024-02-22,61.7,160,157,4.66
478,1,ROLL251589,20230523,2023-05-23,61.2,163,163,6.87
479,1,ROLL974501,20250901,2025-09-01,62.7,187,191,8.5
480,1,ROLL977317,20220205,2022-02-05,60.1,187,191,5.11
481,1,ROLL611494,20241216,2024-12-16,60.2,172,168,7.58
482,1,ROLL522001,20230723,2023-07-23,58.3,190,193,8.41
483,1,ROLL375242,20250409,2025-04-09,61.8,147,145,5.87
484,1,ROLL349913,20221225,2022-12-25,59.3,187,192,8.51
485,1,ROLL769079,20250109,2025-01-09,59.8,140,139,3.13
486,1,ROLL206705,20251006,2025-10-06,59.5,191,195,9.98
487,1,ROLL566184,20230603,2023-06-03,61.8,146,145,8.11
488,1,ROLL616633,20240531,2024-05-31,62.0,171,169,9.82
489,1,ROLL230532,20230910,2023-09-10,61.3,185,185,7.0
490,1,ROLL143767,20240414,2024-04-14,61.1,153,155,9.57
491,1,ROLL490975,20221024,2022-10-24,62.3,165,160,3.86
492,1,ROLL126632,20220301,2022-03-01,59.1,192,193,3.71
493,1,ROLL181613,20241226,2024-12-26,60.8,179,184,3.22
494,1,ROLL987497,20220313,2022-03-13,58.2,146,148,8.25
495,1,ROLL501832,20241026,2024-10-26,60.8,190,195,4.89
496,1,ROLL135068,20220613,2022-06-13,60.9,167,171,4.25
497,1,ROLL654698,20240426,2024-04-26,59.9,183,179,5.79
498,1,ROLL837815,20231028,2023-10-28,58.9,187,187,7.05
499,1,ROLL918511,20230712,2023-07-12,59.4,175,179,5.97
500,1,ROLL521322,20231120,2023-11-20,62.1,162,160,8.53
501,2,ROLL610454,20250801,2025-08-01,64.0,163,168,8.57
502,2,ROLL837391,20221013,2022-10-13,61.2,166,161,6.42
503,2,ROLL576530,20221113,2022-11-13,58.8,174,177,4.5
504,2,ROLL916935,20220309,2022-03-09,58.5,153,151,8.61
505,2,ROLL960118,20220209,2022-02-09,58.6,152,156,3.05
506,2,ROLL385322,20220218,2022-02-18,59.1,178,180,9.38
507,2,ROLL424940,20230310,2023-03-10,59.0,180,179,9.83
508,2,ROLL337723,20240711,2024-07-11,60.6,194,199,9.46
509,2,ROLL428884,20250709,2025-07-09,60.9,189,193,5.9
510,2,ROLL905962,20240127,2024-01-27,62.9,144,143,6.64
511,2,ROLL123432,20231113,2023-11-13,59.2,189,194,3.08
512,2,ROLL154053,20231218,2023-12-18,63.5,183,181,8.63
513,2,ROLL911785,20230215,2023-02-15,61.8,193,193,6.93
514,2,ROLL260817,20241225,2024-12-25,60.3,141,144,4.22
515,2,ROLL991080,20250709,2025-07-09,60.1,200,205,5.91
516,2,ROLL864893,20250630,2025-06-30,60.8,177,176,7.95
517,2,ROLL938776,20230716,2023-07-16,58.4,196,199,9.05
518,2,ROLL648499,20221125,2022-11-25,60.3,200,204,3.73
519,2,ROLL949606,20220104,2022-01-04,58.8,148,146,8.58
520,2,ROLL274322,20250515,2025-05-15,58.5,180,185,4.16
521,2,ROLL266793,20220330,2022-03-30,62.8,145,141,7.1
522,2,ROLL928079,20250428,2025-04-28,61.9,176,173,8.9
523,2,ROLL949359,20220416,2022-04-16,61.7,159,160,9.84
524,2,ROLL895637,20221209,2022-12-09,59.9,156,161,7.4
525,2,ROLL495881,20220126,2022-01-26,63.5,184,182,4.27
526,2,ROLL819785,20240218,2024-02-18,62.9,157,156,9.47
527,2,ROLL214688,20231219,2023-12-19,61.1,191,194,7.66
528,2,ROLL901651,20221004,2022-10-04,63.4,161,157,4.5
529,2,ROLL572011,20221124,2022-11-24,59.1,141,146,5.37
530,2,ROLL160753,20230519,2023-05-19,59.2,192,197,7.5
531,2,ROLL205137,20220820,2022-08-20,62.1,153,155,8.86
532,2,ROLL857362,20230810,2023-08-10,60.6,159,155,6.76
533,2,ROLL393033,20241220,2024-12-20,63.2,200,196,4.82
534,2,ROLL803343,20231216,2023-12-16,58.8,141,137,4.83
535,2,ROLL647595,20240423,2024-04-23,59.5,155,155,4.87
536,2,ROLL162563,20240506,2024-05-06,63.4,147,144,6.1
537,2,ROLL668016,20231206,2023-12-06,59.2,164,159,4.37
538,2,ROLL632842,20250722,2025-07-22,60.9,189,190,9.44
539,2,ROLL591481,20221128,2022-11-28,63.4,142,146,3.07
540,2,ROLL542276,20250303,2025-03-03,62.0,170,171,3.76
541,2,ROLL669862,20240629,2024-06-29,59.4,169,170,4.01
542,2,ROLL733025,20250821,2025-08-21,60.2,170,171,7.58
543,2,ROLL822513,20250908,2025-09-08,63.0,180,181,4.3
544,2,ROLL198366,20220521,2022-05-21,61.0,142,141,6.82
545,2,ROLL986629,20240101,2024-01-01,61.1,175,170,7.6
546,2,ROLL207980,20220521,2022-05-21,61.0,192,196,4.56
547,2,ROLL337175,20250130,2025-01-30,63.3,182,179,5.71
548,2,ROLL411818,20220916,2022-09-16,61.9,190,191,4.8
549,2,ROLL550258,20230322,2023-03-22,60.8,146,150,7.29
550,2,ROLL520770,20250601,2025-06-01,58.2,185,190,8.27
551,2,ROLL738819,20251121,2025-11-21,62.1,164,163,8.57
552,2,ROLL696773,20231027,2023-10-27,58.2,176,178,7.52
553,2,ROLL340614,20250710,2025-07-10,59.8,161,166,9.99
554,2,ROLL839421,20231028,2023-10-28,63.8,168,173,3.37
555,2,ROLL679140,20220417,2022-04-17,58.4,195,195,6.91
556,2,ROLL204690,20230530,2023-05-30,59.1,174,171,7.06
557,2,ROLL587112,20250111,2025-01-11,63.7,169,168,4.23
558,2,ROLL448246,20230621,2023-06-21,63.5,144,148,4.74
559,2,ROLL517305,20230215,2023-02-15,62.4,189,189,9.67
560,2,ROLL521033,20230830,2023-08-30,62.8,148,145,3.79
561,2,ROLL699142,20220829,2022-08-29,62.4,188,183,6.85
562,2,ROLL634819,20231222,2023-12-22,60.7,190,189,6.6
563,2,ROLL248441,20231210,2023-12-10,63.2,199,203,4.62
564,2,ROLL910237,20221120,2022-11-20,64.0,174,172,8.29
565,2,ROLL967755,20240814,2024-08-14,59.8,183,187,7.47
566,2,ROLL104468,20220614,2022-06-14,60.4,168,166,9.2
567,2,ROLL442120,20240729,2024-07-29,63.1,170,169,5.37
568,2,ROLL366045,20241125,2024-11-25,60.3,153,153,3.85
569,2,ROLL270838,20251114,2025-11-14,62.4,159,154,9.35
570,2,ROLL902325,20231206,2023-12-06,58.5,198,201,4.71
571,2,ROLL190996,20250122,2025-01-22,61.4,163,166,9.66
572,2,ROLL711221,20251012,2025-10-12,62.2,176,180,3.08
573,2,ROLL331260,20220409,2022-04-09,60.0,188,192,6.18
574,2,ROLL616719,20250102,2025-01-02,63.6,145,147,7.89
575,2,ROLL301584,20240518,2024-05-18,58.2,166,169,6.16
576,2,ROLL159751,20240324,2024-03-24,63.4,159,155,3.91
577,2,ROLL832584,20240529,2024-05-29,60.3,161,157,9.74
578,2,ROLL365677,20250522,2025-05-22,61.2,154,159,7.42
579,2,ROLL719285,20240828,2024-08-28,59.9,155,157,5.7
580,2,ROLL371442,20240426,2024-04-26,58.7,175,177,8.35
581,2,ROLL523322,20250825,2025-08-25,60.7,195,200,6.05
582,2,ROLL163586,20251004,2025-10-04,58.1,157,155,5.17
583,2,ROLL787923,20230814,2023-08-14,63.1,199,203,8.59
584,2,ROLL577150,20240802,2024-08-02,62.1,182,180,8.9
585,2,ROLL770095,20220508,2022-05-08,62.6,188,186,3.31
586,2,ROLL336766,20230424,2023-04-24,59.1,177,178,8.24
587,2,ROLL857661,20250116,2025-01-16,62.4,161,163,9.27
588,2,ROLL376852,20250122,2025-01-22,64.0,161,157,8.46
589,2,ROLL416874,20220419,2022-04-19,61.3,197,200,9.01
590,2,ROLL715145,20250517,2025-05-17,59.8,195,197,8.08
591,2,ROLL327768,20241130,2024-11-30,63.1,174,170,9.94
592,2,ROLL505816,20231215,2023-12-15,58.1,161,160,4.14
593,2,ROLL153964,20230325,2023-03-25,60.7,189,193,9.24
594,2,ROLL477360,20220519,2022-05-19,62.9,185,184,8.62
595,2,ROLL533645,20250129,2025-01-29,63.0,146,142,3.36
596,2,ROLL704116,20221016,2022-10-16,60.8,159,161,5.53
597,2,ROLL806332,20230322,2023-03-22,62.5,166,166,6.23
598,2,ROLL636594,20250421,2025-04-21,61.4,169,166,4.16
599,2,ROLL816306,20250805,2025-08-05,61.5,158,161,5.36
600,2,ROLL813346,20230213,2023-02-13,58.1,153,157,3.07
601,2,ROLL632121,20240831,2024-08-31,59.5,183,184,6.7
602,2,ROLL465821,20250812,2025-08-12,62.4,140,141,5.65
603,2,ROLL718799,20221226,2022-12-26,62.4,151,156,8.02
604,2,ROLL527529,20250218,2025-02-18,58.4,173,170,9.52
605,2,ROLL919763,20231231,2023-12-31,61.3,142,146,8.37
606,2,ROLL564371,20240814,2024-08-14,63.3,196,198,6.07
607,2,ROLL492781,20241107,2024-11-07,60.8,188,193,4.44
608,2,ROLL692446,20240429,2024-04-29,63.4,166,163,5.63
609,2,ROLL621144,20250328,2025-03-28,60.8,151,153,3.49
610,2,ROLL923472,20241113,2024-11-13,58.5,200,202,8.32
611,2,ROLL474960,20240210,2024-02-10,58.7,175,179,5.94
612,2,ROLL296536,20220417,2022-04-17,62.0,142,143,6.78
613,2,ROLL784885,20241105,2024-11-05,63.5,158,156,4.15
614,2,ROLL301947,20241219,2024-12-19,62.1,189,187,3.36
615,2,ROLL250048,20231003,2023-10-03,59.3,177,175,4.77
616,2,ROLL497499,20240611,2024-06-11,58.1,165,160,8.84
617,2,ROLL496200,20250120,2025-01-20,61.4,156,154,7.76
618,2,ROLL102418,20251016,2025-10-16,60.4,162,167,3.91
619,2,ROLL457589,20221204,2022-12-04,60.6,196,197,5.26
620,2,ROLL247403,20221221,2022-12-21,61.6,145,142,6.54
621,2,ROLL354216,20230913,2023-09-13,60.9,193,188,3.23
622,2,ROLL501122,20220127,2022-01-27,63.2,156,155,6.72
623,2,ROLL968250,20251121,2025-11-21,61.3,158,161,6.35
624,2,ROLL457189,20240708,2024-07-08,59.5,147,151,7.42
625,2,ROLL901813,20230418,2023-04-18,62.8,190,185,4.79
626,2,ROLL479699,20230109,2023-01-09,60.1,159,156,6.71
627,2,ROLL106775,20220101,2022-01-01,59.9,168,169,8.32
628,2,ROLL417386,20240324,2024-03-24,63.8,163,163,8.61
629,2,ROLL602971,20230829,2023-08-29,61.3,200,201,6.85
630,2,ROLL768510,20250517,2025-05-17,63.8,174,175,3.19
631,2,ROLL289190,20231023,2023-10-23,58.3,186,190,9.66
632,2,ROLL276982,20251006,2025-10-06,58.7,196,192,9.42
633,2,ROLL135843,20220130,2022-01-30,63.4,145,149,9.78
634,2,ROLL441865,20220222,2022-02-22,61.4,166,164,9.66
635,2,ROLL913365,20240702,2024-07-02,61.5,148,151,8.68
636,2,ROLL693347,20240730,2024-07-30,61.1,170,167,9.44
637,2,ROLL644624,20251023,2025-10-23,61.0,192,188,4.76
638,2,ROLL265156,20240413,2024-04-13,62.8,176,176,8.58
639,2,ROLL282117,20230801,2023-08-01,61.5,147,149,9.41
640,2,ROLL705487,20251017,2025-10-17,60.4,159,155,5.99
641,2,ROLL345843,20221203,2022-12-03,59.2,151,154,6.9
642,2,ROLL106951,20220228,2022-02-28,60.8,141,141,3.55
643,2,ROLL143334,20241120,2024-11-20,59.1,171,170,5.37
644,2,ROLL183139,20220419,2022-04-19,58.9,141,138,7.77
645,2,ROLL866113,20240805,2024-08-05,62.2,188,183,3.58
646,2,ROLL612856,20220208,2022-02-08,60.2,163,162,3.47
647,2,ROLL388805,20250511,2025-05-11,61.2,179,176,7.61
648,2,ROLL829993,20250801,2025-08-01,58.4,195,194,5.84
649,2,ROLL238001,20241126,2024-11-26,63.2,160,165,8.18
650,2,ROLL917804,20230429,2023-04-29,58.6,150,151,7.77
651,2,ROLL698896,20220517,2022-05-17,60.7,157,154,8.78
652,2,ROLL340975,20220906,2022-09-06,63.2,165,160,6.37
653,2,ROLL904260,20230328,2023-03-28,60.0,187,190,9.52
654,2,ROLL944113,20250627,2025-06-27,59.1,140,144,9.77
655,2,ROLL632350,20221030,2022-10-30,63.7,149,147,7.82
656,2,ROLL326667,20221018,2022-10-18,60.4,185,190,3.07
657,2,ROLL151353,20231121,2023-11-21,62.8,195,194,5.35
658,2,ROLL723293,20220830,2022-08-30,58.9,148,149,6.4
659,2,ROLL380904,20250527,2025-05-27,62.4,174,174,6.5
660,2,ROLL204567,20230224,2023-02-24,61.7,169,164,3.67
661,2,ROLL146435,20250913,2025-09-13,62.3,176,177,6.47
662,2,ROLL988168,20220508,2022-05-08,63.9,182,179,3.19
663,2,ROLL235399,20220611,2022-06-11,60.1,176,173,3.32
664,2,ROLL989596,20221105,2022-11-05,61.4,175,175,3.88
665,2,ROLL337863,20240814,2024-08-14,62.2,176,178,8.89
666,2,ROLL971723,20231013,2023-10-13,59.6,181,179,8.28
667,2,ROLL713931,20251024,2025-10-24,60.0,150,154,9.37
668,2,ROLL460365,20230221,2023-02-21,61.2,200,205,9.36
669,2,ROLL438390,20240307,2024-03-07,62.9,144,145,8.9
670,2,ROLL941033,20230122,2023-01-22,61.6,168,164,4.98
671,2,ROLL272882,20240904,2024-09-04,63.8,197,199,5.34
672,2,ROLL581810,20230616,2023-06-16,59.8,194,190,9.96
673,2,ROLL424820,20240517,2024-05-17,63.5,159,162,8.67
674,2,ROLL966884,20240924,2024-09-24,59.4,166,163,5.7
675,2,ROLL462625,20241205,2024-12-05,61.6,173,176,4.66
676,2,ROLL173494,20241103,2024-11-03,59.1,181,185,9.67
677,2,ROLL930184,20220103,2022-01-03,63.5,186,188,4.65
678,2,ROLL777132,20250622,2025-06-22,60.6,190,192,6.36
679,2,ROLL888000,20250214,2025-02-14,59.5,152,157,5.14
680,2,ROLL760251,20221107,2022-11-07,63.3,195,194,7.36
681,2,ROLL584903,20231113,2023-11-13,61.1,150,154,9.82
682,2,ROLL494675,20231202,2023-12-02,60.2,147,147,9.33
683,2,ROLL889245,20220804,2022-08-04,62.3,159,157,9.26
684,2,ROLL809203,20230428,2023-04-28,61.9,193,190,7.29
685,2,ROLL699108,20240809,2024-08-09,58.3,191,189,4.89
686,2,ROLL659877,20231018,2023-10-18,61.9,181,180,3.88
687,2,ROLL593774,20241029,2024-10-29,61.5,166,161,7.39
688,2,ROLL856018,20220807,2022-08-07,58.3,158,153,7.21
689,2,ROLL539301,20220822,2022-08-22,62.2,170,168,6.35
690,2,ROLL233635,20230109,2023-01-09,59.7,150,151,5.67
691,2,ROLL917056,20221120,2022-11-20,63.8,193,190,3.88
692,2,ROLL374411,20220831,2022-08-31,61.6,199,194,4.55
693,2,ROLL919871,20240508,2024-05-08,61.6,143,147,8.32
694,2,ROLL852701,20220818,2022-08-18,63.7,199,204,9.82
695,2,ROLL205125,20240229,2024-02-29,62.1,149,151,4.69
696,2,ROLL845269,20231119,2023-11-19,58.7,169,166,8.74
697,2,ROLL515238,20250629,2025-06-29,59.9,144,143,6.44
698,2,ROLL444204,20240610,2024-06-10,60.5,190,185,9.15
699,2,ROLL764938,20250618,2025-06-18,58.4,157,154,9.43
700,2,ROLL935909,20250617,2025-06-17,59.3,161,165,6.69
701,2,ROLL872760,20240609,2024-06-09,59.6,191,190,4.15
702,2,ROLL703149,20230121,2023-01-21,61.2,155,160,8.33
703,2,ROLL746401,20230815,2023-08-15,60.5,166,168,8.51
704,2,ROLL935977,20240109,2024-01-09,63.6,162,160,9.04
705,2,ROLL120844,20240106,2024-01-06,62.7,150,151,8.38
706,2,ROLL271469,20221122,2022-11-22,62.5,169,167,5.82
707,2,ROLL111112,20240404,2024-04-04,58.3,152,149,7.24
708,2,ROLL116671,20231123,2023-11-23,61.4,185,190,3.39
709,2,ROLL415216,20241021,2024-10-21,63.1,166,162,9.05
710,2,ROLL776248,20221121,2022-11-21,59.9,149,151,6.52
711,2,ROLL361535,20220213,2022-02-13,63.1,185,185,5.23
712,2,ROLL790653,20250519,2025-05-19,63.6,185,184,4.23
713,2,ROLL360659,20251014,2025-10-14,58.7,179,181,7.19
714,2,ROLL859293,20240131,2024-01-31,62.2,143,144,6.1
715,2,ROLL481351,20220311,2022-03-11,62.9,157,161,4.57
716,2,ROLL305995,20240729,2024-07-29,59.8,154,159,7.02
717,2,ROLL716019,20220220,2022-02-20,58.1,160,158,8.18
718,2,ROLL804505,20250413,2025-04-13,61.5,151,151,4.22
719,2,ROLL591582,20230123,2023-01-23,61.3,154,154,6.2
720,2,ROLL360172,20220831,2022-08-31,63.0,192,195,3.69
721,2,ROLL332065,20241024,2024-10-24,59.5,199,201,4.63
722,2,ROLL456921,20250607,2025-06-07,59.5,197,202,4.46
723,2,ROLL289570,20241219,2024-12-19,63.9,167,166,3.71
724,2,ROLL287394,20250531,2025-05-31,58.9,188,190,9.53
725,2,ROLL122689,20250131,2025-01-31,61.8,174,174,4.34
726,2,ROLL958712,20221027,2022-10-27,60.8,143,141,4.61
727,2,ROLL146999,20250102,2025-01-02,59.9,144,145,3.34
728,2,ROLL360611,20240829,2024-08-29,62.9,160,156,8.73
729,2,ROLL611153,20230603,2023-06-03,62.3,163,163,5.27
730,2,ROLL622879,20230408,2023-04-08,58.3,177,176,7.44
731,2,ROLL832183,20250603,2025-06-03,58.3,149,146,9.27
732,2,ROLL957546,20250810,2025-08-10,62.1,159,159,5.75
733,2,ROLL174665,20231115,2023-11-15,58.5,179,176,5.6
734,2,ROLL490344,20240607,2024-06-07,63.1,148,148,4.63
735,2,ROLL939683,20220811,2022-08-11,62.9,200,202,8.39
736,2,ROLL179028,20240208,2024-02-08,61.5,194,192,8.76
737,2,ROLL868354,20221217,2022-12-17,63.8,162,157,5.45
738,2,ROLL879010,20220128,2022-01-28,59.3,184,183,7.28
739,2,ROLL366263,20250813,2025-08-13,63.6,144,148,7.99
740,2,ROLL593298,20231216,2023-12-16,58.7,184,186,9.01
741,2,ROLL429314,20250822,2025-08-22,60.1,200,196,9.26
742,2,ROLL511389,20241230,2024-12-30,60.6,154,151,9.71
743,2,ROLL762494,20230218,2023-02-18,61.9,157,158,4.72
744,2,ROLL980694,20240503,2024-05-03,62.7,147,148,3.94
745,2,ROLL993464,20230528,2023-05-28,58.4,182,185,7.6
746,2,ROLL850905,20250311,2025-03-11,60.6,160,157,3.06
747,2,ROLL916949,20240225,2024-02-25,58.0,167,163,5.19
748,2,ROLL403208,20231111,2023-11-11,58.9,160,164,6.94
749,2,ROLL504134,20230306,2023-03-06,61.0,162,167,7.56
750,2,ROLL724580,20241022,2024-10-22,60.7,196,192,5.14
751,2,ROLL819153,20230503,2023-05-03,59.3,167,162,9.39
752,2,ROLL629726,20230420,2023-04-20,58.3,188,192,3.27
753,2,ROLL146275,20230417,2023-04-17,58.5,158,159,8.13
754,2,ROLL990848,20240513,2024-05-13,58.3,153,157,4.04
755,2,ROLL971427,20220818,2022-08-18,61.1,172,175,3.69
756,2,ROLL722745,20230713,2023-07-13,59.2,157,158,7.6
757,2,ROLL504617,20250825,2025-08-25,63.6,175,178,3.8
758,2,ROLL632945,20240224,2024-02-24,60.8,174,174,3.62
759,2,ROLL957001,20240227,2024-02-27,62.1,199,200,9.52
760,2,ROLL147968,20230526,2023-05-26,64.0,180,175,7.63
761,2,ROLL500356,20240518,2024-05-18,60.0,165,168,6.75
762,2,ROLL268099,20230808,2023-08-08,60.3,151,154,3.24
763,2,ROLL602443,20240409,2024-04-09,63.7,185,187,4.1
764,2,ROLL101863,20221214,2022-12-14,62.3,175,171,7.71
765,2,ROLL404488,20230826,2023-08-26,60.7,180,178,6.21
766,2,ROLL468789,20240629,2024-06-29,60.5,141,143,6.61
767,2,ROLL862473,20230131,2023-01-31,62.3,189,184,9.72
768,2,ROLL332726,20220712,2022-07-12,58.3,165,169,6.1
769,2,ROLL645709,20241229,2024-12-29,62.6,177,182,9.92
770,2,ROLL489261,20230603,2023-06-03,58.6,156,156,9.84
771,2,ROLL737077,20240501,2024-05-01,61.3,166,168,9.24
772,2,ROLL372852,20250708,2025-07-08,60.3,156,160,3.25
773,2,ROLL555901,20240604,2024-06-04,60.3,172,173,6.15
774,2,ROLL171699,20241209,2024-12-09,63.2,161,163,9.25
775,2,ROLL188081,20250608,2025-06-08,60.5,162,163,3.32
776,2,ROLL801324,20221013,2022-10-13,61.6,163,164,4.45
777,2,ROLL418421,20240730,2024-07-30,59.5,188,184,6.53
778,2,ROLL756216,20220125,2022-01-25,61.9,153,157,9.52
779,2,ROLL117047,20250711,2025-07-11,62.3,148,148,6.7
780,2,ROLL462913,20240212,2024-02-12,60.6,188,186,4.68
781,2,ROLL592542,20220316,2022-03-16,62.2,170,168,3.13
782,2,ROLL309781,20220215,2022-02-15,58.6,171,174,6.37
783,2,ROLL720654,20230219,2023-02-19,62.7,193,194,3.75
784,2,ROLL396926,20250518,2025-05-18,61.3,183,180,3.09
785,2,ROLL208523,20221201,2022-12-01,58.9,182,177,3.97
786,2,ROLL493162,20241211,2024-12-11,63.7,158,158,5.25
787,2,ROLL790156,20250801,2025-08-01,58.3,161,160,7.13
788,2,ROLL132873,20240221,2024-02-21,61.0,187,182,7.66
789,2,ROLL714621,20230212,2023-02-12,63.5,193,191,6.98
790,2,ROLL620067,20240428,2024-04-28,60.4,169,167,6.64
791,2,ROLL601544,20240617,2024-06-17,58.8,164,160,5.74
792,2,ROLL113830,20250720,2025-07-20,59.2,190,189,4.74
793,2,ROLL330434,20240426,2024-04-26,62.6,143,138,3.21
794,2,ROLL183328,20230327,2023-03-27,59.7,160,157,7.31
795,2,ROLL748503,20250801,2025-08-01,63.6,141,143,7.84
796,2,ROLL848546,20221105,2022-11-05,59.7,168,172,6.96
797,2,ROLL775092,20240821,2024-08-21,60.5,157,158,8.28
798,2,ROLL260016,20250206,2025-02-06,61.1,171,169,5.51
799,2,ROLL647219,20221122,2022-11-22,61.6,164,161,4.02
800,2,ROLL262742,20240517,2024-05-17,60.7,160,165,5.83
801,2,ROLL104380,20241030,2024-10-30,59.0,155,150,3.91
802,2,ROLL400909,20220621,2022-06-21,58.2,164,166,6.16
803,2,ROLL989199,20241217,2024-12-17,63.9,146,143,5.52
804,2,ROLL791321,20250916,2025-09-16,60.2,176,171,8.78
805,2,ROLL207257,20220224,2022-02-24,63.5,194,199,4.16
806,2,ROLL631461,20231226,2023-12-26,63.3,140,140,3.49
807,2,ROLL522101,20230214,2023-02-14,60.6,185,188,8.61
808,2,ROLL991080,20220306,2022-03-06,59.1,177,174,6.41
809,2,ROLL680203,20240224,2024-02-24,59.8,157,159,7.44
810,2,ROLL135279,20250910,2025-09-10,61.5,164,162,5.91
811,2,ROLL442239,20220210,2022-02-10,58.8,165,169,5.26
812,2,ROLL678452,20230331,2023-03-31,62.9,194,193,5.12
813,2,ROLL262836,20240803,2024-08-03,58.1,150,149,7.86
814,2,ROLL256421,20250403,2025-04-03,59.5,174,175,4.34
815,2,ROLL173921,20230925,2023-09-25,59.5,169,167,6.23
816,2,ROLL414786,20230506,2023-05-06,60.2,154,150,8.86
817,2,ROLL215214,20221112,2022-11-12,63.5,142,139,5.66
818,2,ROLL499138,20251029,2025-10-29,61.8,191,187,9.44
819,2,ROLL926263,20221207,2022-12-07,58.7,188,186,7.69
820,2,ROLL528620,20241017,2024-10-17,58.0,145,140,4.85
821,2,ROLL920522,20240313,2024-03-13,62.7,195,198,6.98
822,2,ROLL880515,20221209,2022-12-09,58.7,146,150,8.63
823,2,ROLL745543,20241213,2024-12-13,58.8,160,161,9.69
824,2,ROLL809405,20250308,2025-03-08,61.6,196,195,8.08
825,2,ROLL529084,20231117,2023-11-17,61.4,182,180,5.03
826,2,ROLL147465,20220301,2022-03-01,59.3,145,144,3.65
827,2,ROLL892323,20240303,2024-03-03,58.4,146,142,9.61
828,2,ROLL996422,20240127,2024-01-27,61.4,146,145,3.07
829,2,ROLL458409,20231117,2023-11-17,63.5,184,182,4.1
830,2,ROLL767084,20220924,2022-09-24,58.7,195,199,7.68
831,2,ROLL424762,20230127,2023-01-27,59.9,142,145,5.53
832,2,ROLL101429,20230322,2023-03-22,61.4,157,152,8.65
833,2,ROLL505161,20240406,2024-04-06,60.7,158,163,8.72
834,2,ROLL581056,20240822,2024-08-22,61.2,144,139,4.39
835,2,ROLL375435,20220725,2022-07-25,62.9,162,163,4.9
836,2,ROLL596816,20241015,2024-10-15,58.8,188,185,6.2
837,2,ROLL793520,20220418,2022-04-18,63.9,178,177,8.53
838,2,ROLL577095,20230923,2023-09-23,62.4,141,139,4.5
839,2,ROLL571579,20220512,2022-05-12,59.6,179,184,7.06
840,2,ROLL650777,20221010,2022-10-10,60.7,178,176,4.73
841,2,ROLL211718,20240824,2024-08-24,62.2,165,169,5.02
842,2,ROLL294848,20221113,2022-11-13,62.9,165,164,3.5
843,2,ROLL973941,20240808,2024-08-08,60.3,154,151,5.99
844,2,ROLL948365,20240709,2024-07-09,60.7,154,150,7.92
845,2,ROLL683554,20241112,2024-11-12,58.3,171,172,4.69
846,2,ROLL818741,20220322,2022-03-22,63.0,145,140,9.98
847,2,ROLL731830,20250501,2025-05-01,60.4,161,160,5.85
848,2,ROLL199217,20240730,2024-07-30,59.0,154,155,3.26
849,2,ROLL402640,20240613,2024-06-13,58.1,157,159,5.03
850,2,ROLL646364,20220628,2022-06-28,60.4,178,177,9.14
851,2,ROLL496960,20230219,2023-02-19,62.6,180,184,8.71
852,2,ROLL719647,20221014,2022-10-14,59.6,156,159,3.49
853,2,ROLL112705,20250609,2025-06-09,63.4,155,156,8.66
854,2,ROLL126584,20251030,2025-10-30,63.9,198,200,8.59
855,2,ROLL104119,20241126,2024-11-26,62.5,168,170,9.65
856,2,ROLL902390,20231209,2023-12-09,63.2,181,183,5.19
857,2,ROLL424998,20230916,2023-09-16,61.6,191,189,8.71
858,2,ROLL138768,20240806,2024-08-06,60.7,146,142,9.52
859,2,ROLL177473,20230330,2023-03-30,60.7,176,177,8.83
860,2,ROLL138287,20221204,2022-12-04,59.7,141,138,9.45
861,2,ROLL381070,20241102,2024-11-02,59.7,145,145,5.34
862,2,ROLL720671,20250929,2025-09-29,60.5,157,155,4.63
863,2,ROLL797914,20250803,2025-08-03,62.0,159,164,6.95
864,2,ROLL526935,20250725,2025-07-25,63.9,199,199,5.62
865,2,ROLL269616,20240615,2024-06-15,59.4,146,148,8.43
866,2,ROLL127801,20230312,2023-03-12,62.9,186,184,5.52
867,2,ROLL101323,20230901,2023-09-01,63.3,188,183,5.18
868,2,ROLL828479,20230813,2023-08-13,62.8,177,174,5.69
869,2,ROLL523853,20220104,2022-01-04,63.9,153,154,8.02
870,2,ROLL875630,20250504,2025-05-04,61.7,181,183,4.65
871,2,ROLL576504,20230619,2023-06-19,59.3,176,175,8.34
872,2,ROLL828205,20250425,2025-04-25,63.5,157,160,6.47
873,2,ROLL857883,20230415,2023-04-15,58.9,198,196,8.55
874,2,ROLL951220,20250618,2025-06-18,61.4,162,165,5.63
875,2,ROLL445578,20220620,2022-06-20,63.8,155,159,4.07
876,2,ROLL602438,20251109,2025-11-09,62.0,164,167,6.17
877,2,ROLL196981,20220902,2022-09-02,59.6,145,143,4.91
878,2,ROLL310510,20250704,2025-07-04,62.7,197,199,9.42
879,2,ROLL509486,20251103,2025-11-03,60.6,142,143,3.04
880,2,ROLL481511,20240824,2024-08-24,61.4,146,148,9.11
881,2,ROLL964819,20240630,2024-06-30,59.9,178,175,3.83
882,2,ROLL851932,20221213,2022-12-13,58.7,148,148,3.17
883,2,ROLL831367,20250120,2025-01-20,62.9,175,179,4.32
884,2,ROLL489015,20230909,2023-09-09,62.5,165,164,5.8
885,2,ROLL959423,20240602,2024-06-02,61.6,184,188,6.14
886,2,ROLL206560,20241117,2024-11-17,63.6,182,187,7.52
887,2,ROLL478136,20251106,2025-11-06,60.9,194,192,7.2
888,2,ROLL348865,20240918,2024-09-18,59.5,148,150,7.87
889,2,ROLL203868,20220807,2022-08-07,62.3,165,166,9.68
890,2,ROLL711520,20250501,2025-05-01,63.8,163,163,3.88
891,2,ROLL974251,20240610,2024-06-10,63.1,143,143,3.17
892,2,ROLL282069,20250624,2025-06-24,60.3,143,138,3.34
893,2,ROLL184100,20241119,2024-11-19,62.7,190,186,7.67
894,2,ROLL886270,20231217,2023-12-17,58.3,192,192,5.97
895,2,ROLL535450,20230822,2023-08-22,58.4,177,179,4.35
896,2,ROLL370451,20241006,2024-10-06,62.7,189,193,7.39
897,2,ROLL185879,20250128,2025-01-28,58.8,145,143,3.01
898,2,ROLL805257,20230404,2023-04-04,62.4,172,169,7.59
899,2,ROLL302603,20250419,2025-04-19,61.2,159,164,9.8
900,2,ROLL972633,20241208,2024-12-08,61.4,143,148,7.81
901,2,ROLL843320,20240224,2024-02-24,62.9,194,195,6.35
902,2,ROLL306194,20220104,2022-01-04,62.0,153,149,3.43
903,2,ROLL797628,20221016,2022-10-16,59.6,147,149,7.73
904,2,ROLL588850,20220617,2022-06-17,63.7,155,160,9.94
905,2,ROLL997663,20241011,2024-10-11,63.4,163,163,8.07
906,2,ROLL173617,20221227,2022-12-27,61.6,148,144,8.4
907,2,ROLL656066,20250125,2025-01-25,61.3,196,193,3.15
908,2,ROLL323685,20250710,2025-07-10,62.5,173,174,8.75
909,2,ROLL227469,20240305,2024-03-05,60.9,144,149,7.41
910,2,ROLL852651,20240420,2024-04-20,59.3,141,138,4.33
911,2,ROLL374515,20241112,2024-11-12,62.6,184,189,6.05
912,2,ROLL350332,20221203,2022-12-03,60.5,152,152,9.39
913,2,ROLL739095,20250617,2025-06-17,61.5,166,168,6.04
914,2,ROLL115676,20240218,2024-02-18,63.0,149,147,8.47
915,2,ROLL798797,20231028,2023-10-28,58.4,176,174,7.61
916,2,ROLL459965,20220804,2022-08-04,58.8,197,200,4.04
917,2,ROLL765913,20230131,2023-01-31,62.8,191,193,9.38
918,2,ROLL283296,20230407,2023-04-07,60.3,178,176,6.23
919,2,ROLL372668,20250326,2025-03-26,61.6,179,183,5.25
920,2,ROLL273451,20230919,2023-09-19,63.6,160,157,9.35
921,2,ROLL534607,20250815,2025-08-15,62.6,156,155,7.79
922,2,ROLL391945,20220225,2022-02-25,62.6,155,160,6.0
923,2,ROLL837646,20220712,2022-07-12,62.4,167,170,3.79
924,2,ROLL221788,20240302,2024-03-02,58.4,190,188,4.55
925,2,ROLL546783,20250624,2025-06-24,59.5,178,181,3.17
926,2,ROLL689224,20231002,2023-10-02,61.0,145,145,5.22
927,2,ROLL464610,20231030,2023-10-30,61.6,182,177,8.4
928,2,ROLL507535,20241001,2024-10-01,62.2,150,152,6.71
929,2,ROLL739369,20230629,2023-06-29,58.3,199,199,7.04
930,2,ROLL821520,20231115,2023-11-15,58.9,185,184,9.68
931,2,ROLL346814,20240825,2024-08-25,60.8,147,148,4.25
932,2,ROLL859670,20220201,2022-02-01,63.8,165,160,4.51
933,2,ROLL299503,20230829,2023-08-29,59.9,159,155,6.75
934,2,ROLL107039,20231116,2023-11-16,59.1,160,160,7.61
935,2,ROLL718069,20251001,2025-10-01,61.4,171,173,8.39
936,2,ROLL856530,20230309,2023-03-09,60.7,198,202,4.37
937,2,ROLL970924,20231012,2023-10-12,60.2,171,175,5.21
938,2,ROLL463076,20230814,2023-08-14,58.4,181,178,4.78
939,2,ROLL573368,20250523,2025-05-23,59.6,145,141,3.45
940,2,ROLL808221,20221111,2022-11-11,59.3,165,167,3.08
941,2,ROLL844996,20241107,2024-11-07,61.2,149,149,5.75
942,2,ROLL784653,20240730,2024-07-30,60.8,167,163,3.72
943,2,ROLL482486,20251106,2025-11-06,63.7,158,155,4.44
944,2,ROLL132117,20220410,2022-04-10,62.8,174,169,5.53
945,2,ROLL361352,20240508,2024-05-08,58.2,200,203,7.9
946,2,ROLL706115,20230509,2023-05-09,63.8,180,179,9.96
947,2,ROLL685754,20241130,2024-11-30,58.8,169,167,9.73
948,2,ROLL979294,20221119,2022-11-19,63.2,191,187,3.28
949,2,ROLL594616,20250608,2025-06-08,62.1,173,176,4.42
950,2,ROLL280108,20230314,2023-03-14,61.8,154,155,9.87
951,2,ROLL899535,20240127,2024-01-27,63.5,174,174,4.05
952,2,ROLL102799,20240602,2024-06-02,60.8,140,136,7.32
953,2,ROLL985998,20221215,2022-12-15,58.1,158,155,6.81
954,2,ROLL365692,20230518,2023-05-18,63.0,144,145,7.77
955,2,ROLL267945,20240823,2024-08-23,60.9,184,185,8.33
956,2,ROLL319509,20240430,2024-04-30,61.8,160,156,4.1
957,2,ROLL866895,20220701,2022-07-01,62.4,162,162,3.64
958,2,ROLL843833,20220223,2022-02-23,58.1,163,159,3.23
959,2,ROLL220401,20241025,2024-10-25,61.7,184,187,8.38
960,2,ROLL844494,20220907,2022-09-07,58.8,167,164,4.46
961,2,ROLL149971,20240302,2024-03-02,58.1,166,161,9.97
962,2,ROLL241180,20231214,2023-12-14,58.8,160,155,4.07
963,2,ROLL785971,20250718,2025-07-18,61.2,140,138,7.69
964,2,ROLL815970,20240122,2024-01-22,58.9,192,197,4.92
965,2,ROLL579090,20231004,2023-10-04,60.0,153,157,3.8
966,2,ROLL555856,20230214,2023-02-14,62.6,149,152,3.21
967,2,ROLL735588,20221006,2022-10-06,58.7,166,167,4.55
968,2,ROLL542527,20220125,2022-01-25,63.0,190,191,7.29
969,2,ROLL976765,20250317,2025-03-17,61.3,186,191,5.14
970,2,ROLL360811,20231118,2023-11-18,59.2,140,139,5.62
971,2,ROLL364997,20220710,2022-07-10,58.4,141,142,3.7
972,2,ROLL509955,20230120,2023-01-20,59.6,169,164,3.21
973,2,ROLL673146,20230519,2023-05-19,59.7,190,190,6.87
974,2,ROLL204702,20251112,2025-11-12,60.0,181,177,6.43
975,2,ROLL413863,20230617,2023-06-17,58.9,200,201,8.81
976,2,ROLL278212,20240327,2024-03-27,61.1,177,174,5.07
977,2,ROLL224796,20220331,2022-03-31,60.2,160,155,7.58
978,2,ROLL945208,20251120,2025-11-20,60.4,176,177,3.69
979,2,ROLL853755,20230124,2023-01-24,62.6,147,147,8.86
980,2,ROLL842757,20230429,2023-04-29,60.0,150,148,7.87
981,2,ROLL239627,20251026,2025-10-26,62.0,175,170,5.27
982,2,ROLL978133,20220416,2022-04-16,61.3,169,174,6.12
983,2,ROLL418935,20230711,2023-07-11,59.4,198,197,8.18
984,2,ROLL833412,20250131,2025-01-31,63.1,159,161,9.97
985,2,ROLL282826,20231028,2023-10-28,63.6,187,192,4.39
986,2,ROLL481820,20241007,2024-10-07,58.3,146,142,3.81
987,2,ROLL445623,20251029,2025-10-29,62.7,192,192,5.24
988,2,ROLL819137,20240606,2024-06-06,60.6,151,153,6.12
989,2,ROLL669689,20231216,2023-12-16,61.3,151,152,3.28
990,2,ROLL186461,20240731,2024-07-31,63.9,157,160,7.11
991,2,ROLL349518,20220214,2022-02-14,58.1,198,198,8.62
992,2,ROLL659569,20230414,2023-04-14,63.3,172,167,7.95
993,2,ROLL721814,20231226,2023-12-26,60.8,193,196,6.02
994,2,ROLL938098,20230124,2023-01-24,63.3,193,192,8.79
995,2,ROLL237621,20220407,2022-04-07,59.1,197,195,5.58
996,2,ROLL836643,20240721,2024-07-21,60.0,184,183,7.63
997,2,ROLL482169,20221213,2022-12-13,61.6,151,146,5.28
998,2,ROLL931994,20240627,2024-06-27,60.1,166,168,5.25
999,2,ROLL620015,20230113,2023-01-13,61.6,194,190,3.75
1000,2,ROLL297517,20230827,2023-08-27,62.7,177,180,4.56
1001,3,ROLL843064,20230821,2023-08-21,59.8,161,163,5.88
1002,3,ROLL249732,20240421,2024-04-21,60.7,156,156,8.37
1003,3,ROLL815997,20250711,2025-07-11,58.6,164,159,6.85
1004,3,ROLL990102,20221016,2022-10-16,60.1,173,177,6.25
1005,3,ROLL140869,20230517,2023-05-17,62.8,146,146,7.62
1006,3,ROLL276042,20221001,2022-10-01,59.1,189,187,4.41
1007,3,ROLL843775,20250929,2025-09-29,61.1,189,190,3.43
1008,3,ROLL638986,20250930,2025-09-30,59.2,169,170,7.77
1009,3,ROLL173765,20250212,2025-02-12,58.8,172,177,7.04
1010,3,ROLL641290,20250816,2025-08-16,61.5,186,184,3.05
1011,3,ROLL619928,20230308,2023-03-08,59.7,197,193,8.18
1012,3,ROLL884021,20230112,2023-01-12,59.5,193,197,7.23
1013,3,ROLL770093,20220418,2022-04-18,60.9,196,200,3.89
1014,3,ROLL210239,20240509,2024-05-09,61.8,199,199,7.87
1015,3,ROLL151001,20240404,2024-04-04,63.5,194,192,4.48
1016,3,ROLL809633,20230119,2023-01-19,60.9,174,177,7.74
1017,3,ROLL968985,20231204,2023-12-04,58.9,163,168,9.74
1018,3,ROLL688063,20230831,2023-08-31,63.2,172,173,6.59
1019,3,ROLL210009,20251025,2025-10-25,61.3,189,188,8.43
1020,3,ROLL703330,20240505,2024-05-05,60.8,184,182,3.36
1021,3,ROLL696087,20220522,2022-05-22,58.1,140,142,4.66
1022,3,ROLL715918,20231216,2023-12-16,59.7,177,181,8.95
1023,3,ROLL863361,20240829,2024-08-29,61.9,159,158,5.19
1024,3,ROLL817216,20231214,2023-12-14,63.4,182,181,9.09
1025,3,ROLL424751,20231002,2023-10-02,59.7,194,189,6.16
1026,3,ROLL709778,20220331,2022-03-31,63.4,150,151,3.95
1027,3,ROLL771350,20240928,2024-09-28,62.6,161,160,7.58
1028,3,ROLL412180,20250413,2025-04-13,62.6,193,193,9.95
1029,3,ROLL214426,20240713,2024-07-13,62.1,141,140,4.75
1030,3,ROLL707900,20240516,2024-05-16,61.9,172,170,9.45
1031,3,ROLL640776,20230514,2023-05-14,60.0,180,185,7.97
1032,3,ROLL695267,20250810,2025-08-10,62.4,169,173,7.93
1033,3,ROLL700101,20220503,2022-05-03,63.8,163,166,8.99
1034,3,ROLL572320,20240115,2024-01-15,61.0,154,159,6.48
1035,3,ROLL536878,20240608,2024-06-08,62.0,191,194,3.5
1036,3,ROLL600119,20230312,2023-03-12,61.2,192,190,9.94
1037,3,ROLL810085,20220520,2022-05-20,58.2,193,191,3.4
1038,3,ROLL564368,20230624,2023-06-24,61.9,146,151,8.88
1039,3,ROLL588313,20230130,2023-01-30,63.7,146,151,7.46
1040,3,ROLL302695,20230708,2023-07-08,59.9,141,146,7.38
1041,3,ROLL615825,20240611,2024-06-11,61.0,153,154,7.09
1042,3,ROLL255831,20240605,2024-06-05,59.1,185,188,5.25
1043,3,ROLL114317,20250118,2025-01-18,59.4,152,153,7.07
1044,3,ROLL733355,20220430,2022-04-30,60.0,175,175,7.77
1045,3,ROLL145317,20240215,2024-02-15,62.4,154,150,8.35
1046,3,ROLL244959,20240518,2024-05-18,63.6,183,184,5.21
1047,3,ROLL266327,20250223,2025-02-23,60.8,160,165,7.98
1048,3,ROLL948153,20231203,2023-12-03,58.7,179,181,4.09
1049,3,ROLL723101,20240112,2024-01-12,62.1,152,149,9.78
1050,3,ROLL357600,20231111,2023-11-11,59.6,171,167,5.04
1051,3,ROLL930693,20220825,2022-08-25,61.7,196,191,7.1
1052,3,ROLL844867,20230707,2023-07-07,60.1,163,163,7.86
1053,3,ROLL143937,20221114,2022-11-14,63.5,149,144,3.29
1054,3,ROLL219061,20250329,2025-03-29,60.8,144,142,5.93
1055,3,ROLL424186,20220420,2022-04-20,59.6,199,199,6.95
1056,3,ROLL938148,20231027,2023-10-27,60.8,165,161,8.36
1057,3,ROLL213008,20230105,2023-01-05,61.3,155,160,7.18
1058,3,ROLL765706,20221119,2022-11-19,58.9,183,178,8.9
1059,3,ROLL440711,20220624,2022-06-24,58.2,187,188,3.72
1060,3,ROLL261293,20250921,2025-09-21,59.0,149,152,7.54
1061,3,ROLL788091,20240607,2024-06-07,62.3,141,141,5.7
1062,3,ROLL397044,20220611,2022-06-11,60.5,184,184,4.74
1063,3,ROLL104583,20230911,2023-09-11,63.6,163,163,5.27
1064,3,ROLL456630,20231022,2023-10-22,61.5,143,140,9.79
1065,3,ROLL322556,20230604,2023-06-04,62.2,167,162,6.5
1066,3,ROLL610959,20240715,2024-07-15,62.6,178,183,5.18
1067,3,ROLL932134,20241126,2024-11-26,59.3,181,178,6.42
1068,3,ROLL999495,20250111,2025-01-11,63.9,176,180,3.43
1069,3,ROLL811326,20231022,2023-10-22,62.9,142,137,6.64
1070,3,ROLL828006,20230622,2023-06-22,62.5,155,156,6.96
1071,3,ROLL855889,20220507,2022-05-07,62.0,192,189,9.64
1072,3,ROLL544689,20220103,2022-01-03,63.3,176,171,4.29
1073,3,ROLL818958,20240902,2024-09-02,59.1,143,147,6.11
1074,3,ROLL453536,20230403,2023-04-03,62.1,165,161,6.21
1075,3,ROLL734904,20230629,2023-06-29,58.2,181,183,3.17
1076,3,ROLL856340,20250630,2025-06-30,58.4,161,166,3.75
1077,3,ROLL140551,20250318,2025-03-18,58.3,177,175,4.77
1078,3,ROLL741310,20250127,2025-01-27,58.2,167,171,6.33
1079,3,ROLL271536,20240224,2024-02-24,63.5,164,161,8.1
1080,3,ROLL678009,20231021,2023-10-21,61.9,183,181,8.28
1081,3,ROLL957627,20251022,2025-10-22,59.4,187,192,8.99
1082,3,ROLL176093,20250925,2025-09-25,62.4,150,154,9.44
1083,3,ROLL921241,20241002,2024-10-02,61.9,149,145,3.02
1084,3,ROLL453553,20220506,2022-05-06,59.3,170,166,4.12
1085,3,ROLL538203,20230726,2023-07-26,58.3,143,146,3.88
1086,3,ROLL252376,20220204,2022-02-04,61.1,181,183,6.11
1087,3,ROLL393316,20220213,2022-02-13,59.1,189,184,5.21
1088,3,ROLL750581,20230614,2023-06-14,61.4,171,174,6.75
1089,3,ROLL566516,20250323,2025-03-23,62.7,197,200,9.53
1090,3,ROLL165157,20240723,2024-07-23,60.4,149,146,7.85
1091,3,ROLL643742,20251119,2025-11-19,63.0,187,182,9.72
1092,3,ROLL275543,20220119,2022-01-19,60.5,176,179,3.37
1093,3,ROLL405278,20220330,2022-03-30,59.6,185,186,5.56
1094,3,ROLL707744,20220210,2022-02-10,59.9,187,186,6.44
1095,3,ROLL113779,20220915,2022-09-15,63.1,166,161,7.53
1096,3,ROLL970648,20230109,2023-01-09,63.7,168,165,7.86
1097,3,ROLL369557,20230904,2023-09-04,63.5,161,158,5.53
1098,3,ROLL328085,20240905,2024-09-05,60.7,169,168,6.28
1099,3,ROLL674048,20231216,2023-12-16,63.4,156,151,6.09
1100,3,ROLL949832,20220203,2022-02-03,62.2,178,177,5.92
1101,3,ROLL601797,20240229,2024-02-29,60.8,189,184,9.96
1102,3,ROLL190608,20240208,2024-02-08,58.9,179,182,6.5
1103,3,ROLL575802,20250910,2025-09-10,63.7,149,152,5.14
1104,3,ROLL518261,20221116,2022-11-16,61.1,190,194,3.95
1105,3,ROLL935346,20250824,2025-08-24,63.9,197,198,7.81
1106,3,ROLL174659,20220519,2022-05-19,62.2,188,189,4.8
1107,3,ROLL558801,20241213,2024-12-13,58.2,161,159,9.06
1108,3,ROLL178152,20250329,2025-03-29,61.9,200,201,3.23
1109,3,ROLL506000,20230626,2023-06-26,62.4,165,168,6.61
1110,3,ROLL933511,20230625,2023-06-25,59.2,184,189,5.81
1111,3,ROLL420459,20241222,2024-12-22,64.0,195,199,8.87
1112,3,ROLL766870,20250606,2025-06-06,58.4,169,173,6.67
1113,3,ROLL229195,20250727,2025-07-27,63.3,188,187,3.93
1114,3,ROLL817972,20240210,2024-02-10,60.2,163,168,7.8
1115,3,ROLL187247,20221206,2022-12-06,63.0,190,185,3.59
1116,3,ROLL733266,20230511,2023-05-11,58.5,179,182,7.77
1117,3,ROLL683180,20230715,2023-07-15,58.1,168,163,9.52
1118,3,ROLL224256,20231009,2023-10-09,60.8,184,187,8.46
1119,3,ROLL818437,20220225,2022-02-25,60.4,195,191,5.57
1120,3,ROLL141323,20220217,2022-02-17,60.9,181,177,8.07
1121,3,ROLL157476,20250908,2025-09-08,60.8,158,153,4.99
1122,3,ROLL335861,20240608,2024-06-08,60.5,175,179,5.61
1123,3,ROLL564135,20250121,2025-01-21,61.6,168,165,7.54
1124,3,ROLL407936,20221205,2022-12-05,60.5,182,177,5.29
1125,3,ROLL170646,20240201,2024-02-01,58.5,199,203,9.48
1126,3,ROLL153730,20240816,2024-08-16,62.1,143,139,6.47
1127,3,ROLL872705,20230124,2023-01-24,60.2,186,183,3.08
1128,3,ROLL150400,20240408,2024-04-08,58.9,182,181,6.96
1129,3,ROLL271413,20220104,2022-01-04,62.1,199,204,4.61
1130,3,ROLL815839,20240102,2024-01-02,61.7,142,138,3.08
1131,3,ROLL807349,20221125,2022-11-25,59.0,197,199,5.55
1132,3,ROLL754699,20230112,2023-01-12,62.7,170,169,7.54
1133,3,ROLL807200,20220822,2022-08-22,62.2,182,182,7.48
1134,3,ROLL728250,20240507,2024-05-07,60.5,178,180,8.24
1135,3,ROLL366762,20250323,2025-03-23,63.0,150,150,4.06
1136,3,ROLL795317,20220407,2022-04-07,62.1,179,178,7.68
1137,3,ROLL273815,20231107,2023-11-07,58.3,145,146,4.99
1138,3,ROLL466185,20230315,2023-03-15,62.7,153,155,5.04
1139,3,ROLL931882,20250222,2025-02-22,62.7,194,194,3.65
1140,3,ROLL296769,20241130,2024-11-30,59.4,199,203,8.37
1141,3,ROLL565713,20250209,2025-02-09,62.7,190,191,8.19
1142,3,ROLL908920,20221113,2022-11-13,62.7,178,180,5.66
1143,3,ROLL220808,20250123,2025-01-23,62.5,197,198,8.37
1144,3,ROLL105031,20230306,2023-03-06,63.0,160,160,6.47
1145,3,ROLL192697,20221105,2022-11-05,62.9,169,168,7.19
1146,3,ROLL148681,20250331,2025-03-31,62.8,173,172,7.31
1147,3,ROLL509977,20220416,2022-04-16,61.1,145,144,4.91
1148,3,ROLL742016,20230105,2023-01-05,58.2,143,141,9.69
1149,3,ROLL935677,20250211,2025-02-11,60.0,165,162,4.98
1150,3,ROLL147325,20241230,2024-12-30,62.0,168,167,4.86
1151,3,ROLL128111,20241005,2024-10-05,61.4,176,179,6.06
1152,3,ROLL291530,20231115,2023-11-15,59.6,188,186,5.22
1153,3,ROLL562812,20250601,2025-06-01,62.4,146,142,9.31
1154,3,ROLL194926,20230801,2023-08-01,62.1,143,146,5.6
1155,3,ROLL826643,20220613,2022-06-13,63.2,174,173,5.87
1156,3,ROLL544901,20221201,2022-12-01,63.4,179,182,7.68
1157,3,ROLL862205,20250926,2025-09-26,59.9,154,151,3.53
1158,3,ROLL474305,20240411,2024-04-11,63.0,166,162,6.5
1159,3,ROLL319828,20250111,2025-01-11,58.3,182,184,8.06
1160,3,ROLL308204,20230129,2023-01-29,61.9,184,187,3.06
1161,3,ROLL896246,20230823,2023-08-23,58.2,149,146,7.6
1162,3,ROLL538924,20250127,2025-01-27,59.6,162,166,9.77
1163,3,ROLL619401,20220707,2022-07-07,62.0,148,143,5.34
1164,3,ROLL448003,20230922,2023-09-22,59.8,192,189,8.76
1165,3,ROLL642157,20231117,2023-11-17,63.2,199,201,9.45
1166,3,ROLL674683,20250206,2025-02-06,63.2,185,189,3.99
1167,3,ROLL167358,20221030,2022-10-30,63.1,191,190,6.29
1168,3,ROLL816270,20220613,2022-06-13,59.5,186,189,4.96
1169,3,ROLL419865,20250809,2025-08-09,60.3,158,155,7.09
1170,3,ROLL577801,20230304,2023-03-04,63.8,170,173,9.43
1171,3,ROLL815331,20220914,2022-09-14,60.8,190,187,3.56
1172,3,ROLL550657,20251116,2025-11-16,58.5,151,153,5.35
1173,3,ROLL149722,20241025,2024-10-25,62.9,162,159,7.35
1174,3,ROLL289718,20230408,2023-04-08,60.5,195,196,7.34
1175,3,ROLL627902,20250719,2025-07-19,61.1,179,181,7.13
1176,3,ROLL668074,20221118,2022-11-18,61.1,200,202,5.31
1177,3,ROLL392322,20250721,2025-07-21,60.0,156,158,8.31
1178,3,ROLL172636,20221228,2022-12-28,59.4,140,136,9.43
1179,3,ROLL242808,20220516,2022-05-16,62.3,177,175,5.91
1180,3,ROLL103419,20240509,2024-05-09,62.1,178,179,4.27
1181,3,ROLL575716,20241211,2024-12-11,60.0,144,148,4.46
1182,3,ROLL495184,20250924,2025-09-24,63.4,173,177,3.19
1183,3,ROLL260632,20240419,2024-04-19,63.0,193,196,5.0
1184,3,ROLL408916,20240426,2024-04-26,60.9,155,156,8.03
1185,3,ROLL801580,20220212,2022-02-12,60.1,147,143,9.87
1186,3,ROLL529485,20250718,2025-07-18,61.3,165,162,7.94
1187,3,ROLL835293,20240723,2024-07-23,63.5,195,190,9.76
1188,3,ROLL950804,20240921,2024-09-21,60.8,182,183,5.35
1189,3,ROLL364580,20230802,2023-08-02,61.1,195,195,9.77
1190,3,ROLL207099,20220425,2022-04-25,60.3,148,145,6.15
1191,3,ROLL414058,20240316,2024-03-16,59.4,143,141,8.86
1192,3,ROLL807985,20231122,2023-11-22,59.1,196,201,8.01
1193,3,ROLL615960,20250208,2025-02-08,58.4,166,171,7.54
1194,3,ROLL398077,20240808,2024-08-08,59.8,195,195,5.93
1195,3,ROLL165669,20250209,2025-02-09,62.8,146,143,7.38
1196,3,ROLL319893,20241123,2024-11-23,61.3,140,142,6.81
1197,3,ROLL295043,20240106,2024-01-06,61.3,171,174,8.31
1198,3,ROLL149792,20230213,2023-02-13,63.4,166,162,5.23
1199,3,ROLL413322,20231123,2023-11-23,60.1,195,198,5.32
1200,3,ROLL520835,20240112,2024-01-12,60.3,162,163,5.28
1201,3,ROLL973863,20240312,2024-03-12,59.8,173,168,4.16
1202,3,ROLL996023,20250202,2025-02-02,61.3,173,170,5.37
1203,3,ROLL179719,20220607,2022-06-07,63.6,198,203,6.66
1204,3,ROLL666539,20230108,2023-01-08,60.3,177,172,9.38
1205,3,ROLL431453,20241210,2024-12-10,63.0,179,178,5.73
1206,3,ROLL849471,20250604,2025-06-04,61.6,188,187,4.23
1207,3,ROLL625862,20250427,2025-04-27,63.3,184,187,9.93
1208,3,ROLL570818,20250822,2025-08-22,63.3,161,158,3.31
1209,3,ROLL183091,20220819,2022-08-19,62.0,193,198,4.17
1210,3,ROLL746860,20231030,2023-10-30,61.2,195,197,3.64
1211,3,ROLL869221,20230102,2023-01-02,62.5,150,148,8.22
1212,3,ROLL117585,20240206,2024-02-06,59.2,167,168,6.66
1213,3,ROLL407211,20240312,2024-03-12,58.8,168,170,6.82
1214,3,ROLL242799,20220312,2022-03-12,60.6,174,179,8.44
1215,3,ROLL295195,20240122,2024-01-22,60.8,173,175,8.17
1216,3,ROLL130471,20220603,2022-06-03,62.3,149,144,6.54
1217,3,ROLL606585,20240426,2024-04-26,60.7,154,153,6.06
1218,3,ROLL183879,20240424,2024-04-24,63.7,140,141,4.27
1219,3,ROLL663026,20250615,2025-06-15,59.4,154,153,7.46
1220,3,ROLL463812,20230705,2023-07-05,62.9,188,193,7.93
1221,3,ROLL603671,20241001,2024-10-01,59.5,197,198,4.21
1222,3,ROLL781966,20240729,2024-07-29,58.8,191,193,6.5
1223,3,ROLL848512,20220227,2022-02-27,62.6,143,142,5.31
1224,3,ROLL456156,20220302,2022-03-02,61.2,185,189,6.29
1225,3,ROLL163853,20221030,2022-10-30,63.6,189,191,4.54
1226,3,ROLL766924,20241212,2024-12-12,62.0,148,145,6.86
1227,3,ROLL955443,20240425,2024-04-25,63.5,168,163,5.19
1228,3,ROLL271145,20220417,2022-04-17,62.7,142,139,5.32
1229,3,ROLL454157,20230905,2023-09-05,59.7,166,169,7.23
1230,3,ROLL928109,20250401,2025-04-01,62.2,154,158,8.57
1231,3,ROLL580408,20240108,2024-01-08,61.9,158,154,3.73
1232,3,ROLL599831,20220705,2022-07-05,63.8,174,170,5.52
1233,3,ROLL712139,20221013,2022-10-13,60.5,190,189,5.8
1234,3,ROLL776251,20221022,2022-10-22,60.8,173,174,8.89
1235,3,ROLL459944,20220101,2022-01-01,60.3,140,139,9.75
1236,3,ROLL392067,20251004,2025-10-04,61.1,199,198,8.22
1237,3,ROLL552181,20231026,2023-10-26,61.0,154,152,4.31
1238,3,ROLL286977,20230613,2023-06-13,61.7,144,141,4.98
1239,3,ROLL731544,20220605,2022-06-05,60.0,174,176,9.43
1240,3,ROLL558965,20240129,2024-01-29,58.2,182,183,9.24
1241,3,ROLL350768,20220210,2022-02-10,62.1,156,156,7.08
1242,3,ROLL721621,20241229,2024-12-29,62.1,157,154,5.95
1243,3,ROLL133317,20241220,2024-12-20,60.9,141,146,6.89
1244,3,ROLL438722,20241120,2024-11-20,59.2,145,142,9.61
1245,3,ROLL149491,20220504,2022-05-04,59.4,155,159,6.58
1246,3,ROLL827511,20250823,2025-08-23,58.7,186,189,6.49
1247,3,ROLL896086,20230112,2023-01-12,60.3,174,172,4.73
1248,3,ROLL544909,20241210,2024-12-10,61.3,143,143,9.24
1249,3,ROLL674739,20240422,2024-04-22,62.7,144,139,6.79
1250,3,ROLL117729,20250725,2025-07-25,63.7,163,161,4.45
1251,3,ROLL393814,20230701,2023-07-01,63.0,152,152,5.83
1252,3,ROLL122204,20250614,2025-06-14,58.8,181,183,6.44
1253,3,ROLL636340,20251108,2025-11-08,62.6,144,144,9.48
1254,3,ROLL483584,20220216,2022-02-16,61.6,182,186,5.58
1255,3,ROLL830687,20240402,2024-04-02,63.5,182,181,5.47
1256,3,ROLL618664,20220904,2022-09-04,60.0,161,165,6.99
1257,3,ROLL485712,20220815,2022-08-15,58.2,161,161,9.28
1258,3,ROLL351648,20231218,2023-12-18,62.1,164,161,6.94
1259,3,ROLL762219,20240729,2024-07-29,58.5,147,146,6.6
1260,3,ROLL980637,20220829,2022-08-29,59.7,144,147,4.57
1261,3,ROLL461731,20250621,2025-06-21,63.7,184,184,3.92
1262,3,ROLL994687,20250706,2025-07-06,62.0,163,160,8.66
1263,3,ROLL164700,20240910,2024-09-10,63.7,197,202,8.42
1264,3,ROLL776580,20240802,2024-08-02,63.9,150,146,5.76
1265,3,ROLL428555,20250809,2025-08-09,58.6,144,148,7.4
1266,3,ROLL293959,20220726,2022-07-26,58.6,193,193,6.44
1267,3,ROLL845047,20240923,2024-09-23,59.8,149,144,8.63
1268,3,ROLL142320,20250125,2025-01-25,62.7,182,179,6.32
1269,3,ROLL504453,20250218,2025-02-18,62.6,196,195,6.24
1270,3,ROLL126970,20220218,2022-02-18,61.1,189,192,3.99
1271,3,ROLL159436,20250529,2025-05-29,59.1,186,186,7.78
1272,3,ROLL353726,20220206,2022-02-06,59.0,199,195,8.5
1273,3,ROLL873667,20231122,2023-11-22,64.0,196,195,3.07
1274,3,ROLL836342,20220607,2022-06-07,59.0,152,153,4.63
1275,3,ROLL775267,20250306,2025-03-06,63.0,190,185,7.03
1276,3,ROLL194638,20240927,2024-09-27,59.1,185,181,8.76
1277,3,ROLL140669,20240904,2024-09-04,60.2,193,198,4.15
1278,3,ROLL601424,20231007,2023-10-07,61.4,177,181,3.43
1279,3,ROLL128216,20241201,2024-12-01,59.7,192,194,7.25
1280,3,ROLL365164,20230718,2023-07-18,58.5,191,196,4.66
1281,3,ROLL261337,20220920,2022-09-20,59.9,166,161,3.6
1282,3,ROLL723214,20250726,2025-07-26,58.5,190,186,4.43
1283,3,ROLL417303,20250826,2025-08-26,62.4,186,184,4.83
1284,3,ROLL626741,20241021,2024-10-21,62.3,170,166,4.41
1285,3,ROLL730012,20230809,2023-08-09,62.6,179,180,7.84
1286,3,ROLL584107,20240222,2024-02-22,60.6,166,162,4.3
1287,3,ROLL350836,20240718,2024-07-18,59.7,148,144,8.38
1288,3,ROLL258059,20231108,2023-11-08,58.2,150,154,3.6
1289,3,ROLL829604,20250415,2025-04-15,62.2,172,168,9.96
1290,3,ROLL141349,20250629,2025-06-29,58.6,177,176,6.92
1291,3,ROLL270667,20220627,2022-06-27,61.7,200,204,3.36
1292,3,ROLL671511,20240322,2024-03-22,61.9,185,181,7.05
1293,3,ROLL810333,20240204,2024-02-04,60.5,191,191,4.1
1294,3,ROLL222701,20230822,2023-08-22,62.9,146,151,7.03
1295,3,ROLL718753,20240601,2024-06-01,58.2,149,145,7.69
1296,3,ROLL301529,20250720,2025-07-20,59.9,175,173,3.66
1297,3,ROLL258968,20220819,2022-08-19,59.4,167,172,5.79
1298,3,ROLL156449,20220407,2022-04-07,64.0,199,195,9.38
1299,3,ROLL189208,20251010,2025-10-10,58.1,181,179,7.84
1300,3,ROLL690542,20240824,2024-08-24,58.6,147,150,8.55
1301,3,ROLL602408,20230808,2023-08-08,59.7,160,155,3.78
1302,3,ROLL857257,20230605,2023-06-05,59.2,150,145,8.34
1303,3,ROLL361111,20240529,2024-05-29,59.6,191,190,7.15
1304,3,ROLL550738,20230703,2023-07-03,58.2,171,167,4.79
1305,3,ROLL644461,20220902,2022-09-02,60.8,165,165,3.41
1306,3,ROLL850317,20250424,2025-04-24,61.0,162,159,5.51
1307,3,ROLL784739,20221027,2022-10-27,60.8,154,150,8.78
1308,3,ROLL892621,20220331,2022-03-31,62.5,147,148,3.18
1309,3,ROLL305359,20250503,2025-05-03,62.0,181,184,8.1
1310,3,ROLL197330,20241009,2024-10-09,61.9,194,199,8.21
1311,3,ROLL906536,20220525,2022-05-25,58.3,189,191,9.84
1312,3,ROLL132481,20251018,2025-10-18,63.7,188,192,7.28
1313,3,ROLL908961,20240216,2024-02-16,59.2,167,168,9.09
1314,3,ROLL123813,20220908,2022-09-08,58.1,178,182,4.97
1315,3,ROLL726205,20241206,2024-12-06,63.2,165,166,7.8
1316,3,ROLL357492,20250312,2025-03-12,63.2,148,146,4.53
1317,3,ROLL583616,20240404,2024-04-04,58.4,171,167,8.2
1318,3,ROLL433736,20240306,2024-03-06,61.1,140,135,7.06
1319,3,ROLL168892,20250402,2025-04-02,59.6,143,146,5.95
1320,3,ROLL361774,20230402,2023-04-02,59.1,159,157,8.91
1321,3,ROLL937897,20241104,2024-11-04,62.5,161,164,8.45
1322,3,ROLL407392,20250116,2025-01-16,59.7,184,187,7.85
1323,3,ROLL678876,20250311,2025-03-11,59.2,196,201,4.2
1324,3,ROLL590859,20250506,2025-05-06,60.0,186,181,8.89
1325,3,ROLL616830,20251001,2025-10-01,59.1,173,173,9.39
1326,3,ROLL979196,20221120,2022-11-20,62.2,183,183,6.85
1327,3,ROLL454067,20220426,2022-04-26,62.5,162,162,9.99
1328,3,ROLL218037,20221002,2022-10-02,59.3,189,185,9.26
1329,3,ROLL541272,20250811,2025-08-11,62.7,153,152,6.64
1330,3,ROLL273112,20240218,2024-02-18,62.7,155,156,6.47
1331,3,ROLL688034,20231130,2023-11-30,63.5,175,177,4.37
1332,3,ROLL689920,20230511,2023-05-11,63.0,152,149,9.67
1333,3,ROLL657726,20220616,2022-06-16,58.1,156,154,5.88
1334,3,ROLL560299,20220925,2022-09-25,60.2,159,160,5.95
1335,3,ROLL938402,20251026,2025-10-26,59.6,167,169,9.61
1336,3,ROLL378657,20220215,2022-02-15,58.6,154,156,8.37
1337,3,ROLL236597,20250908,2025-09-08,58.2,154,150,6.2
1338,3,ROLL461975,20251129,2025-11-29,63.3,176,178,6.37
1339,3,ROLL139129,20241102,2024-11-02,58.7,162,165,5.11
1340,3,ROLL637784,20240918,2024-09-18,58.6,187,186,4.77
1341,3,ROLL183331,20240624,2024-06-24,60.2,151,154,3.79
1342,3,ROLL426742,20250515,2025-05-15,62.3,184,185,9.24
1343,3,ROLL176222,20230717,2023-07-17,60.5,164,160,3.71
1344,3,ROLL505495,20250128,2025-01-28,63.5,195,193,9.14
1345,3,ROLL179826,20230706,2023-07-06,58.5,178,175,5.8
1346,3,ROLL884693,20220216,2022-02-16,58.1,161,161,5.38
1347,3,ROLL761224,20251113,2025-11-13,59.6,162,161,4.23
1348,3,ROLL517581,20240328,2024-03-28,61.0,155,156,6.55
1349,3,ROLL367898,20250513,2025-05-13,63.5,200,198,6.5
1350,3,ROLL193852,20250917,2025-09-17,63.9,191,186,4.39
1351,3,ROLL938122,20241225,2024-12-25,62.1,180,185,5.2
1352,3,ROLL454379,20230829,2023-08-29,63.1,162,167,5.87
1353,3,ROLL544587,20250421,2025-04-21,58.2,154,149,8.96
1354,3,ROLL197219,20250323,2025-03-23,61.6,166,171,9.86
1355,3,ROLL259580,20241001,2024-10-01,61.0,149,147,9.78
1356,3,ROLL494691,20250718,2025-07-18,62.8,170,169,7.81
1357,3,ROLL824005,20250923,2025-09-23,58.6,194,196,8.21
1358,3,ROLL941924,20220710,2022-07-10,59.2,191,194,4.62
1359,3,ROLL485509,20231022,2023-10-22,61.9,195,190,9.6
1360,3,ROLL440623,20241110,2024-11-10,63.0,180,182,3.15
1361,3,ROLL928368,20230321,2023-03-21,61.5,156,151,8.47
1362,3,ROLL733926,20240926,2024-09-26,61.4,166,171,9.43
1363,3,ROLL478233,20230729,2023-07-29,58.2,147,143,4.32
1364,3,ROLL942560,20230112,2023-01-12,62.2,156,151,4.68
1365,3,ROLL955896,20251001,2025-10-01,61.2,156,159,4.9
1366,3,ROLL881718,20240222,2024-02-22,63.8,192,194,3.24
1367,3,ROLL824594,20250201,2025-02-01,60.5,191,193,9.5
1368,3,ROLL446784,20250625,2025-06-25,62.3,176,176,9.13
1369,3,ROLL230142,20241018,2024-10-18,59.8,151,155,9.68
1370,3,ROLL367473,20230804,2023-08-04,59.7,187,188,5.99
1371,3,ROLL445299,20221208,2022-12-08,59.8,193,189,9.87
1372,3,ROLL888081,20240409,2024-04-09,62.2,193,193,8.91
1373,3,ROLL236766,20221116,2022-11-16,60.8,150,153,3.05
1374,3,ROLL112562,20221229,2022-12-29,58.7,199,195,7.54
1375,3,ROLL568534,20220713,2022-07-13,59.2,159,161,7.06
1376,3,ROLL921198,20231204,2023-12-04,59.7,188,188,7.1
1377,3,ROLL345613,20230713,2023-07-13,59.9,147,148,7.98
1378,3,ROLL677558,20230920,2023-09-20,59.4,150,151,4.95
1379,3,ROLL867854,20241022,2024-10-22,61.1,171,167,7.81
1380,3,ROLL816718,20250626,2025-06-26,63.1,143,139,6.11
1381,3,ROLL587717,20250818,2025-08-18,61.3,200,196,3.88
1382,3,ROLL846693,20220731,2022-07-31,61.7,180,185,5.36
1383,3,ROLL524710,20240113,2024-01-13,63.7,187,185,3.29
1384,3,ROLL383727,20240226,2024-02-26,63.2,189,193,5.11
1385,3,ROLL395532,20250902,2025-09-02,58.5,198,197,4.22
1386,3,ROLL839889,20231003,2023-10-03,63.3,194,192,5.19
1387,3,ROLL467635,20220516,2022-05-16,62.6,190,193,4.41
1388,3,ROLL323627,20221122,2022-11-22,60.9,183,186,8.67
1389,3,ROLL847573,20250222,2025-02-22,60.2,165,170,6.44
1390,3,ROLL681744,20220824,2022-08-24,58.7,153,148,9.43
1391,3,ROLL534693,20240622,2024-06-22,63.3,164,163,7.46
1392,3,ROLL845511,20230503,2023-05-03,60.8,192,188,5.39
1393,3,ROLL687588,20230430,2023-04-30,58.8,186,182,8.85
1394,3,ROLL591513,20250521,2025-05-21,63.8,183,186,8.53
1395,3,ROLL391079,20250506,2025-05-06,58.4,186,181,6.41
1396,3,ROLL704879,20250415,2025-04-15,58.7,166,162,3.53
1397,3,ROLL520823,20241111,2024-11-11,59.5,164,169,3.57
1398,3,ROLL208077,20231227,2023-12-27,64.0,194,197,4.69
1399,3,ROLL895081,20251124,2025-11-24,61.5,163,162,4.21
1400,3,ROLL904725,20221228,2022-12-28,59.8,198,200,4.49
1401,3,ROLL867210,20231221,2023-12-21,62.9,182,185,9.42
1402,3,ROLL999655,20220620,2022-06-20,61.9,161,158,4.69
1403,3,ROLL856665,20230423,2023-04-23,62.0,158,161,7.72
1404,3,ROLL863372,20250526,2025-05-26,61.0,140,135,6.28
1405,3,ROLL687736,20220827,2022-08-27,63.3,180,177,5.38
1406,3,ROLL280965,20230126,2023-01-26,60.0,146,143,3.61
1407,3,ROLL781366,20221001,2022-10-01,62.4,175,170,6.85
1408,3,ROLL271363,20231202,2023-12-02,62.5,165,167,7.0
1409,3,ROLL713999,20221130,2022-11-30,58.4,166,171,5.84
1410,3,ROLL863376,20230914,2023-09-14,58.1,174,175,5.52
1411,3,ROLL853846,20220309,2022-03-09,63.1,175,173,8.8
1412,3,ROLL777995,20240726,2024-07-26,64.0,169,165,5.87
1413,3,ROLL522063,20230218,2023-02-18,62.5,182,185,3.94
1414,3,ROLL213683,20250831,2025-08-31,62.6,140,135,4.32
1415,3,ROLL881214,20250524,2025-05-24,60.8,193,197,8.9
1416,3,ROLL122203,20220606,2022-06-06,60.7,191,189,6.41
1417,3,ROLL914441,20250403,2025-04-03,58.4,180,183,8.26
1418,3,ROLL537166,20240903,2024-09-03,63.5,185,186,8.26
1419,3,ROLL708216,20250330,2025-03-30,59.3,142,144,8.6
1420,3,ROLL933067,20241230,2024-12-30,62.5,142,146,9.75
1421,3,ROLL639858,20230316,2023-03-16,59.4,172,171,7.16
1422,3,ROLL805048,20230124,2023-01-24,62.2,167,169,8.06
1423,3,ROLL667096,20240117,2024-01-17,60.6,166,171,4.23
1424,3,ROLL529754,20221222,2022-12-22,60.1,194,196,8.59
1425,3,ROLL805898,20220125,2022-01-25,63.2,191,191,5.76
1426,3,ROLL563094,20241206,2024-12-06,58.8,170,171,5.52
1427,3,ROLL389592,20250827,2025-08-27,58.5,178,181,4.12
1428,3,ROLL207964,20240114,2024-01-14,60.7,177,176,6.49
1429,3,ROLL705442,20240714,2024-07-14,60.1,194,189,4.36
1430,3,ROLL450061,20250906,2025-09-06,62.6,188,185,3.43
1431,3,ROLL558713,20231006,2023-10-06,63.8,165,169,9.94
1432,3,ROLL336735,20230423,2023-04-23,58.4,148,149,7.64
1433,3,ROLL368109,20230422,2023-04-22,60.1,200,200,9.67
1434,3,ROLL333497,20230527,2023-05-27,59.4,179,174,9.99
1435,3,ROLL583861,20240912,2024-09-12,62.5,192,191,8.43
1436,3,ROLL141127,20221019,2022-10-19,62.4,154,154,3.61
1437,3,ROLL639954,20240213,2024-02-13,60.1,181,178,4.9
1438,3,ROLL519128,20250222,2025-02-22,62.5,163,159,3.88
1439,3,ROLL842486,20240510,2024-05-10,61.3,170,175,7.02
1440,3,ROLL125924,20230223,2023-02-23,58.4,191,191,8.88
1441,3,ROLL320139,20231213,2023-12-13,60.4,199,200,7.2
1442,3,ROLL319011,20241213,2024-12-13,59.2,171,172,4.61
1443,3,ROLL370398,20220420,2022-04-20,58.8,174,174,7.88
1444,3,ROLL267081,20220524,2022-05-24,62.6,189,192,4.62
1445,3,ROLL246604,20250509,2025-05-09,63.4,193,191,6.48
1446,3,ROLL285297,20240318,2024-03-18,59.1,188,192,4.46
1447,3,ROLL137061,20220904,2022-09-04,59.4,154,156,8.77
1448,3,ROLL868972,20240209,2024-02-09,62.2,196,191,3.05
1449,3,ROLL826585,20240501,2024-05-01,61.5,149,154,4.45
1450,3,ROLL135682,20240214,2024-02-14,59.2,168,163,4.87
1451,3,ROLL300369,20240716,2024-07-16,59.4,188,186,7.78
1452,3,ROLL762968,20230913,2023-09-13,61.8,196,199,4.47
1453,3,ROLL394577,20250821,2025-08-21,60.2,180,176,3.9
1454,3,ROLL777033,20240623,2024-06-23,60.9,175,180,9.45
1455,3,ROLL382467,20240328,2024-03-28,60.8,168,164,7.15
1456,3,ROLL939853,20230630,2023-06-30,62.3,180,180,8.27
1457,3,ROLL820459,20220316,2022-03-16,62.1,170,171,7.0
1458,3,ROLL504375,20251022,2025-10-22,61.2,197,202,7.39
1459,3,ROLL410160,20221128,2022-11-28,60.2,185,185,5.15
1460,3,ROLL863265,20240408,2024-04-08,63.0,149,145,5.57
1461,3,ROLL798024,20230514,2023-05-14,62.2,190,188,6.24
1462,3,ROLL801200,20240511,2024-05-11,58.9,158,153,5.26
1463,3,ROLL847937,20240213,2024-02-13,58.9,192,194,4.39
1464,3,ROLL731803,20220914,2022-09-14,60.6,173,173,7.32
1465,3,ROLL375853,20220131,2022-01-31,62.4,148,151,9.94
1466,3,ROLL323750,20230515,2023-05-15,61.8,176,171,4.55
1467,3,ROLL579004,20240913,2024-09-13,61.7,178,180,9.4
1468,3,ROLL809821,20220324,2022-03-24,62.0,195,193,7.74
1469,3,ROLL184203,20231106,2023-11-06,62.2,141,139,4.15
1470,3,ROLL722710,20240402,2024-04-02,61.1,188,192,8.77
1471,3,ROLL541037,20231130,2023-11-30,63.8,191,191,8.46
1472,3,ROLL814012,20221112,2022-11-12,62.1,141,138,5.32
1473,3,ROLL515364,20220412,2022-04-12,60.6,196,201,6.67
1474,3,ROLL768882,20220303,2022-03-03,62.0,142,143,7.52
1475,3,ROLL333993,20250725,2025-07-25,63.9,171,172,6.3
1476,3,ROLL412310,20251025,2025-10-25,63.0,176,181,6.72
1477,3,ROLL358592,20231103,2023-11-03,58.9,177,177,8.07
1478,3,ROLL193351,20220421,2022-04-21,63.3,140,138,6.69
1479,3,ROLL294194,20220603,2022-06-03,59.9,194,196,5.67
1480,3,ROLL260121,20230923,2023-09-23,58.6,162,166,8.32
1481,3,ROLL353769,20230523,2023-05-23,63.4,168,167,4.44
1482,3,ROLL809534,20240903,2024-09-03,63.9,154,158,7.23
1483,3,ROLL744965,20230420,2023-04-20,60.0,178,177,3.05
1484,3,ROLL683355,20220221,2022-02-21,61.4,160,159,5.9
1485,3,ROLL556633,20220712,2022-07-12,62.7,181,181,4.39
1486,3,ROLL592757,20220706,2022-07-06,58.3,171,169,3.22
1487,3,ROLL256884,20250910,2025-09-10,62.4,145,140,7.64
1488,3,ROLL872067,20250703,2025-07-03,62.8,169,167,5.66
1489,3,ROLL494309,20250604,2025-06-04,59.3,187,184,5.46
1490,3,ROLL509491,20250604,2025-06-04,61.9,169,167,8.04
1491,3,ROLL966993,20250422,2025-04-22,59.1,200,198,5.0
1492,3,ROLL629522,20230724,2023-07-24,60.7,176,174,7.19
1493,3,ROLL168484,20230821,2023-08-21,60.6,165,160,8.58
1494,3,ROLL708447,20240526,2024-05-26,58.7,178,173,5.12
1495,3,ROLL644627,20230404,2023-04-04,60.6,186,181,8.23
1496,3,ROLL317970,20231112,2023-11-12,63.9,187,184,5.89
1497,3,ROLL418983,20250203,2025-02-03,63.5,168,171,9.21
1498,3,ROLL758453,20240502,2024-05-02,62.1,182,184,6.6
1499,3,ROLL743865,20220311,2022-03-11,60.2,200,199,3.64
1500,3,ROLL551669,20231217,2023-12-17,62.8,190,194,7.7
