YarnID,FactoryID,YarnLot,YarnCount,Supplier,DateKey,Date,ReceivedKG,IssuedKG,StoreLossKG
1,1,LOT86106,26/1,Square Spinning,20220824,2022-08-24,3265,3148,117
2,1,LOT83874,20/1,DBL Spinning,20220512,2022-05-12,1165,1030,135
3,1,LOT94076,16/1,Envoy Textiles,20240617,2024-06-17,2226,2129,97
4,1,LOT64602,16/1,DBL Spinning,20220608,2022-06-08,4579,4436,143
5,1,LOT81509,30/1,Envoy Textiles,20241025,2024-10-25,4456,4030,426
6,1,LOT99783,32/1,Envoy Textiles,20230417,2023-04-17,4215,3739,476
7,1,LOT17852,26/1,Local Supplier A,20240601,2024-06-01,3904,3624,280
8,1,LOT36741,30/1,Local Supplier B,20220602,2022-06-02,1676,1527,149
9,1,LOT51853,10/1,Envoy Textiles,20220315,2022-03-15,3766,3363,403
10,1,LOT58567,16/1,Local Supplier B,20241007,2024-10-07,1369,1248,121
11,1,LOT71141,20/1,Envoy Textiles,20220819,2022-08-19,4183,3784,399
12,1,LOT22689,20/1,Envoy Textiles,20250408,2025-04-08,3646,3523,123
13,1,LOT64805,26/1,Square Spinning,20230120,2023-01-20,3182,3097,85
14,1,LOT50988,26/1,Square Spinning,20230412,2023-04-12,4581,4487,94
15,1,LOT71186,32/1,Envoy Textiles,20251102,2025-11-02,4574,4035,539
16,1,LOT61543,16/1,Local Supplier A,20220718,2022-07-18,2472,2228,244
17,1,LOT56254,20/1,DBL Spinning,20241207,2024-12-07,2804,2606,198
18,1,LOT95755,10/1,Local Supplier A,20230908,2023-09-08,2840,2651,189
19,1,LOT24089,32/1,Square Spinning,20231117,2023-11-17,2666,2540,126
20,1,LOT62855,30/1,DBL Spinning,20230624,2023-06-24,3781,3346,435
21,1,LOT83638,26/1,Envoy Textiles,20230929,2023-09-29,2864,2541,323
22,1,LOT76093,32/1,Local Supplier B,20220327,2022-03-27,2791,2686,105
23,1,LOT91689,10/1,Local Supplier B,20220219,2022-02-19,1473,1315,158
24,1,LOT22672,32/1,Envoy Textiles,20240725,2024-07-25,3277,3066,211
25,1,LOT57920,26/1,Square Spinning,20250626,2025-06-26,4670,4297,373
26,1,LOT15276,20/1,DBL Spinning,20230225,2023-02-25,1622,1543,79
27,1,LOT72094,16/1,Local Supplier A,20220219,2022-02-19,1720,1617,103
28,1,LOT77568,26/1,Envoy Textiles,20220920,2022-09-20,3109,2786,323
29,1,LOT90805,10/1,Envoy Textiles,20240828,2024-08-28,3255,3029,226
30,1,LOT76809,16/1,Local Supplier A,20240716,2024-07-16,2955,2740,215
31,1,LOT12180,30/1,Envoy Textiles,20230104,2023-01-04,1397,1366,31
32,1,LOT86507,30/1,DBL Spinning,20251010,2025-10-10,4387,3977,410
33,1,LOT95929,16/1,Local Supplier B,20230629,2023-06-29,2364,2250,114
34,1,LOT86483,32/1,Square Spinning,20231111,2023-11-11,4794,4520,274
35,1,LOT91230,32/1,Square Spinning,20241026,2024-10-26,2484,2193,291
36,1,LOT24404,26/1,DBL Spinning,20220603,2022-06-03,4112,3747,365
37,1,LOT29848,32/1,Square Spinning,20230128,2023-01-28,3861,3591,270
38,1,LOT90147,32/1,DBL Spinning,20220510,2022-05-10,1631,1519,112
39,1,LOT83516,30/1,Local Supplier A,20251013,2025-10-13,4804,4408,396
40,1,LOT32699,32/1,Local Supplier B,20230130,2023-01-30,3304,3088,216
41,1,LOT98587,10/1,Envoy Textiles,20250108,2025-01-08,4466,4015,451
42,1,LOT42311,30/1,Local Supplier B,20240323,2024-03-23,2945,2657,288
43,1,LOT49008,30/1,Square Spinning,20231123,2023-11-23,4505,4107,398
44,1,LOT55718,16/1,Envoy Textiles,20250417,2025-04-17,2857,2548,309
45,1,LOT98686,16/1,Local Supplier A,20220919,2022-09-19,3732,3589,143
46,1,LOT29198,30/1,DBL Spinning,20220822,2022-08-22,2856,2786,70
47,1,LOT20358,30/1,Local Supplier A,20240816,2024-08-16,2600,2482,118
48,1,LOT38047,26/1,Local Supplier B,20231210,2023-12-10,2721,2648,73
49,1,LOT45601,26/1,DBL Spinning,20250202,2025-02-02,2460,2224,236
50,1,LOT97796,16/1,Square Spinning,20241225,2024-12-25,2407,2130,277
51,1,LOT64172,30/1,Local Supplier A,20221216,2022-12-16,1323,1254,69
52,1,LOT28018,20/1,Local Supplier B,20220111,2022-01-11,1793,1650,143
53,1,LOT72350,32/1,Square Spinning,20220309,2022-03-09,2853,2602,251
54,1,LOT94659,20/1,DBL Spinning,20230617,2023-06-17,2402,2242,160
55,1,LOT14888,26/1,Local Supplier A,20230826,2023-08-26,1940,1888,52
56,1,LOT14763,32/1,Local Supplier A,20220505,2022-05-05,2026,1972,54
57,1,LOT47941,20/1,DBL Spinning,20240826,2024-08-26,2944,2757,187
58,1,LOT24064,30/1,Envoy Textiles,20250813,2025-08-13,4222,4132,90
59,1,LOT81211,16/1,Local Supplier A,20230321,2023-03-21,1599,1543,56
60,1,LOT71344,30/1,Square Spinning,20240823,2024-08-23,1422,1298,124
61,1,LOT70150,10/1,Envoy Textiles,20240822,2024-08-22,2025,1784,241
62,1,LOT54185,30/1,Local Supplier B,20251014,2025-10-14,2082,1868,214
63,1,LOT93719,32/1,Local Supplier A,20220103,2022-01-03,4721,4309,412
64,1,LOT62538,10/1,DBL Spinning,20240607,2024-06-07,2013,1969,44
65,1,LOT72580,30/1,Square Spinning,20241106,2024-11-06,555,502,53
66,1,LOT40870,32/1,Envoy Textiles,20241206,2024-12-06,3200,2912,288
67,1,LOT85088,20/1,Envoy Textiles,20250114,2025-01-14,3445,3270,175
68,1,LOT18142,10/1,DBL Spinning,20240821,2024-08-21,4312,3926,386
69,1,LOT63138,10/1,Local Supplier B,20230325,2023-03-25,3047,2891,156
70,1,LOT93717,30/1,Envoy Textiles,20230812,2023-08-12,2309,2082,227
71,1,LOT27507,32/1,Square Spinning,20221101,2022-11-01,4227,4035,192
72,1,LOT89395,30/1,Local Supplier A,20240521,2024-05-21,4999,4855,144
73,1,LOT80453,10/1,Square Spinning,20250204,2025-02-04,2527,2395,132
74,1,LOT88094,20/1,Local Supplier B,20250525,2025-05-25,4159,3879,280
75,1,LOT57419,20/1,Local Supplier B,20250824,2025-08-24,1419,1257,162
76,1,LOT81781,16/1,Square Spinning,20250610,2025-06-10,4896,4381,515
77,1,LOT53007,16/1,Local Supplier A,20240906,2024-09-06,1452,1376,76
78,1,LOT86434,32/1,DBL Spinning,20240508,2024-05-08,4680,4326,354
79,1,LOT17292,32/1,Square Spinning,20241002,2024-10-02,4704,4334,370
80,1,LOT83912,20/1,Local Supplier B,20250527,2025-05-27,4287,4060,227
81,1,LOT50392,10/1,DBL Spinning,20240927,2024-09-27,3743,3389,354
82,1,LOT10395,10/1,Square Spinning,20240110,2024-01-10,1098,971,127
83,1,LOT55158,10/1,DBL Spinning,20230405,2023-04-05,4933,4831,102
84,1,LOT19046,32/1,DBL Spinning,20230421,2023-04-21,2851,2625,226
85,1,LOT27750,10/1,Local Supplier A,20250624,2025-06-24,3567,3493,74
86,1,LOT60132,32/1,Local Supplier A,20250816,2025-08-16,3577,3176,401
87,1,LOT96742,16/1,Square Spinning,20230414,2023-04-14,3348,2985,363
88,1,LOT80419,32/1,Local Supplier B,20220810,2022-08-10,1543,1470,73
89,1,LOT39188,20/1,DBL Spinning,20250423,2025-04-23,2944,2727,217
90,1,LOT81361,32/1,Local Supplier B,20250430,2025-04-30,3607,3471,136
91,1,LOT42441,32/1,Envoy Textiles,20240114,2024-01-14,1770,1606,164
92,1,LOT24790,20/1,Local Supplier A,20230430,2023-04-30,628,567,61
93,1,LOT18819,20/1,Local Supplier B,20251109,2025-11-09,775,716,59
94,1,LOT98083,10/1,DBL Spinning,20240504,2024-05-04,2504,2388,116
95,1,LOT62725,32/1,Square Spinning,20230522,2023-05-22,4921,4437,484
96,1,LOT17398,26/1,Local Supplier B,20230123,2023-01-23,2869,2591,278
97,1,LOT85511,30/1,Local Supplier B,20250608,2025-06-08,3126,2824,302
98,1,LOT28777,10/1,Local Supplier B,20250610,2025-06-10,2310,2128,182
99,1,LOT46064,20/1,Local Supplier B,20240604,2024-06-04,1934,1822,112
100,1,LOT65994,16/1,Local Supplier A,20250215,2025-02-15,884,863,21
101,1,LOT94320,10/1,Local Supplier A,20231228,2023-12-28,4796,4373,423
102,1,LOT64568,32/1,Square Spinning,20230531,2023-05-31,2956,2712,244
103,1,LOT80507,32/1,Square Spinning,20220520,2022-05-20,2346,2135,211
104,1,LOT28920,32/1,DBL Spinning,20250613,2025-06-13,3880,3789,91
105,1,LOT83044,16/1,Square Spinning,20220316,2022-03-16,3681,3328,353
106,1,LOT36651,30/1,DBL Spinning,20231026,2023-10-26,4184,4036,148
107,1,LOT22119,16/1,Square Spinning,20240423,2024-04-23,922,836,86
108,1,LOT98299,16/1,Local Supplier B,20221218,2022-12-18,823,796,27
109,1,LOT34662,16/1,Local Supplier B,20241222,2024-12-22,2277,2112,165
110,1,LOT53642,30/1,DBL Spinning,20240828,2024-08-28,2235,2176,59
111,1,LOT25376,10/1,Local Supplier A,20231215,2023-12-15,2487,2361,126
112,1,LOT36805,32/1,Square Spinning,20220125,2022-01-25,3134,3000,134
113,1,LOT59894,32/1,Local Supplier B,20240513,2024-05-13,3443,3136,307
114,1,LOT57139,16/1,Local Supplier A,20230324,2023-03-24,4317,3841,476
115,1,LOT71537,30/1,Square Spinning,20250404,2025-04-04,3536,3222,314
116,1,LOT15992,16/1,Square Spinning,20220208,2022-02-08,1695,1494,201
117,1,LOT82523,16/1,Local Supplier B,20250921,2025-09-21,3920,3565,355
118,1,LOT35715,30/1,Square Spinning,20240907,2024-09-07,3611,3383,228
119,1,LOT42208,32/1,Local Supplier B,20240914,2024-09-14,3265,2957,308
120,1,LOT74044,10/1,Local Supplier A,20240819,2024-08-19,4275,3833,442
121,1,LOT56160,26/1,Square Spinning,20230328,2023-03-28,4977,4622,355
122,1,LOT81058,10/1,DBL Spinning,20221125,2022-11-25,4792,4233,559
123,1,LOT19742,10/1,DBL Spinning,20240829,2024-08-29,552,508,44
124,1,LOT92667,26/1,DBL Spinning,20230211,2023-02-11,1737,1530,207
125,1,LOT76287,32/1,Envoy Textiles,20250524,2025-05-24,995,937,58
126,1,LOT97392,16/1,Local Supplier A,20250720,2025-07-20,4496,3963,533
127,1,LOT79758,16/1,Local Supplier A,20220916,2022-09-16,597,526,71
128,1,LOT46010,16/1,Envoy Textiles,20250611,2025-06-11,640,595,45
129,1,LOT98346,32/1,Square Spinning,20240906,2024-09-06,1376,1337,39
130,1,LOT78732,26/1,Square Spinning,20250903,2025-09-03,2072,1951,121
131,1,LOT43084,30/1,Envoy Textiles,20231127,2023-11-27,3751,3330,421
132,1,LOT63218,32/1,Local Supplier B,20231007,2023-10-07,2492,2439,53
133,1,LOT39603,30/1,DBL Spinning,20231007,2023-10-07,759,675,84
134,1,LOT59710,32/1,Local Supplier B,20250112,2025-01-12,4399,3895,504
135,1,LOT11238,10/1,Square Spinning,20230418,2023-04-18,1177,1094,83
136,1,LOT66873,10/1,Envoy Textiles,20231225,2023-12-25,1281,1241,40
137,1,LOT15577,26/1,Square Spinning,20230720,2023-07-20,4395,3986,409
138,1,LOT19744,10/1,Envoy Textiles,20230509,2023-05-09,4948,4633,315
139,1,LOT14312,26/1,Envoy Textiles,20230227,2023-02-27,628,613,15
140,1,LOT86943,26/1,Local Supplier A,20230628,2023-06-28,1130,1028,102
141,1,LOT83919,26/1,Local Supplier B,20230128,2023-01-28,3687,3494,193
142,1,LOT80852,30/1,Local Supplier A,20230430,2023-04-30,1646,1578,68
143,1,LOT20279,16/1,Envoy Textiles,20220212,2022-02-12,939,835,104
144,1,LOT40427,20/1,Envoy Textiles,20240626,2024-06-26,3749,3662,87
145,1,LOT52778,20/1,Envoy Textiles,20241022,2024-10-22,4190,3892,298
146,1,LOT56636,16/1,Local Supplier A,20220413,2022-04-13,4037,3627,410
147,1,LOT86791,10/1,Local Supplier A,20250810,2025-08-10,1202,1150,52
148,1,LOT48715,26/1,DBL Spinning,20221102,2022-11-02,1172,1062,110
149,1,LOT59807,10/1,Square Spinning,20241130,2024-11-30,3691,3364,327
150,1,LOT23965,20/1,DBL Spinning,20221020,2022-10-20,3025,2796,229
151,1,LOT45358,20/1,Square Spinning,20220719,2022-07-19,1215,1091,124
152,1,LOT68830,16/1,Local Supplier B,20240622,2024-06-22,4697,4325,372
153,1,LOT13442,20/1,Envoy Textiles,20240104,2024-01-04,1262,1185,77
154,1,LOT52523,32/1,DBL Spinning,20220825,2022-08-25,2890,2662,228
155,1,LOT21101,10/1,Local Supplier B,20221114,2022-11-14,2488,2331,157
156,1,LOT32227,10/1,Local Supplier A,20240729,2024-07-29,1888,1687,201
157,1,LOT49469,30/1,Local Supplier A,20221027,2022-10-27,1695,1502,193
158,1,LOT66973,30/1,Local Supplier A,20230705,2023-07-05,2955,2743,212
159,1,LOT20082,30/1,Envoy Textiles,20240817,2024-08-17,2520,2399,121
160,1,LOT74985,16/1,Local Supplier B,20230619,2023-06-19,2101,1945,156
161,1,LOT27758,30/1,DBL Spinning,20230516,2023-05-16,3741,3416,325
162,1,LOT91289,32/1,Envoy Textiles,20221212,2022-12-12,4106,3750,356
163,1,LOT95332,16/1,Square Spinning,20240702,2024-07-02,2961,2700,261
164,1,LOT36326,32/1,Envoy Textiles,20240628,2024-06-28,1955,1908,47
165,1,LOT51830,30/1,Local Supplier A,20231112,2023-11-12,2485,2267,218
166,1,LOT46739,32/1,Envoy Textiles,20240106,2024-01-06,1432,1393,39
167,1,LOT36188,16/1,Local Supplier B,20241106,2024-11-06,1973,1870,103
168,1,LOT82102,20/1,Local Supplier A,20230620,2023-06-20,2217,2048,169
169,1,LOT48185,10/1,DBL Spinning,20220928,2022-09-28,3851,3648,203
170,1,LOT28242,10/1,Envoy Textiles,20220104,2022-01-04,2482,2246,236
171,1,LOT30203,10/1,Local Supplier A,20221126,2022-11-26,3588,3183,405
172,1,LOT88372,32/1,Local Supplier B,20251017,2025-10-17,3783,3531,252
173,1,LOT64827,16/1,DBL Spinning,20250604,2025-06-04,3445,3273,172
174,1,LOT80373,16/1,DBL Spinning,20220114,2022-01-14,1395,1334,61
175,1,LOT96193,10/1,Envoy Textiles,20240521,2024-05-21,1862,1759,103
176,1,LOT15806,16/1,Local Supplier A,20230328,2023-03-28,3216,3140,76
177,1,LOT66420,20/1,DBL Spinning,20220408,2022-04-08,1307,1183,124
178,1,LOT76935,10/1,Local Supplier B,20220903,2022-09-03,2310,2135,175
179,1,LOT61266,32/1,Local Supplier B,20230827,2023-08-27,4599,4116,483
180,1,LOT13219,32/1,DBL Spinning,20220712,2022-07-12,2920,2691,229
181,1,LOT21253,20/1,Square Spinning,20230614,2023-06-14,3353,3055,298
182,1,LOT69681,26/1,Local Supplier B,20221006,2022-10-06,4456,4076,380
183,1,LOT22795,32/1,Local Supplier A,20221120,2022-11-20,3112,2759,353
184,1,LOT15856,10/1,DBL Spinning,20231204,2023-12-04,685,660,25
185,1,LOT94930,20/1,Square Spinning,20220525,2022-05-25,2498,2327,171
186,1,LOT82339,26/1,Envoy Textiles,20230319,2023-03-19,3992,3895,97
187,1,LOT40389,32/1,Square Spinning,20220521,2022-05-21,2026,1912,114
188,1,LOT66640,32/1,DBL Spinning,20230307,2023-03-07,2116,1957,159
189,1,LOT66302,32/1,DBL Spinning,20231119,2023-11-19,2259,2034,225
190,1,LOT18200,16/1,DBL Spinning,20250519,2025-05-19,4898,4401,497
191,1,LOT52727,26/1,Local Supplier A,20220623,2022-06-23,1433,1298,135
192,1,LOT74157,16/1,Envoy Textiles,20221109,2022-11-09,3683,3466,217
193,1,LOT86939,20/1,Envoy Textiles,20250221,2025-02-21,3383,3263,120
194,1,LOT90918,26/1,Envoy Textiles,20240927,2024-09-27,1194,1130,64
195,1,LOT51049,20/1,Square Spinning,20251014,2025-10-14,3001,2675,326
196,1,LOT58929,10/1,Square Spinning,20240409,2024-04-09,4684,4303,381
197,1,LOT88174,26/1,Local Supplier B,20230504,2023-05-04,3643,3359,284
198,1,LOT73788,10/1,Local Supplier B,20220313,2022-03-13,1919,1795,124
199,1,LOT74178,30/1,Square Spinning,20220501,2022-05-01,2032,1852,180
200,1,LOT69113,16/1,DBL Spinning,20240303,2024-03-03,3441,3355,86
201,1,LOT73518,26/1,Square Spinning,20220407,2022-04-07,3645,3558,87
202,1,LOT76248,10/1,Local Supplier A,20220802,2022-08-02,3851,3652,199
203,1,LOT64477,10/1,Local Supplier A,20220725,2022-07-25,4503,4037,466
204,1,LOT84107,20/1,Square Spinning,20241103,2024-11-03,2892,2554,338
205,1,LOT39470,16/1,Envoy Textiles,20220915,2022-09-15,1877,1798,79
206,1,LOT84140,10/1,Local Supplier A,20240409,2024-04-09,4684,4174,510
207,1,LOT24969,30/1,Local Supplier B,20240730,2024-07-30,3505,3274,231
208,1,LOT15453,10/1,Local Supplier A,20251008,2025-10-08,4975,4486,489
209,1,LOT65725,20/1,Square Spinning,20230206,2023-02-06,2938,2842,96
210,1,LOT14224,32/1,Envoy Textiles,20240727,2024-07-27,3355,3241,114
211,1,LOT21401,32/1,DBL Spinning,20251012,2025-10-12,2441,2199,242
212,1,LOT87060,10/1,Envoy Textiles,20220623,2022-06-23,4007,3592,415
213,1,LOT28249,26/1,Square Spinning,20251111,2025-11-11,986,923,63
214,1,LOT79767,30/1,Local Supplier B,20230504,2023-05-04,4913,4406,507
215,1,LOT48356,30/1,Local Supplier B,20231213,2023-12-13,2690,2623,67
216,1,LOT77425,10/1,DBL Spinning,20220529,2022-05-29,1610,1571,39
217,1,LOT63948,20/1,Envoy Textiles,20250723,2025-07-23,1539,1462,77
218,1,LOT27392,26/1,Square Spinning,20220209,2022-02-09,3138,3021,117
219,1,LOT98635,32/1,Local Supplier A,20240918,2024-09-18,1664,1560,104
220,1,LOT45221,10/1,Local Supplier A,20241111,2024-11-11,3573,3305,268
221,1,LOT93050,20/1,Local Supplier A,20220324,2022-03-24,4723,4510,213
222,1,LOT58374,32/1,Local Supplier A,20230413,2023-04-13,3181,2984,197
223,1,LOT22208,10/1,Local Supplier A,20240121,2024-01-21,3434,3313,121
224,1,LOT80048,32/1,Square Spinning,20231006,2023-10-06,4019,3868,151
225,1,LOT74843,30/1,Envoy Textiles,20241008,2024-10-08,2823,2579,244
226,1,LOT85750,26/1,Local Supplier B,20230518,2023-05-18,4475,4290,185
227,1,LOT99463,20/1,DBL Spinning,20240313,2024-03-13,1315,1239,76
228,1,LOT70238,20/1,DBL Spinning,20250322,2025-03-22,1794,1657,137
229,1,LOT10088,32/1,Square Spinning,20250723,2025-07-23,1580,1529,51
230,1,LOT49566,26/1,Envoy Textiles,20250803,2025-08-03,1264,1195,69
231,1,LOT42819,20/1,Envoy Textiles,20220531,2022-05-31,1855,1642,213
232,1,LOT91999,30/1,Square Spinning,20240219,2024-02-19,4016,3797,219
233,1,LOT22475,20/1,Square Spinning,20221215,2022-12-15,4406,3911,495
234,1,LOT87814,26/1,Local Supplier B,20240817,2024-08-17,4145,3651,494
235,1,LOT55032,20/1,Local Supplier A,20220806,2022-08-06,1582,1467,115
236,1,LOT40008,32/1,DBL Spinning,20231219,2023-12-19,1339,1192,147
237,1,LOT58177,30/1,Square Spinning,20220923,2022-09-23,3635,3479,156
238,1,LOT27451,10/1,Square Spinning,20230512,2023-05-12,1060,989,71
239,1,LOT11110,16/1,Square Spinning,20241129,2024-11-29,4105,3756,349
240,1,LOT37925,10/1,Square Spinning,20240620,2024-06-20,3872,3645,227
241,1,LOT67984,26/1,DBL Spinning,20230726,2023-07-26,1323,1182,141
242,1,LOT26142,16/1,Local Supplier A,20230717,2023-07-17,3379,3299,80
243,1,LOT51222,26/1,Square Spinning,20230511,2023-05-11,2768,2614,154
244,1,LOT42527,16/1,Local Supplier B,20240320,2024-03-20,2834,2714,120
245,1,LOT13515,10/1,Envoy Textiles,20240227,2024-02-27,2183,2034,149
246,1,LOT76784,26/1,Local Supplier A,20220707,2022-07-07,2921,2759,162
247,1,LOT41370,32/1,Local Supplier A,20231024,2023-10-24,1423,1286,137
248,1,LOT93634,16/1,DBL Spinning,20240418,2024-04-18,4827,4676,151
249,1,LOT11581,30/1,Envoy Textiles,20240724,2024-07-24,1581,1452,129
250,1,LOT84498,32/1,Envoy Textiles,20230708,2023-07-08,4975,4717,258
251,1,LOT71736,20/1,DBL Spinning,20250721,2025-07-21,1053,928,125
252,1,LOT38277,20/1,DBL Spinning,20220601,2022-06-01,3760,3499,261
253,1,LOT92388,10/1,Local Supplier B,20221209,2022-12-09,3903,3599,304
254,1,LOT62727,20/1,Local Supplier B,20250802,2025-08-02,4904,4617,287
255,1,LOT46368,20/1,Envoy Textiles,20241203,2024-12-03,1147,1068,79
256,1,LOT36633,26/1,Local Supplier B,20240923,2024-09-23,3176,2918,258
257,1,LOT93138,10/1,DBL Spinning,20220627,2022-06-27,3040,2887,153
258,1,LOT41278,20/1,Square Spinning,20241109,2024-11-09,1206,1172,34
259,1,LOT25202,32/1,Local Supplier B,20230412,2023-04-12,950,865,85
260,1,LOT96252,10/1,Square Spinning,20220330,2022-03-30,1478,1302,176
261,1,LOT27984,10/1,DBL Spinning,20241120,2024-11-20,1842,1712,130
262,1,LOT55443,16/1,Local Supplier B,20220810,2022-08-10,2623,2352,271
263,1,LOT26637,10/1,Envoy Textiles,20240205,2024-02-05,1467,1404,63
264,1,LOT13847,30/1,Local Supplier A,20221211,2022-12-11,2728,2543,185
265,1,LOT44465,10/1,Local Supplier B,20230728,2023-07-28,1131,1051,80
266,1,LOT76949,30/1,DBL Spinning,20250720,2025-07-20,4592,4435,157
267,1,LOT31873,30/1,Square Spinning,20250903,2025-09-03,2589,2478,111
268,1,LOT85223,10/1,DBL Spinning,20250222,2025-02-22,2371,2262,109
269,1,LOT10336,20/1,DBL Spinning,20250121,2025-01-21,2503,2214,289
270,1,LOT57707,32/1,Square Spinning,20241011,2024-10-11,1966,1913,53
271,1,LOT14635,16/1,Local Supplier A,20230203,2023-02-03,2339,2133,206
272,1,LOT64559,10/1,Envoy Textiles,20241018,2024-10-18,2722,2620,102
273,1,LOT84912,30/1,DBL Spinning,20220521,2022-05-21,4612,4369,243
274,1,LOT16903,26/1,Square Spinning,20231101,2023-11-01,4725,4621,104
275,1,LOT62550,20/1,Local Supplier A,20250322,2025-03-22,2812,2692,120
276,1,LOT50723,30/1,DBL Spinning,20241103,2024-11-03,4241,3735,506
277,1,LOT36302,30/1,Local Supplier B,20221103,2022-11-03,2989,2851,138
278,1,LOT41795,32/1,Envoy Textiles,20250808,2025-08-08,4541,4449,92
279,1,LOT35614,10/1,Local Supplier B,20241211,2024-12-11,2508,2244,264
280,1,LOT63744,20/1,Square Spinning,20230823,2023-08-23,4936,4514,422
281,1,LOT11257,30/1,DBL Spinning,20240705,2024-07-05,3582,3456,126
282,1,LOT50306,20/1,Square Spinning,20250414,2025-04-14,4840,4735,105
283,1,LOT65026,32/1,DBL Spinning,20241103,2024-11-03,1666,1584,82
284,1,LOT22193,20/1,Square Spinning,20220309,2022-03-09,4757,4382,375
285,1,LOT58823,32/1,DBL Spinning,20220206,2022-02-06,1282,1192,90
286,1,LOT93521,32/1,DBL Spinning,20240602,2024-06-02,1010,932,78
287,1,LOT27132,26/1,Envoy Textiles,20230902,2023-09-02,2638,2545,93
288,1,LOT61505,10/1,Envoy Textiles,20221227,2022-12-27,3105,2872,233
289,1,LOT40619,20/1,Square Spinning,20250915,2025-09-15,1615,1547,68
290,1,LOT86638,20/1,Square Spinning,20220201,2022-02-01,1365,1223,142
291,1,LOT71086,30/1,Local Supplier A,20220209,2022-02-09,1489,1390,99
292,1,LOT37215,32/1,Envoy Textiles,20220820,2022-08-20,4295,3893,402
293,1,LOT25717,20/1,Square Spinning,20250323,2025-03-23,2992,2880,112
294,1,LOT89076,20/1,Square Spinning,20241229,2024-12-29,3185,2850,335
295,1,LOT42534,30/1,Local Supplier A,20221004,2022-10-04,4706,4164,542
296,1,LOT49169,30/1,Square Spinning,20220406,2022-04-06,754,735,19
297,1,LOT69270,16/1,Local Supplier B,20230622,2023-06-22,2546,2264,282
298,1,LOT23357,26/1,DBL Spinning,20230105,2023-01-05,597,529,68
299,1,LOT39135,26/1,Square Spinning,20230417,2023-04-17,3781,3468,313
300,1,LOT92614,10/1,DBL Spinning,20230602,2023-06-02,2620,2545,75
301,2,LOT19828,20/1,DBL Spinning,20250102,2025-01-02,2119,2055,64
302,2,LOT68121,26/1,DBL Spinning,20230107,2023-01-07,3216,2869,347
303,2,LOT70423,20/1,Square Spinning,20221228,2022-12-28,4048,3894,154
304,2,LOT61773,32/1,DBL Spinning,20220625,2022-06-25,3635,3447,188
305,2,LOT32650,30/1,Square Spinning,20221104,2022-11-04,2033,1844,189
306,2,LOT68459,26/1,DBL Spinning,20251028,2025-10-28,2513,2374,139
307,2,LOT75390,32/1,Local Supplier B,20230917,2023-09-17,4424,3920,504
308,2,LOT46670,32/1,Square Spinning,20230421,2023-04-21,3934,3540,394
309,2,LOT78919,26/1,Local Supplier B,20240930,2024-09-30,659,645,14
310,2,LOT57069,32/1,Local Supplier B,20240802,2024-08-02,4470,4087,383
311,2,LOT84141,16/1,Envoy Textiles,20221130,2022-11-30,3681,3338,343
312,2,LOT13416,30/1,Local Supplier B,20250201,2025-02-01,2294,2025,269
313,2,LOT46822,20/1,Local Supplier A,20230926,2023-09-26,4837,4429,408
314,2,LOT86544,26/1,Square Spinning,20241013,2024-10-13,1320,1194,126
315,2,LOT41608,30/1,Local Supplier B,20231006,2023-10-06,958,916,42
316,2,LOT38758,16/1,Local Supplier A,20240503,2024-05-03,3406,3315,91
317,2,LOT32768,26/1,Square Spinning,20220712,2022-07-12,3105,2982,123
318,2,LOT57026,16/1,DBL Spinning,20230102,2023-01-02,3380,3294,86
319,2,LOT83873,26/1,Local Supplier B,20230504,2023-05-04,2042,1967,75
320,2,LOT74517,16/1,Envoy Textiles,20230814,2023-08-14,1938,1800,138
321,2,LOT21830,20/1,Square Spinning,20250627,2025-06-27,2292,2021,271
322,2,LOT72650,20/1,Envoy Textiles,20221029,2022-10-29,2150,2065,85
323,2,LOT54663,10/1,Square Spinning,20220803,2022-08-03,3150,2790,360
324,2,LOT29360,16/1,Square Spinning,20251001,2025-10-01,1408,1358,50
325,2,LOT57826,20/1,Envoy Textiles,20241008,2024-10-08,3740,3510,230
326,2,LOT54113,30/1,Envoy Textiles,20220612,2022-06-12,1617,1580,37
327,2,LOT67261,10/1,Local Supplier A,20240315,2024-03-15,3099,2781,318
328,2,LOT83659,10/1,Local Supplier B,20220504,2022-05-04,3423,3088,335
329,2,LOT87194,26/1,Local Supplier A,20240306,2024-03-06,3013,2872,141
330,2,LOT48602,26/1,Square Spinning,20241202,2024-12-02,514,501,13
331,2,LOT85082,32/1,Local Supplier B,20230406,2023-04-06,765,687,78
332,2,LOT51709,16/1,Square Spinning,20221206,2022-12-06,1352,1316,36
333,2,LOT28434,30/1,DBL Spinning,20230908,2023-09-08,2449,2240,209
334,2,LOT51879,26/1,DBL Spinning,20230801,2023-08-01,3250,3005,245
335,2,LOT44761,26/1,Square Spinning,20231227,2023-12-27,1055,965,90
336,2,LOT24160,10/1,DBL Spinning,20220609,2022-06-09,894,821,73
337,2,LOT65004,26/1,Local Supplier A,20240801,2024-08-01,4539,4394,145
338,2,LOT56036,16/1,Local Supplier A,20230716,2023-07-16,1330,1280,50
339,2,LOT85766,10/1,Square Spinning,20240131,2024-01-31,1832,1694,138
340,2,LOT14379,30/1,DBL Spinning,20221030,2022-10-30,3110,2818,292
341,2,LOT23726,20/1,Envoy Textiles,20240420,2024-04-20,1893,1833,60
342,2,LOT31090,10/1,DBL Spinning,20250822,2025-08-22,4981,4852,129
343,2,LOT22203,30/1,Local Supplier B,20231224,2023-12-24,4454,4233,221
344,2,LOT66534,10/1,Square Spinning,20240607,2024-06-07,4056,3633,423
345,2,LOT23272,30/1,Square Spinning,20230904,2023-09-04,2056,1893,163
346,2,LOT82628,10/1,Local Supplier B,20250427,2025-04-27,2673,2528,145
347,2,LOT48980,26/1,DBL Spinning,20230720,2023-07-20,906,832,74
348,2,LOT82045,32/1,Square Spinning,20230226,2023-02-26,946,866,80
349,2,LOT66047,20/1,Envoy Textiles,20250518,2025-05-18,4434,3990,444
350,2,LOT13373,26/1,Square Spinning,20250401,2025-04-01,2890,2825,65
351,2,LOT72071,20/1,Envoy Textiles,20240405,2024-04-05,3756,3482,274
352,2,LOT96643,30/1,DBL Spinning,20231023,2023-10-23,4957,4554,403
353,2,LOT58630,32/1,Envoy Textiles,20230425,2023-04-25,2028,1875,153
354,2,LOT44510,32/1,Local Supplier A,20221226,2022-12-26,2657,2398,259
355,2,LOT45200,16/1,DBL Spinning,20220924,2022-09-24,1738,1660,78
356,2,LOT97486,20/1,DBL Spinning,20241029,2024-10-29,3316,3186,130
357,2,LOT64262,16/1,Square Spinning,20221204,2022-12-04,999,963,36
358,2,LOT78495,32/1,Local Supplier B,20241213,2024-12-13,4389,4113,276
359,2,LOT40886,32/1,Envoy Textiles,20250115,2025-01-15,1146,1053,93
360,2,LOT14551,16/1,Local Supplier B,20241031,2024-10-31,4733,4543,190
361,2,LOT98805,16/1,Square Spinning,20240827,2024-08-27,1485,1447,38
362,2,LOT68856,26/1,Square Spinning,20230706,2023-07-06,2235,2147,88
363,2,LOT26539,20/1,Local Supplier A,20230725,2023-07-25,1141,1116,25
364,2,LOT67067,26/1,Square Spinning,20250125,2025-01-25,2612,2382,230
365,2,LOT18783,20/1,Local Supplier A,20230326,2023-03-26,3755,3511,244
366,2,LOT46202,16/1,Local Supplier A,20220420,2022-04-20,601,576,25
367,2,LOT91665,16/1,Local Supplier B,20240601,2024-06-01,3937,3508,429
368,2,LOT29613,26/1,Local Supplier B,20250219,2025-02-19,1320,1283,37
369,2,LOT83752,20/1,Envoy Textiles,20240303,2024-03-03,4887,4730,157
370,2,LOT63856,30/1,Local Supplier A,20241004,2024-10-04,4477,4195,282
371,2,LOT72003,20/1,Square Spinning,20220817,2022-08-17,2756,2536,220
372,2,LOT91034,16/1,Local Supplier A,20230608,2023-06-08,817,751,66
373,2,LOT53449,10/1,Square Spinning,20221117,2022-11-17,903,861,42
374,2,LOT45203,30/1,DBL Spinning,20221119,2022-11-19,3267,3141,126
375,2,LOT49722,30/1,Envoy Textiles,20221209,2022-12-09,4527,4372,155
376,2,LOT99764,20/1,Square Spinning,20250403,2025-04-03,1600,1456,144
377,2,LOT68079,30/1,Envoy Textiles,20230513,2023-05-13,3914,3681,233
378,2,LOT21703,26/1,Local Supplier A,20231030,2023-10-30,2231,2167,64
379,2,LOT63368,10/1,Local Supplier A,20250508,2025-05-08,4731,4573,158
380,2,LOT17367,16/1,Square Spinning,20250807,2025-08-07,1037,944,93
381,2,LOT76426,32/1,Square Spinning,20250930,2025-09-30,4794,4640,154
382,2,LOT13794,26/1,Square Spinning,20230308,2023-03-08,2144,2066,78
383,2,LOT42701,20/1,Local Supplier A,20240121,2024-01-21,914,888,26
384,2,LOT36097,30/1,Envoy Textiles,20251121,2025-11-21,4302,4003,299
385,2,LOT93284,20/1,DBL Spinning,20230517,2023-05-17,2481,2275,206
386,2,LOT87862,32/1,Square Spinning,20250111,2025-01-11,4387,4118,269
387,2,LOT55843,30/1,Square Spinning,20250716,2025-07-16,2618,2499,119
388,2,LOT21847,30/1,DBL Spinning,20230509,2023-05-09,3666,3244,422
389,2,LOT85007,26/1,Square Spinning,20221117,2022-11-17,2344,2221,123
390,2,LOT45269,10/1,Local Supplier A,20240705,2024-07-05,4704,4148,556
391,2,LOT99417,20/1,Local Supplier A,20240928,2024-09-28,1583,1495,88
392,2,LOT88792,20/1,Square Spinning,20240504,2024-05-04,2567,2415,152
393,2,LOT50037,10/1,Envoy Textiles,20220127,2022-01-27,3971,3850,121
394,2,LOT55706,32/1,Envoy Textiles,20220307,2022-03-07,2287,2119,168
395,2,LOT98761,16/1,Local Supplier B,20240406,2024-04-06,3753,3521,232
396,2,LOT10963,16/1,Envoy Textiles,20241215,2024-12-15,2815,2561,254
397,2,LOT24169,32/1,DBL Spinning,20250924,2025-09-24,3254,3185,69
398,2,LOT93964,30/1,Envoy Textiles,20230709,2023-07-09,2639,2495,144
399,2,LOT95389,30/1,Square Spinning,20250308,2025-03-08,1728,1610,118
400,2,LOT41496,20/1,Local Supplier B,20250322,2025-03-22,3810,3604,206
401,2,LOT99228,26/1,DBL Spinning,20250630,2025-06-30,4574,4481,93
402,2,LOT44003,32/1,Local Supplier A,20241122,2024-11-22,3680,3509,171
403,2,LOT86418,10/1,Local Supplier B,20231017,2023-10-17,2055,1878,177
404,2,LOT39145,10/1,Local Supplier B,20250525,2025-05-25,4397,4267,130
405,2,LOT98063,30/1,Local Supplier B,20240422,2024-04-22,2959,2854,105
406,2,LOT96194,16/1,Square Spinning,20250323,2025-03-23,2906,2585,321
407,2,LOT26769,10/1,Envoy Textiles,20250930,2025-09-30,1999,1948,51
408,2,LOT53992,10/1,DBL Spinning,20250508,2025-05-08,2320,2124,196
409,2,LOT50250,32/1,Envoy Textiles,20240522,2024-05-22,3544,3211,333
410,2,LOT48541,32/1,DBL Spinning,20231219,2023-12-19,4354,3854,500
411,2,LOT93151,16/1,Local Supplier B,20240308,2024-03-08,1083,1004,79
412,2,LOT35499,16/1,DBL Spinning,20220401,2022-04-01,3626,3382,244
413,2,LOT64146,20/1,Square Spinning,20220831,2022-08-31,1625,1591,34
414,2,LOT54914,32/1,Local Supplier B,20250707,2025-07-07,4248,3799,449
415,2,LOT33639,20/1,Local Supplier A,20240505,2024-05-05,3224,3040,184
416,2,LOT33176,30/1,DBL Spinning,20231117,2023-11-17,538,497,41
417,2,LOT37444,26/1,Local Supplier B,20250306,2025-03-06,1797,1669,128
418,2,LOT21539,26/1,Local Supplier B,20241117,2024-11-17,4052,3822,230
419,2,LOT62873,32/1,Local Supplier A,20220917,2022-09-17,3640,3204,436
420,2,LOT79963,26/1,Envoy Textiles,20241219,2024-12-19,615,596,19
421,2,LOT79603,26/1,DBL Spinning,20231229,2023-12-29,533,502,31
422,2,LOT42613,26/1,Envoy Textiles,20230330,2023-03-30,3056,2728,328
423,2,LOT60272,16/1,Local Supplier B,20220804,2022-08-04,3007,2696,311
424,2,LOT15992,30/1,Envoy Textiles,20240710,2024-07-10,4234,4034,200
425,2,LOT88167,16/1,Envoy Textiles,20250331,2025-03-31,4052,3925,127
426,2,LOT27536,30/1,Local Supplier A,20230131,2023-01-31,3442,3287,155
427,2,LOT31611,32/1,DBL Spinning,20240622,2024-06-22,2371,2139,232
428,2,LOT27197,26/1,DBL Spinning,20240924,2024-09-24,4633,4155,478
429,2,LOT58049,10/1,DBL Spinning,20250424,2025-04-24,3573,3457,116
430,2,LOT43526,16/1,Local Supplier B,20250923,2025-09-23,898,843,55
431,2,LOT16286,10/1,DBL Spinning,20220730,2022-07-30,661,584,77
432,2,LOT25176,32/1,Local Supplier A,20240430,2024-04-30,3615,3225,390
433,2,LOT43126,32/1,Square Spinning,20220516,2022-05-16,2183,2072,111
434,2,LOT92616,20/1,Envoy Textiles,20220315,2022-03-15,3947,3734,213
435,2,LOT96832,16/1,Envoy Textiles,20241207,2024-12-07,1623,1496,127
436,2,LOT23751,16/1,Local Supplier B,20240227,2024-02-27,1464,1329,135
437,2,LOT23928,32/1,Square Spinning,20251109,2025-11-09,2136,2045,91
438,2,LOT78569,26/1,Envoy Textiles,20231215,2023-12-15,3856,3507,349
439,2,LOT15164,16/1,Local Supplier A,20240602,2024-06-02,2201,2088,113
440,2,LOT73001,30/1,Square Spinning,20221108,2022-11-08,522,460,62
441,2,LOT21665,20/1,Local Supplier B,20240904,2024-09-04,4547,4069,478
442,2,LOT21807,16/1,DBL Spinning,20220531,2022-05-31,1329,1289,40
443,2,LOT94454,26/1,Local Supplier A,20221202,2022-12-02,2925,2651,274
444,2,LOT16564,20/1,Square Spinning,20220223,2022-02-23,823,794,29
445,2,LOT57214,10/1,Envoy Textiles,20250922,2025-09-22,3989,3804,185
446,2,LOT22451,20/1,DBL Spinning,20240527,2024-05-27,1633,1545,88
447,2,LOT32349,30/1,Envoy Textiles,20230707,2023-07-07,4085,3984,101
448,2,LOT45167,10/1,DBL Spinning,20250730,2025-07-30,3552,3415,137
449,2,LOT33969,20/1,Local Supplier A,20241221,2024-12-21,3778,3688,90
450,2,LOT45629,32/1,Local Supplier A,20240618,2024-06-18,3954,3736,218
451,2,LOT31860,20/1,Square Spinning,20230903,2023-09-03,980,958,22
452,2,LOT30892,20/1,Local Supplier A,20220822,2022-08-22,4454,4276,178
453,2,LOT98918,32/1,Square Spinning,20230724,2023-07-24,3610,3458,152
454,2,LOT90131,20/1,Square Spinning,20250909,2025-09-09,4457,4332,125
455,2,LOT24802,32/1,Local Supplier A,20250407,2025-04-07,876,776,100
456,2,LOT95848,30/1,DBL Spinning,20240730,2024-07-30,4799,4591,208
457,2,LOT85582,10/1,Local Supplier B,20231223,2023-12-23,2334,2282,52
458,2,LOT97797,30/1,Local Supplier B,20231120,2023-11-20,4785,4540,245
459,2,LOT91033,20/1,Local Supplier A,20230129,2023-01-29,2536,2353,183
460,2,LOT96993,10/1,Local Supplier A,20250923,2025-09-23,1717,1655,62
461,2,LOT83183,16/1,DBL Spinning,20231225,2023-12-25,595,561,34
462,2,LOT30568,16/1,Local Supplier A,20250908,2025-09-08,4561,4410,151
463,2,LOT19812,32/1,Envoy Textiles,20221128,2022-11-28,2473,2258,215
464,2,LOT46458,20/1,Local Supplier B,20220729,2022-07-29,2324,2173,151
465,2,LOT59628,32/1,Square Spinning,20230428,2023-04-28,1145,1060,85
466,2,LOT85108,32/1,DBL Spinning,20220401,2022-04-01,4583,4237,346
467,2,LOT25559,32/1,DBL Spinning,20240605,2024-06-05,1340,1233,107
468,2,LOT14696,16/1,Local Supplier B,20240101,2024-01-01,501,482,19
469,2,LOT89194,16/1,Envoy Textiles,20250919,2025-09-19,4664,4366,298
470,2,LOT95799,10/1,Local Supplier A,20240822,2024-08-22,3292,3016,276
471,2,LOT17113,26/1,Local Supplier A,20220403,2022-04-03,3219,3013,206
472,2,LOT91232,16/1,Local Supplier A,20230807,2023-08-07,3476,3307,169
473,2,LOT24945,20/1,Square Spinning,20250806,2025-08-06,517,472,45
474,2,LOT93055,30/1,Local Supplier B,20250923,2025-09-23,4776,4381,395
475,2,LOT23935,20/1,Square Spinning,20230130,2023-01-30,4533,4052,481
476,2,LOT63636,20/1,Envoy Textiles,20230522,2023-05-22,2104,1890,214
477,2,LOT61497,26/1,Local Supplier A,20250327,2025-03-27,2061,1961,100
478,2,LOT24125,32/1,DBL Spinning,20220227,2022-02-27,1509,1444,65
479,2,LOT69048,32/1,Local Supplier B,20221119,2022-11-19,4630,4136,494
480,2,LOT75382,20/1,Local Supplier B,20240613,2024-06-13,897,838,59
481,2,LOT66729,16/1,Local Supplier A,20230706,2023-07-06,4664,4468,196
482,2,LOT33226,10/1,Local Supplier B,20230829,2023-08-29,1922,1831,91
483,2,LOT26827,20/1,Local Supplier A,20250929,2025-09-29,3136,2917,219
484,2,LOT60418,32/1,Local Supplier B,20230404,2023-04-04,2533,2298,235
485,2,LOT54939,30/1,Local Supplier A,20240917,2024-09-17,1592,1422,170
486,2,LOT88974,10/1,Local Supplier B,20251020,2025-10-20,2948,2842,106
487,2,LOT81802,30/1,Local Supplier B,20230204,2023-02-04,2280,2052,228
488,2,LOT91810,10/1,Envoy Textiles,20251114,2025-11-14,3328,3235,93
489,2,LOT27389,10/1,Square Spinning,20230413,2023-04-13,4627,4322,305
490,2,LOT93476,30/1,DBL Spinning,20220328,2022-03-28,3385,3169,216
491,2,LOT86389,16/1,Local Supplier A,20230218,2023-02-18,4873,4427,446
492,2,LOT65363,20/1,Local Supplier B,20230421,2023-04-21,1372,1210,162
493,2,LOT29048,20/1,DBL Spinning,20250627,2025-06-27,2137,1937,200
494,2,LOT31094,30/1,Envoy Textiles,20240221,2024-02-21,1699,1637,62
495,2,LOT48684,26/1,Local Supplier B,20220323,2022-03-23,764,699,65
496,2,LOT69322,20/1,Local Supplier B,20230606,2023-06-06,2337,2230,107
497,2,LOT83566,32/1,Square Spinning,20220327,2022-03-27,4685,4490,195
498,2,LOT47701,10/1,DBL Spinning,20250704,2025-07-04,3625,3330,295
499,2,LOT99803,30/1,Local Supplier B,20250106,2025-01-06,940,828,112
500,2,LOT42943,26/1,Local Supplier B,20221225,2022-12-25,4129,3976,153
501,2,LOT93071,10/1,Envoy Textiles,20230806,2023-08-06,4977,4747,230
502,2,LOT35751,10/1,Square Spinning,20220929,2022-09-29,2909,2690,219
503,2,LOT99477,20/1,Square Spinning,20251116,2025-11-16,1923,1833,90
504,2,LOT25643,32/1,DBL Spinning,20250204,2025-02-04,4010,3640,370
505,2,LOT44634,26/1,Square Spinning,20230617,2023-06-17,2589,2279,310
506,2,LOT71122,10/1,Square Spinning,20220307,2022-03-07,827,740,87
507,2,LOT52287,16/1,DBL Spinning,20240508,2024-05-08,2967,2756,211
508,2,LOT85061,16/1,Envoy Textiles,20221216,2022-12-16,1097,1051,46
509,2,LOT51662,16/1,Square Spinning,20231004,2023-10-04,2006,1869,137
510,2,LOT76209,26/1,Local Supplier A,20250125,2025-01-25,4948,4619,329
511,2,LOT22051,30/1,Square Spinning,20220103,2022-01-03,2247,2126,121
512,2,LOT53393,30/1,Envoy Textiles,20250420,2025-04-20,2289,2231,58
513,2,LOT91039,16/1,Local Supplier A,20230309,2023-03-09,572,509,63
514,2,LOT55351,32/1,Square Spinning,20251011,2025-10-11,2497,2436,61
515,2,LOT99463,30/1,Local Supplier A,20220118,2022-01-18,1428,1311,117
516,2,LOT80809,10/1,Envoy Textiles,20231101,2023-11-01,702,681,21
517,2,LOT59146,16/1,Local Supplier B,20230419,2023-04-19,4150,3854,296
518,2,LOT48854,10/1,Square Spinning,20250425,2025-04-25,3124,2909,215
519,2,LOT22577,26/1,Local Supplier B,20230713,2023-07-13,4868,4287,581
520,2,LOT18581,26/1,Square Spinning,20240506,2024-05-06,3975,3830,145
521,2,LOT36945,16/1,Local Supplier A,20241028,2024-10-28,1090,1040,50
522,2,LOT30152,20/1,Local Supplier A,20230316,2023-03-16,3217,2843,374
523,2,LOT19600,20/1,Square Spinning,20251111,2025-11-11,2563,2398,165
524,2,LOT85361,26/1,Envoy Textiles,20250822,2025-08-22,3839,3527,312
525,2,LOT92603,32/1,Local Supplier A,20230820,2023-08-20,3091,2725,366
526,2,LOT98250,20/1,Local Supplier B,20220423,2022-04-23,548,517,31
527,2,LOT91048,20/1,Local Supplier B,20240610,2024-06-10,872,828,44
528,2,LOT19514,30/1,Local Supplier B,20241118,2024-11-18,1369,1244,125
529,2,LOT99899,30/1,Local Supplier B,20251012,2025-10-12,1208,1097,111
530,2,LOT67367,32/1,Local Supplier A,20230923,2023-09-23,752,697,55
531,2,LOT79922,26/1,Square Spinning,20220422,2022-04-22,3703,3553,150
532,2,LOT81529,30/1,Square Spinning,20231024,2023-10-24,2941,2787,154
533,2,LOT94926,30/1,DBL Spinning,20230911,2023-09-11,1658,1479,179
534,2,LOT10659,16/1,Local Supplier B,20221221,2022-12-21,3728,3480,248
535,2,LOT21157,30/1,Square Spinning,20240203,2024-02-03,3316,2988,328
536,2,LOT94663,16/1,Square Spinning,20240808,2024-08-08,1818,1633,185
537,2,LOT90856,30/1,Square Spinning,20230920,2023-09-20,1438,1291,147
538,2,LOT84356,20/1,Local Supplier B,20231009,2023-10-09,4278,4040,238
539,2,LOT19587,30/1,DBL Spinning,20220421,2022-04-21,2553,2271,282
540,2,LOT86099,32/1,Envoy Textiles,20230530,2023-05-30,3425,3057,368
541,2,LOT95914,26/1,DBL Spinning,20230830,2023-08-30,2835,2670,165
542,2,LOT35362,30/1,Local Supplier A,20230815,2023-08-15,4191,3825,366
543,2,LOT96431,30/1,Local Supplier B,20240319,2024-03-19,1748,1637,111
544,2,LOT57774,30/1,Local Supplier A,20230716,2023-07-16,1881,1656,225
545,2,LOT42266,26/1,Local Supplier A,20250830,2025-08-30,2766,2666,100
546,2,LOT27603,10/1,Envoy Textiles,20250902,2025-09-02,4431,4104,327
547,2,LOT57020,30/1,Local Supplier A,20220101,2022-01-01,1391,1248,143
548,2,LOT89511,20/1,Envoy Textiles,20240624,2024-06-24,1646,1595,51
549,2,LOT35746,30/1,DBL Spinning,20220227,2022-02-27,1117,1082,35
550,2,LOT76476,10/1,DBL Spinning,20220815,2022-08-15,3818,3653,165
551,2,LOT37886,20/1,Local Supplier B,20250102,2025-01-02,2634,2461,173
552,2,LOT80736,32/1,Square Spinning,20240911,2024-09-11,3496,3213,283
553,2,LOT87280,10/1,Envoy Textiles,20230218,2023-02-18,1596,1478,118
554,2,LOT76900,20/1,Local Supplier A,20250506,2025-05-06,3480,3237,243
555,2,LOT96858,26/1,Local Supplier B,20220820,2022-08-20,1858,1775,83
556,2,LOT28398,32/1,Square Spinning,20250416,2025-04-16,1967,1842,125
557,2,LOT84162,10/1,Square Spinning,20220302,2022-03-02,4460,4343,117
558,2,LOT15297,26/1,Local Supplier A,20231210,2023-12-10,2398,2125,273
559,2,LOT58422,26/1,DBL Spinning,20240701,2024-07-01,2193,2043,150
560,2,LOT57349,32/1,Local Supplier A,20250814,2025-08-14,4224,4089,135
561,2,LOT15230,10/1,Envoy Textiles,20230113,2023-01-13,1345,1278,67
562,2,LOT78337,10/1,Envoy Textiles,20230624,2023-06-24,2657,2491,166
563,2,LOT84732,26/1,Local Supplier A,20251029,2025-10-29,3600,3299,301
564,2,LOT95634,20/1,Local Supplier B,20221211,2022-12-11,2560,2349,211
565,2,LOT39215,16/1,Local Supplier A,20231124,2023-11-24,3390,3260,130
566,2,LOT55224,32/1,Local Supplier A,20250411,2025-04-11,554,515,39
567,2,LOT28214,32/1,Square Spinning,20230526,2023-05-26,2384,2116,268
568,2,LOT94341,30/1,Square Spinning,20221122,2022-11-22,1730,1554,176
569,2,LOT57477,16/1,DBL Spinning,20231127,2023-11-27,2386,2198,188
570,2,LOT53283,10/1,DBL Spinning,20230428,2023-04-28,4444,4210,234
571,2,LOT72786,26/1,Local Supplier B,20230315,2023-03-15,1820,1719,101
572,2,LOT63857,20/1,Square Spinning,20230820,2023-08-20,853,761,92
573,2,LOT87640,26/1,Square Spinning,20251015,2025-10-15,4699,4153,546
574,2,LOT85008,26/1,DBL Spinning,20231127,2023-11-27,1862,1686,176
575,2,LOT33597,16/1,Local Supplier A,20230408,2023-04-08,652,631,21
576,2,LOT96736,30/1,DBL Spinning,20250613,2025-06-13,2274,2103,171
577,2,LOT71789,32/1,Square Spinning,20240828,2024-08-28,2297,2212,85
578,2,LOT88753,26/1,Local Supplier B,20221016,2022-10-16,1989,1874,115
579,2,LOT76952,30/1,Square Spinning,20250115,2025-01-15,3307,3215,92
580,2,LOT88188,16/1,DBL Spinning,20230914,2023-09-14,2382,2186,196
581,2,LOT27329,20/1,DBL Spinning,20220911,2022-09-11,2157,2010,147
582,2,LOT76107,10/1,Local Supplier A,20220130,2022-01-30,1725,1622,103
583,2,LOT33255,32/1,Local Supplier B,20250522,2025-05-22,819,792,27
584,2,LOT79655,16/1,DBL Spinning,20241021,2024-10-21,1263,1172,91
585,2,LOT27082,16/1,Local Supplier B,20220513,2022-05-13,509,493,16
586,2,LOT98940,10/1,Local Supplier A,20240920,2024-09-20,4776,4403,373
587,2,LOT15693,10/1,Local Supplier B,20230804,2023-08-04,4014,3624,390
588,2,LOT73192,32/1,Envoy Textiles,20241216,2024-12-16,1300,1199,101
589,2,LOT43360,32/1,Square Spinning,20220901,2022-09-01,1186,1077,109
590,2,LOT81267,32/1,Envoy Textiles,20250306,2025-03-06,2048,1803,245
591,2,LOT10932,16/1,Local Supplier B,20231222,2023-12-22,1465,1365,100
592,2,LOT59155,10/1,Square Spinning,20240531,2024-05-31,3087,2842,245
593,2,LOT23970,26/1,Local Supplier A,20221005,2022-10-05,2577,2335,242
594,2,LOT80268,32/1,Local Supplier B,20240206,2024-02-06,3495,3289,206
595,2,LOT99208,32/1,Square Spinning,20240215,2024-02-15,3885,3633,252
596,2,LOT83080,32/1,Square Spinning,20250923,2025-09-23,3532,3305,227
597,2,LOT73407,30/1,Envoy Textiles,20230517,2023-05-17,3320,3178,142
598,2,LOT62183,10/1,Square Spinning,20240219,2024-02-19,1475,1408,67
599,2,LOT68536,10/1,Square Spinning,20230819,2023-08-19,1321,1190,131
600,2,LOT62502,30/1,Local Supplier B,20240209,2024-02-09,926,829,97
601,3,LOT93345,20/1,DBL Spinning,20221007,2022-10-07,1690,1566,124
602,3,LOT88675,32/1,DBL Spinning,20240329,2024-03-29,1024,928,96
603,3,LOT58606,20/1,Local Supplier B,20250903,2025-09-03,809,770,39
604,3,LOT62513,16/1,Local Supplier B,20250305,2025-03-05,2846,2707,139
605,3,LOT88311,20/1,Square Spinning,20221226,2022-12-26,4549,4202,347
606,3,LOT36438,10/1,Local Supplier B,20250322,2025-03-22,2842,2556,286
607,3,LOT88579,16/1,Local Supplier B,20250510,2025-05-10,2397,2256,141
608,3,LOT98345,20/1,Envoy Textiles,20250513,2025-05-13,2459,2324,135
609,3,LOT30636,20/1,Envoy Textiles,20240307,2024-03-07,3772,3452,320
610,3,LOT61792,32/1,Local Supplier B,20250223,2025-02-23,2140,1993,147
611,3,LOT18993,20/1,Local Supplier B,20240113,2024-01-13,2830,2695,135
612,3,LOT83284,16/1,Envoy Textiles,20221220,2022-12-20,3346,3266,80
613,3,LOT46242,26/1,Local Supplier B,20250504,2025-05-04,2093,1937,156
614,3,LOT62947,16/1,DBL Spinning,20240606,2024-06-06,2638,2367,271
615,3,LOT76353,20/1,Local Supplier B,20230715,2023-07-15,1092,1015,77
616,3,LOT54560,20/1,Local Supplier B,20240226,2024-02-26,2611,2526,85
617,3,LOT85352,30/1,Local Supplier A,20250518,2025-05-18,3589,3360,229
618,3,LOT41886,30/1,Local Supplier A,20240914,2024-09-14,4274,4144,130
619,3,LOT13584,32/1,DBL Spinning,20220731,2022-07-31,2612,2316,296
620,3,LOT93055,26/1,Square Spinning,20251003,2025-10-03,3086,2842,244
621,3,LOT56281,16/1,Local Supplier B,20231006,2023-10-06,579,550,29
622,3,LOT44517,26/1,Envoy Textiles,20250208,2025-02-08,1261,1159,102
623,3,LOT54825,20/1,Local Supplier B,20250828,2025-08-28,1962,1820,142
624,3,LOT56338,26/1,Local Supplier B,20221028,2022-10-28,2704,2428,276
625,3,LOT99536,26/1,Local Supplier A,20250504,2025-05-04,2135,1928,207
626,3,LOT41726,30/1,Square Spinning,20221101,2022-11-01,2377,2139,238
627,3,LOT42728,16/1,Envoy Textiles,20241121,2024-11-21,1777,1702,75
628,3,LOT25712,20/1,Local Supplier A,20231117,2023-11-17,554,529,25
629,3,LOT80972,20/1,Local Supplier A,20220422,2022-04-22,3540,3334,206
630,3,LOT74532,16/1,Envoy Textiles,20250803,2025-08-03,4520,4060,460
631,3,LOT76995,30/1,Local Supplier A,20250512,2025-05-12,2319,2214,105
632,3,LOT26809,20/1,Local Supplier B,20230131,2023-01-31,3966,3679,287
633,3,LOT80879,20/1,Local Supplier B,20220930,2022-09-30,3344,3074,270
634,3,LOT99959,26/1,Local Supplier A,20250126,2025-01-26,1486,1411,75
635,3,LOT70302,30/1,DBL Spinning,20250302,2025-03-02,596,564,32
636,3,LOT59732,16/1,DBL Spinning,20240710,2024-07-10,3165,2899,266
637,3,LOT44039,26/1,Local Supplier B,20250805,2025-08-05,2653,2397,256
638,3,LOT71780,16/1,Envoy Textiles,20230916,2023-09-16,3497,3141,356
639,3,LOT65567,26/1,Local Supplier A,20221228,2022-12-28,3549,3252,297
640,3,LOT62506,30/1,Local Supplier A,20220621,2022-06-21,1973,1848,125
641,3,LOT85483,10/1,Square Spinning,20220811,2022-08-11,1318,1254,64
642,3,LOT40907,16/1,Local Supplier A,20250817,2025-08-17,3620,3256,364
643,3,LOT29601,32/1,DBL Spinning,20250527,2025-05-27,1946,1794,152
644,3,LOT27625,10/1,Local Supplier B,20250528,2025-05-28,4874,4640,234
645,3,LOT73782,30/1,Envoy Textiles,20240430,2024-04-30,890,818,72
646,3,LOT31409,20/1,Square Spinning,20250916,2025-09-16,2583,2396,187
647,3,LOT92557,20/1,Local Supplier A,20240127,2024-01-27,3241,2936,305
648,3,LOT57226,16/1,Local Supplier B,20240123,2024-01-23,2611,2387,224
649,3,LOT63970,20/1,Envoy Textiles,20230413,2023-04-13,2129,1996,133
650,3,LOT95179,10/1,Local Supplier B,20220202,2022-02-02,1929,1886,43
651,3,LOT47304,30/1,Envoy Textiles,20250623,2025-06-23,4681,4347,334
652,3,LOT68580,20/1,Local Supplier A,20250712,2025-07-12,2847,2637,210
653,3,LOT28985,26/1,Envoy Textiles,20240118,2024-01-18,3955,3730,225
654,3,LOT84925,32/1,DBL Spinning,20240513,2024-05-13,1148,1028,120
655,3,LOT39912,30/1,Envoy Textiles,20231229,2023-12-29,2886,2744,142
656,3,LOT89349,10/1,Local Supplier A,20240810,2024-08-10,2722,2636,86
657,3,LOT57600,10/1,Local Supplier B,20231119,2023-11-19,4767,4655,112
658,3,LOT64262,26/1,Square Spinning,20230402,2023-04-02,689,614,75
659,3,LOT40753,10/1,Envoy Textiles,20250629,2025-06-29,1155,1040,115
660,3,LOT62041,20/1,DBL Spinning,20240309,2024-03-09,1022,995,27
661,3,LOT72021,16/1,DBL Spinning,20221106,2022-11-06,715,684,31
662,3,LOT78679,20/1,DBL Spinning,20230818,2023-08-18,2650,2495,155
663,3,LOT21050,10/1,Local Supplier A,20250219,2025-02-19,3034,2739,295
664,3,LOT47247,32/1,Square Spinning,20220711,2022-07-11,1575,1468,107
665,3,LOT32361,20/1,DBL Spinning,20231120,2023-11-20,3423,3306,117
666,3,LOT52624,32/1,Local Supplier A,20220214,2022-02-14,4928,4797,131
667,3,LOT81898,32/1,Square Spinning,20241018,2024-10-18,4917,4414,503
668,3,LOT88326,32/1,Local Supplier B,20251002,2025-10-02,4063,3788,275
669,3,LOT93824,16/1,Envoy Textiles,20250606,2025-06-06,3344,3103,241
670,3,LOT39770,20/1,Local Supplier A,20240903,2024-09-03,3022,2769,253
671,3,LOT44053,26/1,Envoy Textiles,20251006,2025-10-06,586,515,71
672,3,LOT27865,30/1,Envoy Textiles,20240426,2024-04-26,4343,4054,289
673,3,LOT74478,32/1,Envoy Textiles,20220523,2022-05-23,574,549,25
674,3,LOT48393,16/1,Square Spinning,20230925,2023-09-25,559,522,37
675,3,LOT34716,32/1,Local Supplier B,20250214,2025-02-14,4080,3751,329
676,3,LOT31400,10/1,Local Supplier A,20230424,2023-04-24,3599,3246,353
677,3,LOT20382,32/1,Square Spinning,20240825,2024-08-25,4732,4525,207
678,3,LOT90375,10/1,Envoy Textiles,20230429,2023-04-29,2832,2675,157
679,3,LOT79722,30/1,Local Supplier A,20241126,2024-11-26,2040,1969,71
680,3,LOT33908,26/1,Envoy Textiles,20240905,2024-09-05,1404,1324,80
681,3,LOT90967,32/1,Envoy Textiles,20220715,2022-07-15,4530,4071,459
682,3,LOT12542,26/1,DBL Spinning,20230129,2023-01-29,4882,4306,576
683,3,LOT23405,30/1,Envoy Textiles,20230909,2023-09-09,1524,1450,74
684,3,LOT11075,26/1,DBL Spinning,20240404,2024-04-04,1734,1528,206
685,3,LOT38467,30/1,Local Supplier A,20230909,2023-09-09,3052,2925,127
686,3,LOT75325,30/1,Local Supplier A,20221217,2022-12-17,759,692,67
687,3,LOT29148,20/1,Envoy Textiles,20240427,2024-04-27,3714,3294,420
688,3,LOT71623,26/1,Square Spinning,20220709,2022-07-09,2548,2450,98
689,3,LOT11653,20/1,Square Spinning,20221025,2022-10-25,3652,3495,157
690,3,LOT68059,26/1,DBL Spinning,20230225,2023-02-25,2131,1973,158
691,3,LOT22315,16/1,Square Spinning,20240524,2024-05-24,4373,4018,355
692,3,LOT50908,30/1,Square Spinning,20230701,2023-07-01,845,806,39
693,3,LOT82034,16/1,DBL Spinning,20230119,2023-01-19,2575,2389,186
694,3,LOT49166,26/1,Envoy Textiles,20250617,2025-06-17,926,894,32
695,3,LOT38545,20/1,Square Spinning,20230208,2023-02-08,4056,3700,356
696,3,LOT31936,30/1,Local Supplier B,20230203,2023-02-03,1480,1360,120
697,3,LOT41862,20/1,DBL Spinning,20250802,2025-08-02,4393,4168,225
698,3,LOT30315,30/1,DBL Spinning,20220613,2022-06-13,2537,2272,265
699,3,LOT21980,10/1,Local Supplier B,20250304,2025-03-04,3272,3183,89
700,3,LOT91937,20/1,DBL Spinning,20220706,2022-07-06,3412,3222,190
701,3,LOT80300,20/1,Square Spinning,20240207,2024-02-07,4496,4061,435
702,3,LOT83184,10/1,Envoy Textiles,20240405,2024-04-05,4093,3901,192
703,3,LOT12798,10/1,Local Supplier A,20220619,2022-06-19,3434,3270,164
704,3,LOT42859,20/1,Local Supplier A,20241102,2024-11-02,4084,3822,262
705,3,LOT81137,10/1,Local Supplier A,20250525,2025-05-25,2054,1923,131
706,3,LOT81253,30/1,Envoy Textiles,20231114,2023-11-14,4337,3935,402
707,3,LOT88470,16/1,Square Spinning,20231231,2023-12-31,1064,992,72
708,3,LOT68901,30/1,Envoy Textiles,20231125,2023-11-25,4936,4524,412
709,3,LOT10094,10/1,Local Supplier B,20251018,2025-10-18,3605,3436,169
710,3,LOT12453,16/1,Envoy Textiles,20230604,2023-06-04,2456,2240,216
711,3,LOT18302,10/1,Local Supplier B,20250831,2025-08-31,3674,3302,372
712,3,LOT99551,32/1,Local Supplier B,20220725,2022-07-25,1762,1658,104
713,3,LOT52283,32/1,Envoy Textiles,20250424,2025-04-24,1404,1249,155
714,3,LOT96362,20/1,DBL Spinning,20240203,2024-02-03,1563,1403,160
715,3,LOT14099,26/1,DBL Spinning,20251129,2025-11-29,4476,4024,452
716,3,LOT14170,16/1,Local Supplier A,20220116,2022-01-16,4513,4208,305
717,3,LOT87371,30/1,DBL Spinning,20230119,2023-01-19,3501,3158,343
718,3,LOT19289,20/1,Square Spinning,20240807,2024-08-07,4525,4402,123
719,3,LOT20480,32/1,DBL Spinning,20250929,2025-09-29,3456,3234,222
720,3,LOT64519,30/1,DBL Spinning,20230119,2023-01-19,2677,2497,180
721,3,LOT19225,30/1,DBL Spinning,20230606,2023-06-06,2268,2213,55
722,3,LOT22729,20/1,Square Spinning,20231211,2023-12-11,4855,4459,396
723,3,LOT35312,16/1,Square Spinning,20250918,2025-09-18,1965,1838,127
724,3,LOT83156,32/1,DBL Spinning,20230129,2023-01-29,3432,3251,181
725,3,LOT97194,32/1,DBL Spinning,20250928,2025-09-28,1866,1789,77
726,3,LOT82085,32/1,Local Supplier B,20220420,2022-04-20,3264,3086,178
727,3,LOT79979,16/1,Local Supplier A,20250802,2025-08-02,3386,3285,101
728,3,LOT82100,30/1,Envoy Textiles,20250327,2025-03-27,3877,3708,169
729,3,LOT66438,10/1,Envoy Textiles,20220729,2022-07-29,2471,2313,158
730,3,LOT38039,32/1,Local Supplier B,20220103,2022-01-03,2581,2364,217
731,3,LOT69297,32/1,Local Supplier A,20220301,2022-03-01,501,477,24
732,3,LOT47287,16/1,DBL Spinning,20250317,2025-03-17,4740,4235,505
733,3,LOT49562,20/1,Envoy Textiles,20250622,2025-06-22,2317,2088,229
734,3,LOT51275,20/1,Envoy Textiles,20240406,2024-04-06,4688,4386,302
735,3,LOT84922,26/1,DBL Spinning,20250920,2025-09-20,809,749,60
736,3,LOT30461,26/1,Envoy Textiles,20240104,2024-01-04,3507,3398,109
737,3,LOT42749,26/1,Envoy Textiles,20240726,2024-07-26,2960,2632,328
738,3,LOT62402,16/1,Square Spinning,20231209,2023-12-09,1132,1078,54
739,3,LOT73246,26/1,Local Supplier A,20230425,2023-04-25,1281,1203,78
740,3,LOT49373,20/1,Local Supplier B,20251128,2025-11-28,3625,3218,407
741,3,LOT17329,30/1,Envoy Textiles,20230613,2023-06-13,4057,3739,318
742,3,LOT25799,26/1,Local Supplier B,20220620,2022-06-20,593,559,34
743,3,LOT92862,32/1,DBL Spinning,20240114,2024-01-14,2996,2793,203
744,3,LOT51853,16/1,Local Supplier B,20251011,2025-10-11,1725,1574,151
745,3,LOT38940,26/1,DBL Spinning,20230317,2023-03-17,3718,3632,86
746,3,LOT88005,16/1,Local Supplier B,20240111,2024-01-11,1237,1116,121
747,3,LOT47982,32/1,Square Spinning,20250424,2025-04-24,1582,1445,137
748,3,LOT72371,16/1,DBL Spinning,20220808,2022-08-08,4990,4590,400
749,3,LOT21151,32/1,Local Supplier B,20250628,2025-06-28,4059,3886,173
750,3,LOT27088,26/1,Local Supplier A,20230625,2023-06-25,2122,1970,152
751,3,LOT95491,16/1,Square Spinning,20221202,2022-12-02,4794,4336,458
752,3,LOT19390,30/1,Local Supplier A,20240822,2024-08-22,3149,2986,163
753,3,LOT85499,20/1,DBL Spinning,20250323,2025-03-23,3888,3586,302
754,3,LOT55653,26/1,Envoy Textiles,20240103,2024-01-03,3322,3120,202
755,3,LOT13172,30/1,Square Spinning,20250322,2025-03-22,3364,3167,197
756,3,LOT67961,16/1,Square Spinning,20230730,2023-07-30,4108,3633,475
757,3,LOT40603,26/1,Envoy Textiles,20231119,2023-11-19,1777,1698,79
758,3,LOT21247,20/1,DBL Spinning,20220904,2022-09-04,2491,2428,63
759,3,LOT29356,30/1,DBL Spinning,20220112,2022-01-12,3312,3144,168
760,3,LOT24585,30/1,Local Supplier A,20250528,2025-05-28,4359,3845,514
761,3,LOT37395,10/1,Local Supplier B,20240119,2024-01-19,2235,2012,223
762,3,LOT78585,30/1,Local Supplier B,20220928,2022-09-28,4456,4198,258
763,3,LOT28526,10/1,DBL Spinning,20250903,2025-09-03,3585,3363,222
764,3,LOT96969,16/1,DBL Spinning,20220805,2022-08-05,2592,2325,267
765,3,LOT47226,26/1,Local Supplier B,20220528,2022-05-28,2722,2409,313
766,3,LOT95820,20/1,DBL Spinning,20230719,2023-07-19,3683,3484,199
767,3,LOT96898,10/1,Envoy Textiles,20231010,2023-10-10,1383,1219,164
768,3,LOT95119,32/1,Square Spinning,20250701,2025-07-01,3618,3367,251
769,3,LOT23055,30/1,Local Supplier A,20250728,2025-07-28,4854,4314,540
770,3,LOT36066,16/1,Local Supplier A,20251015,2025-10-15,676,597,79
771,3,LOT79391,30/1,Envoy Textiles,20240801,2024-08-01,4513,4148,365
772,3,LOT30578,20/1,Envoy Textiles,20240905,2024-09-05,3382,3096,286
773,3,LOT49626,26/1,Local Supplier B,20230529,2023-05-29,2759,2651,108
774,3,LOT92023,30/1,Local Supplier A,20250521,2025-05-21,741,722,19
775,3,LOT46725,26/1,Square Spinning,20220115,2022-01-15,3299,3199,100
776,3,LOT96105,26/1,DBL Spinning,20230304,2023-03-04,3631,3384,247
777,3,LOT98866,16/1,Square Spinning,20240905,2024-09-05,3918,3542,376
778,3,LOT30021,32/1,Envoy Textiles,20250628,2025-06-28,3197,2956,241
779,3,LOT27271,26/1,Square Spinning,20240327,2024-03-27,4934,4679,255
780,3,LOT36517,26/1,Envoy Textiles,20230912,2023-09-12,4791,4651,140
781,3,LOT66369,26/1,Local Supplier B,20240515,2024-05-15,1794,1635,159
782,3,LOT83051,16/1,DBL Spinning,20231224,2023-12-24,2008,1830,178
783,3,LOT29073,10/1,DBL Spinning,20220421,2022-04-21,3110,3010,100
784,3,LOT64269,32/1,Envoy Textiles,20230101,2023-01-01,4129,3941,188
785,3,LOT93472,10/1,Envoy Textiles,20240701,2024-07-01,1744,1670,74
786,3,LOT23994,26/1,Square Spinning,20250818,2025-08-18,714,682,32
787,3,LOT90213,16/1,Envoy Textiles,20221214,2022-12-14,2391,2246,145
788,3,LOT40266,10/1,DBL Spinning,20240206,2024-02-06,3443,3057,386
789,3,LOT72469,26/1,Local Supplier B,20240624,2024-06-24,4340,4128,212
790,3,LOT59015,26/1,Local Supplier A,20240331,2024-03-31,4525,4196,329
791,3,LOT31467,26/1,Square Spinning,20230706,2023-07-06,764,703,61
792,3,LOT11967,30/1,Local Supplier A,20230331,2023-03-31,2323,2216,107
793,3,LOT36585,26/1,DBL Spinning,20250227,2025-02-27,1950,1896,54
794,3,LOT67577,16/1,Local Supplier A,20250820,2025-08-20,3161,3055,106
795,3,LOT42346,32/1,Local Supplier A,20251010,2025-10-10,842,792,50
796,3,LOT59856,10/1,Envoy Textiles,20241107,2024-11-07,3728,3508,220
797,3,LOT84964,16/1,Local Supplier B,20220302,2022-03-02,4802,4533,269
798,3,LOT15047,16/1,DBL Spinning,20250221,2025-02-21,4199,3886,313
799,3,LOT15559,26/1,Local Supplier B,20250127,2025-01-27,4906,4511,395
800,3,LOT15144,16/1,Local Supplier A,20230315,2023-03-15,4728,4522,206
801,3,LOT16461,26/1,Envoy Textiles,20240712,2024-07-12,4100,3771,329
802,3,LOT49918,30/1,Local Supplier A,20250427,2025-04-27,1863,1718,145
803,3,LOT90364,20/1,Local Supplier B,20231120,2023-11-20,1665,1542,123
804,3,LOT94685,32/1,DBL Spinning,20240222,2024-02-22,4601,4100,501
805,3,LOT86735,10/1,Local Supplier B,20230410,2023-04-10,1608,1478,130
806,3,LOT52396,32/1,DBL Spinning,20250925,2025-09-25,1965,1818,147
807,3,LOT36467,32/1,DBL Spinning,20220510,2022-05-10,2548,2324,224
808,3,LOT95010,10/1,Square Spinning,20250311,2025-03-11,1512,1344,168
809,3,LOT68903,10/1,Envoy Textiles,20230406,2023-04-06,1198,1116,82
810,3,LOT60343,10/1,Local Supplier B,20251021,2025-10-21,1809,1660,149
811,3,LOT59886,20/1,Square Spinning,20230924,2023-09-24,3245,3039,206
812,3,LOT96445,26/1,Square Spinning,20241226,2024-12-26,1684,1512,172
813,3,LOT16725,32/1,Envoy Textiles,20221026,2022-10-26,3035,2892,143
814,3,LOT68491,30/1,Square Spinning,20230629,2023-06-29,1463,1418,45
815,3,LOT36588,20/1,Local Supplier B,20240714,2024-07-14,2573,2267,306
816,3,LOT75225,32/1,Local Supplier B,20230907,2023-09-07,547,514,33
817,3,LOT74679,26/1,Square Spinning,20250621,2025-06-21,4397,4068,329
818,3,LOT67917,20/1,Local Supplier B,20220722,2022-07-22,553,500,53
819,3,LOT81741,30/1,Local Supplier B,20241222,2024-12-22,2200,1946,254
820,3,LOT29432,20/1,Envoy Textiles,20221002,2022-10-02,800,715,85
821,3,LOT14250,10/1,Local Supplier B,20230519,2023-05-19,2944,2688,256
822,3,LOT21495,20/1,DBL Spinning,20220607,2022-06-07,3915,3834,81
823,3,LOT31146,10/1,Envoy Textiles,20250514,2025-05-14,1953,1907,46
824,3,LOT85886,30/1,DBL Spinning,20230422,2023-04-22,1262,1207,55
825,3,LOT52312,30/1,Local Supplier A,20241113,2024-11-13,1054,1007,47
826,3,LOT82151,20/1,Envoy Textiles,20230916,2023-09-16,4356,3891,465
827,3,LOT45968,30/1,Local Supplier B,20220803,2022-08-03,3889,3626,263
828,3,LOT37400,16/1,DBL Spinning,20241118,2024-11-18,1395,1307,88
829,3,LOT92441,16/1,DBL Spinning,20220401,2022-04-01,4462,4249,213
830,3,LOT89269,10/1,Envoy Textiles,20230719,2023-07-19,3998,3761,237
831,3,LOT51482,30/1,Local Supplier B,20230711,2023-07-11,3398,3305,93
832,3,LOT90516,16/1,Local Supplier A,20240101,2024-01-01,4757,4533,224
833,3,LOT75239,32/1,Square Spinning,20231116,2023-11-16,2406,2287,119
834,3,LOT35369,20/1,DBL Spinning,20240229,2024-02-29,696,644,52
835,3,LOT25456,10/1,Square Spinning,20240802,2024-08-02,3896,3589,307
836,3,LOT53750,30/1,Local Supplier B,20240309,2024-03-09,2239,1972,267
837,3,LOT36370,10/1,Envoy Textiles,20230923,2023-09-23,2584,2478,106
838,3,LOT50340,30/1,Local Supplier B,20240128,2024-01-28,3153,3016,137
839,3,LOT24920,10/1,Envoy Textiles,20250702,2025-07-02,3296,3031,265
840,3,LOT84569,16/1,DBL Spinning,20230312,2023-03-12,1938,1743,195
841,3,LOT54294,10/1,Local Supplier A,20241209,2024-12-09,4387,4210,177
842,3,LOT94626,26/1,Local Supplier A,20250912,2025-09-12,1772,1670,102
843,3,LOT80381,30/1,Local Supplier A,20240127,2024-01-27,3891,3785,106
844,3,LOT17342,16/1,Envoy Textiles,20220123,2022-01-23,3084,2885,199
845,3,LOT12453,26/1,Local Supplier B,20230323,2023-03-23,3217,3088,129
846,3,LOT56346,20/1,Square Spinning,20241015,2024-10-15,2797,2696,101
847,3,LOT54453,32/1,Local Supplier B,20251018,2025-10-18,1859,1742,117
848,3,LOT61061,26/1,Local Supplier B,20220712,2022-07-12,1457,1408,49
849,3,LOT50407,10/1,Envoy Textiles,20240902,2024-09-02,759,688,71
850,3,LOT21376,32/1,Square Spinning,20250411,2025-04-11,3544,3278,266
851,3,LOT49666,26/1,Local Supplier B,20250201,2025-02-01,2976,2670,306
852,3,LOT59049,20/1,Square Spinning,20250513,2025-05-13,1258,1162,96
853,3,LOT13268,32/1,Local Supplier B,20220803,2022-08-03,1762,1584,178
854,3,LOT73369,10/1,Local Supplier B,20230708,2023-07-08,3042,2912,130
855,3,LOT28781,20/1,Local Supplier B,20221212,2022-12-12,1587,1429,158
856,3,LOT14791,32/1,Local Supplier A,20251106,2025-11-06,4779,4260,519
857,3,LOT50760,20/1,Local Supplier B,20250330,2025-03-30,1213,1107,106
858,3,LOT16047,20/1,Local Supplier B,20231120,2023-11-20,3059,2698,361
859,3,LOT50913,10/1,Square Spinning,20220623,2022-06-23,3128,2815,313
860,3,LOT47560,30/1,Local Supplier B,20220626,2022-06-26,3114,2980,134
861,3,LOT97965,20/1,Envoy Textiles,20220214,2022-02-14,1723,1543,180
862,3,LOT25002,20/1,Local Supplier B,20240121,2024-01-21,4711,4193,518
863,3,LOT81110,30/1,Local Supplier B,20240916,2024-09-16,3109,2820,289
864,3,LOT47128,16/1,Square Spinning,20250927,2025-09-27,1903,1688,215
865,3,LOT90381,30/1,Local Supplier B,20241015,2024-10-15,4134,3658,476
866,3,LOT13800,32/1,DBL Spinning,20240911,2024-09-11,1367,1255,112
867,3,LOT21287,32/1,Local Supplier A,20240318,2024-03-18,1966,1868,98
868,3,LOT87693,10/1,Local Supplier A,20250420,2025-04-20,3413,3110,303
869,3,LOT35971,10/1,Local Supplier B,20230831,2023-08-31,1143,1117,26
870,3,LOT71039,16/1,Square Spinning,20240227,2024-02-27,1261,1212,49
871,3,LOT71377,20/1,Local Supplier A,20240208,2024-02-08,3042,2885,157
872,3,LOT71000,32/1,Square Spinning,20240811,2024-08-11,2333,2086,247
873,3,LOT90863,30/1,Envoy Textiles,20250309,2025-03-09,3711,3333,378
874,3,LOT97186,30/1,Envoy Textiles,20230214,2023-02-14,4213,3912,301
875,3,LOT18567,32/1,DBL Spinning,20220223,2022-02-23,3379,3135,244
876,3,LOT32387,30/1,Envoy Textiles,20250918,2025-09-18,1543,1436,107
877,3,LOT63174,10/1,DBL Spinning,20221014,2022-10-14,3169,2964,205
878,3,LOT19296,30/1,Local Supplier B,20240217,2024-02-17,4276,3934,342
879,3,LOT64190,26/1,Local Supplier B,20221207,2022-12-07,2496,2333,163
880,3,LOT73225,32/1,DBL Spinning,20250912,2025-09-12,3291,2964,327
881,3,LOT87459,32/1,Local Supplier A,20250119,2025-01-19,3303,3086,217
882,3,LOT40953,26/1,DBL Spinning,20240214,2024-02-14,4486,3998,488
883,3,LOT88128,32/1,Envoy Textiles,20220324,2022-03-24,1299,1249,50
884,3,LOT33091,30/1,Local Supplier A,20220816,2022-08-16,1070,1005,65
885,3,LOT99850,16/1,Local Supplier A,20250305,2025-03-05,3182,2957,225
886,3,LOT96529,20/1,DBL Spinning,20240504,2024-05-04,2282,2194,88
887,3,LOT86122,10/1,DBL Spinning,20240817,2024-08-17,1701,1609,92
888,3,LOT69372,16/1,Envoy Textiles,20230519,2023-05-19,3694,3478,216
889,3,LOT68610,26/1,Square Spinning,20220812,2022-08-12,3093,2814,279
890,3,LOT99071,30/1,Local Supplier A,20231029,2023-10-29,3320,3250,70
891,3,LOT86379,20/1,Local Supplier B,20250614,2025-06-14,4681,4308,373
892,3,LOT26718,30/1,DBL Spinning,20230831,2023-08-31,3524,3418,106
893,3,LOT16963,20/1,Local Supplier B,20250908,2025-09-08,3442,3066,376
894,3,LOT46989,20/1,Square Spinning,20220930,2022-09-30,4036,3835,201
895,3,LOT61677,10/1,Envoy Textiles,20240725,2024-07-25,3635,3346,289
896,3,LOT67041,16/1,Square Spinning,20250117,2025-01-17,1920,1780,140
897,3,LOT34671,16/1,Local Supplier A,20231214,2023-12-14,3451,3326,125
898,3,LOT30220,30/1,Square Spinning,20240217,2024-02-17,1600,1409,191
899,3,LOT94985,20/1,Square Spinning,20230309,2023-03-09,4487,4243,244
900,3,LOT27796,20/1,Square Spinning,20230419,2023-04-19,3906,3773,133
