ShipmentID,OrderID,FactoryID,LoadDateKey,LoadDate,DepartDate,ArrivalPortDate,PlannedShipDate,ActualShipDate,Mode,Forwarder,ContainerType,FreightCostUSD,IsOnTime
1,1,3,20250805,2025-08-05,2025-08-05 06:00:00,2025-08-11 06:00:00,2025-08-07,2025-08-10,Truck to Port,Maersk Logistics,LCL,1280.98,0
2,2,1,20230602,2023-06-02,2023-06-02 05:00:00,2023-06-04 05:00:00,2023-06-03,2023-06-07,Direct Vessel,DB Schenker,FCL-20,2828.38,0
3,3,3,20240314,2024-03-14,2024-03-14 06:00:00,2024-03-17 06:00:00,2024-03-17,2024-03-21,Direct Vessel,DB Schenker,LCL,2916.72,0
4,4,3,20220218,2022-02-18,2022-02-18 12:00:00,2022-02-21 12:00:00,2022-02-19,2022-02-20,Direct Vessel,K Line Logistics,LCL,2114.78,0
5,5,2,20250929,2025-09-29,2025-09-29 05:00:00,2025-10-04 05:00:00,2025-10-02,2025-10-07,Truck to Port,K Line Logistics,LCL,16320.22,0
6,6,2,20251026,2025-10-26,2025-10-26 10:00:00,2025-11-01 10:00:00,2025-10-28,2025-10-26,Feeder Vessel,DB Schenker,FCL-20,8981.77,1
7,7,1,20240123,2024-01-23,2024-01-23 04:00:00,2024-01-25 04:00:00,2024-01-24,2024-01-29,Direct Vessel,Maersk Logistics,LCL,16770.43,0
8,8,3,20230722,2023-07-22,2023-07-22 16:00:00,2023-07-29 16:00:00,2023-07-22,2023-07-25,Direct Vessel,K Line Logistics,LCL,2719.36,0
9,9,3,20250731,2025-07-31,2025-07-31 09:00:00,2025-08-02 09:00:00,2025-08-02,2025-08-05,Direct Vessel,K Line Logistics,FCL-20,11493.21,0
10,10,3,20240412,2024-04-12,2024-04-12 13:00:00,2024-04-19 13:00:00,2024-04-12,2024-04-15,Direct Vessel,Maersk Logistics,FCL-20,5715.65,0
11,11,3,20240815,2024-08-15,2024-08-15 11:00:00,2024-08-17 11:00:00,2024-08-17,2024-08-16,Direct Vessel,Maersk Logistics,LCL,1716.31,1
12,12,2,20230720,2023-07-20,2023-07-20 07:00:00,2023-07-27 07:00:00,2023-07-23,2023-07-21,Feeder Vessel,DHL Global Forwarding,LCL,28476.95,1
13,13,1,20240910,2024-09-10,2024-09-10 04:00:00,2024-09-16 04:00:00,2024-09-11,2024-09-12,Feeder Vessel,K Line Logistics,FCL-40,12585.65,0
14,14,1,20230324,2023-03-24,2023-03-24 15:00:00,2023-03-26 15:00:00,2023-03-27,2023-03-26,Direct Vessel,K Line Logistics,LCL,20399.53,1
15,15,2,20220831,2022-08-31,2022-08-31 17:00:00,2022-09-06 17:00:00,2022-09-03,2022-09-07,Truck to Port,Maersk Logistics,FCL-40,14168.95,0
16,16,1,20230109,2023-01-09,2023-01-09 11:00:00,2023-01-13 11:00:00,2023-01-12,2023-01-16,Truck to Port,DB Schenker,LCL,4689.37,0
17,17,2,20220912,2022-09-12,2022-09-12 06:00:00,2022-09-19 06:00:00,2022-09-14,2022-09-13,Truck to Port,K Line Logistics,LCL,3517.72,1
18,18,3,20240908,2024-09-08,2024-09-08 08:00:00,2024-09-14 08:00:00,2024-09-10,2024-09-11,Feeder Vessel,K Line Logistics,FCL-40,6696.99,0
19,19,3,20230303,2023-03-03,2023-03-03 16:00:00,2023-03-06 16:00:00,2023-03-05,2023-03-08,Feeder Vessel,Maersk Logistics,LCL,13306.43,0
20,20,3,20250329,2025-03-29,2025-03-29 12:00:00,2025-04-03 12:00:00,2025-04-01,2025-04-03,Truck to Port,DB Schenker,FCL-40,9171.08,0
21,21,3,20220618,2022-06-18,2022-06-18 08:00:00,2022-06-21 08:00:00,2022-06-19,2022-06-20,Truck to Port,K Line Logistics,FCL-40,9362.5,0
22,22,1,20230721,2023-07-21,2023-07-21 04:00:00,2023-07-26 04:00:00,2023-07-21,2023-07-19,Feeder Vessel,Maersk Logistics,FCL-40,22818.51,1
23,23,3,20240208,2024-02-08,2024-02-08 16:00:00,2024-02-15 16:00:00,2024-02-08,2024-02-12,Truck to Port,DHL Global Forwarding,FCL-20,23457.72,0
24,24,2,20240205,2024-02-05,2024-02-05 14:00:00,2024-02-12 14:00:00,2024-02-06,2024-02-10,Feeder Vessel,DHL Global Forwarding,LCL,17721.97,0
25,25,3,20250121,2025-01-21,2025-01-21 15:00:00,2025-01-22 15:00:00,2025-01-24,2025-01-25,Direct Vessel,Maersk Logistics,LCL,6314.14,0
26,26,3,20230915,2023-09-15,2023-09-15 17:00:00,2023-09-20 17:00:00,2023-09-18,2023-09-16,Truck to Port,DHL Global Forwarding,FCL-20,16292.48,1
27,27,2,20230816,2023-08-16,2023-08-16 06:00:00,2023-08-17 06:00:00,2023-08-19,2023-08-22,Direct Vessel,K Line Logistics,LCL,17305.35,0
28,28,3,20230416,2023-04-16,2023-04-16 17:00:00,2023-04-19 17:00:00,2023-04-17,2023-04-16,Direct Vessel,K Line Logistics,LCL,15456.76,1
29,29,3,20240904,2024-09-04,2024-09-04 07:00:00,2024-09-08 07:00:00,2024-09-07,2024-09-09,Truck to Port,DB Schenker,FCL-40,5739.58,0
30,30,1,20240707,2024-07-07,2024-07-07 06:00:00,2024-07-10 06:00:00,2024-07-08,2024-07-10,Direct Vessel,DB Schenker,FCL-20,2381.91,0
31,31,1,20220303,2022-03-03,2022-03-03 09:00:00,2022-03-05 09:00:00,2022-03-04,2022-03-05,Feeder Vessel,DB Schenker,FCL-20,22757.27,0
32,32,1,20220904,2022-09-04,2022-09-04 12:00:00,2022-09-09 12:00:00,2022-09-04,2022-09-05,Direct Vessel,DB Schenker,FCL-20,3745.19,0
33,33,2,20230107,2023-01-07,2023-01-07 11:00:00,2023-01-11 11:00:00,2023-01-08,2023-01-06,Truck to Port,DHL Global Forwarding,FCL-40,4326.33,1
34,34,3,20230810,2023-08-10,2023-08-10 17:00:00,2023-08-13 17:00:00,2023-08-11,2023-08-11,Truck to Port,K Line Logistics,FCL-40,13014.32,1
35,35,2,20241218,2024-12-18,2024-12-18 10:00:00,2024-12-21 10:00:00,2024-12-21,2024-12-23,Truck to Port,DHL Global Forwarding,FCL-40,1870.1,0
36,36,3,20241020,2024-10-20,2024-10-20 14:00:00,2024-10-25 14:00:00,2024-10-21,2024-10-21,Feeder Vessel,DB Schenker,FCL-20,11228.5,1
37,37,3,20240214,2024-02-14,2024-02-14 11:00:00,2024-02-21 11:00:00,2024-02-14,2024-02-16,Feeder Vessel,K Line Logistics,FCL-40,20508.99,0
38,38,1,20220512,2022-05-12,2022-05-12 06:00:00,2022-05-16 06:00:00,2022-05-13,2022-05-16,Truck to Port,DB Schenker,FCL-20,15592.07,0
39,39,2,20240701,2024-07-01,2024-07-01 14:00:00,2024-07-02 14:00:00,2024-07-04,2024-07-04,Direct Vessel,DB Schenker,FCL-40,28183.46,1
40,40,2,20241208,2024-12-08,2024-12-08 17:00:00,2024-12-13 17:00:00,2024-12-11,2024-12-13,Direct Vessel,DB Schenker,FCL-40,8069.07,0
41,41,2,20240903,2024-09-03,2024-09-03 04:00:00,2024-09-10 04:00:00,2024-09-04,2024-09-07,Truck to Port,DHL Global Forwarding,FCL-40,9318.77,0
42,42,2,20241031,2024-10-31,2024-10-31 08:00:00,2024-11-07 08:00:00,2024-11-02,2024-11-07,Direct Vessel,DHL Global Forwarding,LCL,9385.98,0
43,43,2,20240316,2024-03-16,2024-03-16 06:00:00,2024-03-18 06:00:00,2024-03-18,2024-03-19,Feeder Vessel,Maersk Logistics,FCL-20,23468.46,0
44,44,2,20231107,2023-11-07,2023-11-07 15:00:00,2023-11-13 15:00:00,2023-11-10,2023-11-12,Feeder Vessel,K Line Logistics,FCL-20,9025.45,0
45,45,2,20240309,2024-03-09,2024-03-09 04:00:00,2024-03-11 04:00:00,2024-03-10,2024-03-15,Feeder Vessel,DHL Global Forwarding,LCL,650.12,0
46,46,3,20220605,2022-06-05,2022-06-05 09:00:00,2022-06-11 09:00:00,2022-06-05,2022-06-07,Truck to Port,Maersk Logistics,FCL-40,9008.13,0
47,47,2,20250606,2025-06-06,2025-06-06 10:00:00,2025-06-10 10:00:00,2025-06-09,2025-06-13,Truck to Port,Maersk Logistics,FCL-40,18997.3,0
48,48,1,20250321,2025-03-21,2025-03-21 08:00:00,2025-03-26 08:00:00,2025-03-21,2025-03-26,Feeder Vessel,K Line Logistics,LCL,7195.25,0
49,49,2,20240613,2024-06-13,2024-06-13 08:00:00,2024-06-19 08:00:00,2024-06-16,2024-06-16,Truck to Port,DB Schenker,FCL-40,13220.05,1
50,50,2,20240112,2024-01-12,2024-01-12 09:00:00,2024-01-14 09:00:00,2024-01-14,2024-01-13,Feeder Vessel,DHL Global Forwarding,FCL-40,4603.76,1
51,51,1,20230413,2023-04-13,2023-04-13 07:00:00,2023-04-15 07:00:00,2023-04-13,2023-04-18,Truck to Port,DB Schenker,FCL-20,4925.67,0
52,52,1,20230606,2023-06-06,2023-06-06 17:00:00,2023-06-08 17:00:00,2023-06-06,2023-06-11,Feeder Vessel,K Line Logistics,FCL-20,5721.25,0
53,53,2,20240824,2024-08-24,2024-08-24 14:00:00,2024-08-26 14:00:00,2024-08-27,2024-08-30,Direct Vessel,K Line Logistics,FCL-20,5945.18,0
54,54,2,20251010,2025-10-10,2025-10-10 10:00:00,2025-10-14 10:00:00,2025-10-10,2025-10-09,Feeder Vessel,DB Schenker,FCL-40,1720.43,1
55,55,3,20220615,2022-06-15,2022-06-15 14:00:00,2022-06-18 14:00:00,2022-06-17,2022-06-18,Feeder Vessel,DHL Global Forwarding,FCL-40,10090.37,0
56,56,2,20250218,2025-02-18,2025-02-18 05:00:00,2025-02-19 05:00:00,2025-02-18,2025-02-18,Direct Vessel,DB Schenker,LCL,21350.36,1
57,57,1,20251111,2025-11-11,2025-11-11 16:00:00,2025-11-12 16:00:00,2025-11-11,2025-11-14,Feeder Vessel,DB Schenker,FCL-20,13640.32,0
58,58,1,20250919,2025-09-19,2025-09-19 14:00:00,2025-09-26 14:00:00,2025-09-20,2025-09-22,Feeder Vessel,DB Schenker,FCL-40,11977.06,0
59,59,3,20230808,2023-08-08,2023-08-08 06:00:00,2023-08-12 06:00:00,2023-08-09,2023-08-07,Direct Vessel,Maersk Logistics,FCL-40,7422.01,1
60,60,3,20240511,2024-05-11,2024-05-11 09:00:00,2024-05-13 09:00:00,2024-05-13,2024-05-13,Truck to Port,DB Schenker,FCL-20,3455.11,1
61,61,3,20240716,2024-07-16,2024-07-16 17:00:00,2024-07-22 17:00:00,2024-07-19,2024-07-23,Feeder Vessel,K Line Logistics,FCL-20,18655.11,0
62,62,3,20221202,2022-12-02,2022-12-02 14:00:00,2022-12-04 14:00:00,2022-12-02,2022-12-04,Feeder Vessel,Maersk Logistics,LCL,24959.15,0
63,63,3,20221010,2022-10-10,2022-10-10 08:00:00,2022-10-13 08:00:00,2022-10-11,2022-10-14,Feeder Vessel,Maersk Logistics,FCL-20,10331.37,0
64,64,3,20240904,2024-09-04,2024-09-04 15:00:00,2024-09-06 15:00:00,2024-09-04,2024-09-06,Direct Vessel,DB Schenker,LCL,3819.11,0
65,65,1,20250819,2025-08-19,2025-08-19 13:00:00,2025-08-25 13:00:00,2025-08-21,2025-08-20,Feeder Vessel,DB Schenker,FCL-20,23582.44,1
66,66,1,20241003,2024-10-03,2024-10-03 06:00:00,2024-10-05 06:00:00,2024-10-06,2024-10-07,Direct Vessel,DHL Global Forwarding,LCL,18588.4,0
67,67,2,20250807,2025-08-07,2025-08-07 17:00:00,2025-08-13 17:00:00,2025-08-09,2025-08-14,Direct Vessel,DHL Global Forwarding,FCL-40,14519.23,0
68,68,1,20250124,2025-01-24,2025-01-24 11:00:00,2025-01-28 11:00:00,2025-01-24,2025-01-26,Truck to Port,Maersk Logistics,FCL-40,7263.88,0
69,69,1,20230703,2023-07-03,2023-07-03 10:00:00,2023-07-08 10:00:00,2023-07-04,2023-07-03,Truck to Port,DHL Global Forwarding,LCL,6373.92,1
70,70,1,20220605,2022-06-05,2022-06-05 11:00:00,2022-06-07 11:00:00,2022-06-08,2022-06-08,Feeder Vessel,DHL Global Forwarding,LCL,728.41,1
71,71,1,20231017,2023-10-17,2023-10-17 08:00:00,2023-10-24 08:00:00,2023-10-19,2023-10-23,Truck to Port,DHL Global Forwarding,LCL,8496.15,0
72,72,1,20230723,2023-07-23,2023-07-23 07:00:00,2023-07-29 07:00:00,2023-07-26,2023-07-30,Feeder Vessel,Maersk Logistics,FCL-20,8048.26,0
73,73,3,20250620,2025-06-20,2025-06-20 10:00:00,2025-06-25 10:00:00,2025-06-20,2025-06-18,Truck to Port,DHL Global Forwarding,FCL-20,15309.08,1
74,74,1,20231003,2023-10-03,2023-10-03 07:00:00,2023-10-04 07:00:00,2023-10-06,2023-10-09,Truck to Port,K Line Logistics,FCL-20,1198.71,0
75,75,1,20240229,2024-02-29,2024-02-29 09:00:00,2024-03-03 09:00:00,2024-03-03,2024-03-01,Truck to Port,DB Schenker,FCL-20,603.66,1
76,76,3,20251123,2025-11-23,2025-11-23 05:00:00,2025-11-28 05:00:00,2025-11-25,2025-11-25,Feeder Vessel,Maersk Logistics,LCL,11195.03,1
77,77,1,20231224,2023-12-24,2023-12-24 07:00:00,2023-12-30 07:00:00,2023-12-26,2023-12-30,Truck to Port,DB Schenker,FCL-20,11448.24,0
78,78,1,20220613,2022-06-13,2022-06-13 16:00:00,2022-06-20 16:00:00,2022-06-13,2022-06-16,Direct Vessel,K Line Logistics,FCL-40,2992.29,0
79,79,2,20250212,2025-02-12,2025-02-12 15:00:00,2025-02-15 15:00:00,2025-02-12,2025-02-14,Direct Vessel,DHL Global Forwarding,FCL-40,23677.31,0
80,80,3,20220321,2022-03-21,2022-03-21 05:00:00,2022-03-25 05:00:00,2022-03-21,2022-03-21,Feeder Vessel,DHL Global Forwarding,FCL-40,8254.54,1
81,81,3,20240118,2024-01-18,2024-01-18 07:00:00,2024-01-21 07:00:00,2024-01-20,2024-01-25,Direct Vessel,Maersk Logistics,FCL-20,4739.96,0
82,82,1,20241203,2024-12-03,2024-12-03 08:00:00,2024-12-04 08:00:00,2024-12-04,2024-12-04,Direct Vessel,DHL Global Forwarding,FCL-40,6007.36,1
83,83,3,20240708,2024-07-08,2024-07-08 07:00:00,2024-07-09 07:00:00,2024-07-10,2024-07-15,Feeder Vessel,DB Schenker,FCL-20,12125.47,0
84,84,1,20230403,2023-04-03,2023-04-03 12:00:00,2023-04-05 12:00:00,2023-04-05,2023-04-10,Truck to Port,Maersk Logistics,FCL-40,18000.45,0
85,85,2,20250507,2025-05-07,2025-05-07 08:00:00,2025-05-11 08:00:00,2025-05-08,2025-05-07,Truck to Port,DB Schenker,FCL-40,2465.32,1
86,86,1,20230816,2023-08-16,2023-08-16 05:00:00,2023-08-20 05:00:00,2023-08-19,2023-08-20,Truck to Port,DHL Global Forwarding,FCL-20,16322.17,0
87,87,2,20231022,2023-10-22,2023-10-22 17:00:00,2023-10-26 17:00:00,2023-10-24,2023-10-27,Truck to Port,K Line Logistics,FCL-20,8318.1,0
88,88,2,20250713,2025-07-13,2025-07-13 13:00:00,2025-07-15 13:00:00,2025-07-14,2025-07-19,Direct Vessel,DB Schenker,FCL-20,11938.25,0
89,89,1,20220721,2022-07-21,2022-07-21 07:00:00,2022-07-26 07:00:00,2022-07-21,2022-07-23,Truck to Port,DHL Global Forwarding,FCL-20,11387.91,0
90,90,3,20241016,2024-10-16,2024-10-16 07:00:00,2024-10-23 07:00:00,2024-10-16,2024-10-21,Direct Vessel,Maersk Logistics,FCL-40,16296.66,0
91,91,3,20221030,2022-10-30,2022-10-30 09:00:00,2022-11-03 09:00:00,2022-11-02,2022-11-05,Feeder Vessel,Maersk Logistics,FCL-40,13307.17,0
92,92,2,20250207,2025-02-07,2025-02-07 16:00:00,2025-02-14 16:00:00,2025-02-10,2025-02-10,Feeder Vessel,K Line Logistics,FCL-20,21597.85,1
93,93,2,20250114,2025-01-14,2025-01-14 13:00:00,2025-01-15 13:00:00,2025-01-15,2025-01-20,Truck to Port,DHL Global Forwarding,LCL,11339.37,0
94,94,3,20240514,2024-05-14,2024-05-14 12:00:00,2024-05-17 12:00:00,2024-05-16,2024-05-16,Feeder Vessel,DHL Global Forwarding,LCL,10517.2,1
95,95,1,20240204,2024-02-04,2024-02-04 04:00:00,2024-02-07 04:00:00,2024-02-07,2024-02-12,Feeder Vessel,DB Schenker,LCL,6915.65,0
96,96,3,20250711,2025-07-11,2025-07-11 14:00:00,2025-07-12 14:00:00,2025-07-13,2025-07-15,Feeder Vessel,DB Schenker,FCL-20,28243.5,0
97,97,3,20240614,2024-06-14,2024-06-14 05:00:00,2024-06-20 05:00:00,2024-06-14,2024-06-14,Truck to Port,K Line Logistics,FCL-20,5907.14,1
98,98,3,20230331,2023-03-31,2023-03-31 17:00:00,2023-04-02 17:00:00,2023-04-02,2023-04-04,Direct Vessel,DB Schenker,FCL-40,11111.04,0
99,99,3,20230313,2023-03-13,2023-03-13 14:00:00,2023-03-20 14:00:00,2023-03-16,2023-03-17,Truck to Port,Maersk Logistics,FCL-20,924.7,0
100,100,1,20250901,2025-09-01,2025-09-01 09:00:00,2025-09-06 09:00:00,2025-09-02,2025-09-03,Direct Vessel,DB Schenker,LCL,6171.54,0
101,101,3,20250307,2025-03-07,2025-03-07 09:00:00,2025-03-11 09:00:00,2025-03-10,2025-03-12,Truck to Port,K Line Logistics,LCL,1384.91,0
102,102,3,20250510,2025-05-10,2025-05-10 07:00:00,2025-05-13 07:00:00,2025-05-12,2025-05-16,Direct Vessel,DB Schenker,LCL,1709.29,0
103,103,3,20230923,2023-09-23,2023-09-23 15:00:00,2023-09-29 15:00:00,2023-09-23,2023-09-21,Truck to Port,Maersk Logistics,LCL,2498.6,1
104,104,3,20230124,2023-01-24,2023-01-24 09:00:00,2023-01-29 09:00:00,2023-01-26,2023-01-29,Truck to Port,DB Schenker,LCL,12522.82,0
105,105,2,20220916,2022-09-16,2022-09-16 11:00:00,2022-09-17 11:00:00,2022-09-18,2022-09-19,Direct Vessel,DB Schenker,FCL-20,7588.45,0
106,106,2,20250613,2025-06-13,2025-06-13 16:00:00,2025-06-14 16:00:00,2025-06-14,2025-06-13,Truck to Port,DHL Global Forwarding,FCL-20,7241.64,1
107,107,3,20230330,2023-03-30,2023-03-30 15:00:00,2023-04-01 15:00:00,2023-04-02,2023-04-02,Truck to Port,Maersk Logistics,FCL-40,9067.87,1
108,108,2,20240621,2024-06-21,2024-06-21 17:00:00,2024-06-23 17:00:00,2024-06-22,2024-06-26,Direct Vessel,DB Schenker,FCL-40,2771.94,0
109,109,3,20230916,2023-09-16,2023-09-16 08:00:00,2023-09-23 08:00:00,2023-09-17,2023-09-18,Direct Vessel,Maersk Logistics,FCL-20,1419.94,0
110,110,2,20230914,2023-09-14,2023-09-14 16:00:00,2023-09-17 16:00:00,2023-09-16,2023-09-17,Feeder Vessel,DHL Global Forwarding,FCL-40,26777.11,0
111,111,2,20220216,2022-02-16,2022-02-16 12:00:00,2022-02-19 12:00:00,2022-02-19,2022-02-18,Direct Vessel,DB Schenker,FCL-20,19961.6,1
112,112,1,20230905,2023-09-05,2023-09-05 05:00:00,2023-09-10 05:00:00,2023-09-06,2023-09-05,Direct Vessel,K Line Logistics,FCL-40,8876.81,1
113,113,3,20230803,2023-08-03,2023-08-03 08:00:00,2023-08-07 08:00:00,2023-08-03,2023-08-06,Direct Vessel,DB Schenker,FCL-20,22683.71,0
114,114,1,20220903,2022-09-03,2022-09-03 04:00:00,2022-09-05 04:00:00,2022-09-04,2022-09-06,Direct Vessel,DHL Global Forwarding,FCL-40,6763.25,0
115,115,1,20220525,2022-05-25,2022-05-25 12:00:00,2022-05-29 12:00:00,2022-05-27,2022-05-31,Feeder Vessel,DB Schenker,LCL,19039.6,0
116,116,1,20240312,2024-03-12,2024-03-12 12:00:00,2024-03-17 12:00:00,2024-03-13,2024-03-18,Feeder Vessel,Maersk Logistics,FCL-40,13320.54,0
117,117,1,20240602,2024-06-02,2024-06-02 13:00:00,2024-06-06 13:00:00,2024-06-03,2024-06-06,Feeder Vessel,DB Schenker,LCL,6017.01,0
118,118,2,20220406,2022-04-06,2022-04-06 08:00:00,2022-04-12 08:00:00,2022-04-08,2022-04-11,Direct Vessel,Maersk Logistics,FCL-20,2827.06,0
119,119,2,20220802,2022-08-02,2022-08-02 17:00:00,2022-08-05 17:00:00,2022-08-03,2022-08-08,Truck to Port,Maersk Logistics,FCL-20,3095.01,0
120,120,3,20240108,2024-01-08,2024-01-08 13:00:00,2024-01-12 13:00:00,2024-01-09,2024-01-10,Feeder Vessel,DB Schenker,FCL-20,1873.29,0
121,121,1,20250627,2025-06-27,2025-06-27 04:00:00,2025-07-01 04:00:00,2025-06-27,2025-06-29,Direct Vessel,K Line Logistics,FCL-40,18816.74,0
122,122,1,20251021,2025-10-21,2025-10-21 14:00:00,2025-10-26 14:00:00,2025-10-22,2025-10-21,Direct Vessel,Maersk Logistics,LCL,19390.05,1
123,123,3,20230603,2023-06-03,2023-06-03 10:00:00,2023-06-09 10:00:00,2023-06-05,2023-06-08,Direct Vessel,DHL Global Forwarding,FCL-20,6545.06,0
124,124,1,20241214,2024-12-14,2024-12-14 06:00:00,2024-12-16 06:00:00,2024-12-14,2024-12-17,Direct Vessel,DB Schenker,FCL-20,15805.24,0
125,125,3,20231218,2023-12-18,2023-12-18 10:00:00,2023-12-21 10:00:00,2023-12-19,2023-12-22,Feeder Vessel,DHL Global Forwarding,FCL-20,14380.03,0
126,126,2,20240817,2024-08-17,2024-08-17 06:00:00,2024-08-23 06:00:00,2024-08-20,2024-08-21,Direct Vessel,K Line Logistics,FCL-20,11113.71,0
127,127,1,20250706,2025-07-06,2025-07-06 16:00:00,2025-07-10 16:00:00,2025-07-08,2025-07-06,Direct Vessel,Maersk Logistics,FCL-40,20364.98,1
128,128,2,20250227,2025-02-27,2025-02-27 07:00:00,2025-03-05 07:00:00,2025-02-27,2025-03-01,Feeder Vessel,Maersk Logistics,LCL,12855.08,0
129,129,3,20231121,2023-11-21,2023-11-21 12:00:00,2023-11-24 12:00:00,2023-11-22,2023-11-22,Truck to Port,K Line Logistics,FCL-20,32436.99,1
130,130,2,20230622,2023-06-22,2023-06-22 11:00:00,2023-06-28 11:00:00,2023-06-24,2023-06-29,Truck to Port,K Line Logistics,LCL,21259.35,0
131,131,2,20240720,2024-07-20,2024-07-20 06:00:00,2024-07-24 06:00:00,2024-07-20,2024-07-25,Truck to Port,Maersk Logistics,LCL,2761.0,0
132,132,1,20231018,2023-10-18,2023-10-18 12:00:00,2023-10-24 12:00:00,2023-10-21,2023-10-23,Direct Vessel,DB Schenker,LCL,13910.24,0
133,133,2,20221010,2022-10-10,2022-10-10 04:00:00,2022-10-17 04:00:00,2022-10-13,2022-10-18,Direct Vessel,Maersk Logistics,FCL-20,19802.35,0
134,134,2,20240614,2024-06-14,2024-06-14 07:00:00,2024-06-16 07:00:00,2024-06-16,2024-06-19,Feeder Vessel,Maersk Logistics,FCL-20,14629.57,0
135,135,1,20231203,2023-12-03,2023-12-03 14:00:00,2023-12-04 14:00:00,2023-12-03,2023-12-02,Direct Vessel,Maersk Logistics,FCL-20,4304.56,1
136,136,3,20241227,2024-12-27,2024-12-27 04:00:00,2025-01-01 04:00:00,2024-12-27,2025-01-01,Direct Vessel,DHL Global Forwarding,LCL,20353.9,0
137,137,1,20230119,2023-01-19,2023-01-19 08:00:00,2023-01-21 08:00:00,2023-01-21,2023-01-25,Direct Vessel,K Line Logistics,FCL-40,17788.42,0
138,138,2,20241025,2024-10-25,2024-10-25 06:00:00,2024-10-30 06:00:00,2024-10-27,2024-10-31,Truck to Port,K Line Logistics,FCL-20,6440.68,0
139,139,3,20251119,2025-11-19,2025-11-19 04:00:00,2025-11-23 04:00:00,2025-11-21,2025-11-25,Feeder Vessel,K Line Logistics,FCL-40,17346.79,0
140,140,3,20240422,2024-04-22,2024-04-22 15:00:00,2024-04-24 15:00:00,2024-04-24,2024-04-29,Feeder Vessel,K Line Logistics,LCL,10619.78,0
141,141,2,20250407,2025-04-07,2025-04-07 09:00:00,2025-04-13 09:00:00,2025-04-08,2025-04-08,Feeder Vessel,K Line Logistics,FCL-40,3792.35,1
142,142,1,20240314,2024-03-14,2024-03-14 05:00:00,2024-03-19 05:00:00,2024-03-14,2024-03-13,Feeder Vessel,DB Schenker,LCL,13901.57,1
143,143,2,20230214,2023-02-14,2023-02-14 12:00:00,2023-02-21 12:00:00,2023-02-14,2023-02-14,Direct Vessel,K Line Logistics,FCL-40,1503.16,1
144,144,3,20250404,2025-04-04,2025-04-04 17:00:00,2025-04-05 17:00:00,2025-04-06,2025-04-09,Feeder Vessel,Maersk Logistics,FCL-40,9041.83,0
145,145,2,20240326,2024-03-26,2024-03-26 17:00:00,2024-04-02 17:00:00,2024-03-26,2024-03-31,Direct Vessel,DHL Global Forwarding,LCL,9331.88,0
146,146,2,20250818,2025-08-18,2025-08-18 05:00:00,2025-08-22 05:00:00,2025-08-19,2025-08-18,Truck to Port,K Line Logistics,LCL,11868.18,1
147,147,1,20241019,2024-10-19,2024-10-19 05:00:00,2024-10-26 05:00:00,2024-10-19,2024-10-18,Direct Vessel,K Line Logistics,FCL-40,9430.19,1
148,148,2,20230805,2023-08-05,2023-08-05 12:00:00,2023-08-11 12:00:00,2023-08-06,2023-08-06,Feeder Vessel,DHL Global Forwarding,FCL-40,6214.44,1
149,149,2,20220806,2022-08-06,2022-08-06 11:00:00,2022-08-12 11:00:00,2022-08-07,2022-08-11,Truck to Port,Maersk Logistics,FCL-20,5704.35,0
150,150,2,20230718,2023-07-18,2023-07-18 16:00:00,2023-07-23 16:00:00,2023-07-18,2023-07-18,Truck to Port,DB Schenker,LCL,2583.15,1
151,151,3,20230503,2023-05-03,2023-05-03 09:00:00,2023-05-10 09:00:00,2023-05-05,2023-05-08,Truck to Port,DB Schenker,LCL,23671.18,0
152,152,2,20230501,2023-05-01,2023-05-01 15:00:00,2023-05-03 15:00:00,2023-05-03,2023-05-05,Truck to Port,DHL Global Forwarding,FCL-40,2550.5,0
153,153,3,20231212,2023-12-12,2023-12-12 05:00:00,2023-12-14 05:00:00,2023-12-14,2023-12-16,Truck to Port,K Line Logistics,FCL-40,4551.67,0
154,154,1,20240625,2024-06-25,2024-06-25 10:00:00,2024-06-27 10:00:00,2024-06-27,2024-06-29,Feeder Vessel,DHL Global Forwarding,FCL-40,6803.64,0
155,155,2,20240808,2024-08-08,2024-08-08 06:00:00,2024-08-09 06:00:00,2024-08-09,2024-08-11,Direct Vessel,DHL Global Forwarding,LCL,14390.93,0
156,156,1,20221207,2022-12-07,2022-12-07 05:00:00,2022-12-09 05:00:00,2022-12-07,2022-12-07,Truck to Port,DHL Global Forwarding,LCL,2951.79,1
157,157,2,20230107,2023-01-07,2023-01-07 15:00:00,2023-01-14 15:00:00,2023-01-08,2023-01-08,Direct Vessel,Maersk Logistics,LCL,20823.71,1
158,158,1,20250811,2025-08-11,2025-08-11 07:00:00,2025-08-18 07:00:00,2025-08-14,2025-08-14,Direct Vessel,DHL Global Forwarding,FCL-40,6417.46,1
159,159,1,20230410,2023-04-10,2023-04-10 06:00:00,2023-04-14 06:00:00,2023-04-13,2023-04-16,Direct Vessel,DB Schenker,FCL-20,11830.02,0
160,160,1,20240912,2024-09-12,2024-09-12 15:00:00,2024-09-18 15:00:00,2024-09-15,2024-09-15,Feeder Vessel,DHL Global Forwarding,FCL-40,14002.3,1
161,161,1,20240216,2024-02-16,2024-02-16 12:00:00,2024-02-20 12:00:00,2024-02-19,2024-02-18,Truck to Port,Maersk Logistics,FCL-20,11132.1,1
162,162,2,20220204,2022-02-04,2022-02-04 17:00:00,2022-02-11 17:00:00,2022-02-06,2022-02-05,Direct Vessel,DHL Global Forwarding,FCL-20,7264.8,1
163,163,1,20250311,2025-03-11,2025-03-11 08:00:00,2025-03-14 08:00:00,2025-03-12,2025-03-13,Feeder Vessel,K Line Logistics,FCL-20,15887.62,0
164,164,1,20240709,2024-07-09,2024-07-09 04:00:00,2024-07-14 04:00:00,2024-07-09,2024-07-09,Direct Vessel,DB Schenker,FCL-20,4222.61,1
165,165,2,20240104,2024-01-04,2024-01-04 08:00:00,2024-01-09 08:00:00,2024-01-04,2024-01-02,Truck to Port,Maersk Logistics,FCL-20,7723.63,1
166,166,1,20231025,2023-10-25,2023-10-25 12:00:00,2023-10-30 12:00:00,2023-10-27,2023-10-31,Feeder Vessel,Maersk Logistics,FCL-20,2709.34,0
167,167,1,20220422,2022-04-22,2022-04-22 17:00:00,2022-04-23 17:00:00,2022-04-25,2022-04-25,Feeder Vessel,Maersk Logistics,LCL,4499.26,1
168,168,2,20250114,2025-01-14,2025-01-14 15:00:00,2025-01-15 15:00:00,2025-01-14,2025-01-13,Direct Vessel,DHL Global Forwarding,FCL-20,3231.25,1
169,169,3,20240204,2024-02-04,2024-02-04 06:00:00,2024-02-06 06:00:00,2024-02-07,2024-02-10,Direct Vessel,DHL Global Forwarding,FCL-40,12815.12,0
170,170,3,20250623,2025-06-23,2025-06-23 10:00:00,2025-06-30 10:00:00,2025-06-26,2025-06-25,Feeder Vessel,DB Schenker,LCL,24244.4,1
171,171,2,20240514,2024-05-14,2024-05-14 11:00:00,2024-05-17 11:00:00,2024-05-14,2024-05-12,Feeder Vessel,Maersk Logistics,FCL-20,20358.64,1
172,172,2,20240612,2024-06-12,2024-06-12 09:00:00,2024-06-17 09:00:00,2024-06-13,2024-06-17,Truck to Port,DB Schenker,FCL-40,11751.2,0
173,173,1,20231201,2023-12-01,2023-12-01 11:00:00,2023-12-08 11:00:00,2023-12-04,2023-12-09,Direct Vessel,Maersk Logistics,FCL-20,9865.27,0
174,174,2,20251014,2025-10-14,2025-10-14 16:00:00,2025-10-15 16:00:00,2025-10-14,2025-10-18,Feeder Vessel,K Line Logistics,FCL-20,18323.59,0
175,175,1,20241007,2024-10-07,2024-10-07 09:00:00,2024-10-10 09:00:00,2024-10-07,2024-10-11,Feeder Vessel,Maersk Logistics,FCL-40,13277.29,0
176,176,3,20241209,2024-12-09,2024-12-09 11:00:00,2024-12-10 11:00:00,2024-12-10,2024-12-08,Feeder Vessel,DHL Global Forwarding,FCL-40,4817.89,1
177,177,3,20220223,2022-02-23,2022-02-23 17:00:00,2022-03-02 17:00:00,2022-02-25,2022-03-01,Truck to Port,DHL Global Forwarding,FCL-20,9814.89,0
178,178,2,20251112,2025-11-12,2025-11-12 04:00:00,2025-11-19 04:00:00,2025-11-12,2025-11-11,Truck to Port,DHL Global Forwarding,FCL-20,11840.89,1
179,179,3,20251021,2025-10-21,2025-10-21 08:00:00,2025-10-22 08:00:00,2025-10-21,2025-10-23,Truck to Port,DHL Global Forwarding,FCL-20,14193.21,0
180,180,2,20230413,2023-04-13,2023-04-13 15:00:00,2023-04-19 15:00:00,2023-04-13,2023-04-13,Truck to Port,Maersk Logistics,FCL-20,16319.75,1
181,181,1,20231224,2023-12-24,2023-12-24 05:00:00,2023-12-30 05:00:00,2023-12-25,2023-12-25,Direct Vessel,DHL Global Forwarding,LCL,8089.6,1
182,182,3,20230509,2023-05-09,2023-05-09 17:00:00,2023-05-15 17:00:00,2023-05-10,2023-05-09,Feeder Vessel,DB Schenker,FCL-20,5162.28,1
183,183,1,20240216,2024-02-16,2024-02-16 09:00:00,2024-02-22 09:00:00,2024-02-19,2024-02-20,Feeder Vessel,DB Schenker,LCL,16713.1,0
184,184,1,20241011,2024-10-11,2024-10-11 11:00:00,2024-10-18 11:00:00,2024-10-11,2024-10-14,Feeder Vessel,Maersk Logistics,FCL-20,11033.34,0
185,185,2,20250402,2025-04-02,2025-04-02 17:00:00,2025-04-09 17:00:00,2025-04-02,2025-04-07,Truck to Port,DHL Global Forwarding,LCL,4262.47,0
186,186,2,20241125,2024-11-25,2024-11-25 16:00:00,2024-11-27 16:00:00,2024-11-27,2024-11-25,Feeder Vessel,DHL Global Forwarding,LCL,19874.39,1
187,187,2,20250304,2025-03-04,2025-03-04 05:00:00,2025-03-06 05:00:00,2025-03-04,2025-03-03,Direct Vessel,DB Schenker,FCL-20,19168.76,1
188,188,3,20251114,2025-11-14,2025-11-14 15:00:00,2025-11-18 15:00:00,2025-11-17,2025-11-22,Feeder Vessel,DB Schenker,FCL-20,6187.78,0
189,189,1,20250120,2025-01-20,2025-01-20 11:00:00,2025-01-22 11:00:00,2025-01-20,2025-01-25,Feeder Vessel,K Line Logistics,FCL-40,23538.46,0
190,190,1,20220417,2022-04-17,2022-04-17 16:00:00,2022-04-24 16:00:00,2022-04-17,2022-04-16,Direct Vessel,DB Schenker,FCL-40,23217.31,1
191,191,1,20241209,2024-12-09,2024-12-09 05:00:00,2024-12-15 05:00:00,2024-12-09,2024-12-12,Direct Vessel,K Line Logistics,LCL,11689.38,0
192,192,1,20230620,2023-06-20,2023-06-20 12:00:00,2023-06-27 12:00:00,2023-06-21,2023-06-24,Truck to Port,DHL Global Forwarding,FCL-20,22619.96,0
193,193,3,20250211,2025-02-11,2025-02-11 13:00:00,2025-02-16 13:00:00,2025-02-11,2025-02-16,Direct Vessel,Maersk Logistics,FCL-20,4980.71,0
194,194,3,20251031,2025-10-31,2025-10-31 14:00:00,2025-11-07 14:00:00,2025-11-03,2025-11-08,Feeder Vessel,K Line Logistics,FCL-20,17356.31,0
195,195,3,20231020,2023-10-20,2023-10-20 11:00:00,2023-10-27 11:00:00,2023-10-22,2023-10-26,Direct Vessel,K Line Logistics,LCL,20649.12,0
196,196,2,20250113,2025-01-13,2025-01-13 12:00:00,2025-01-19 12:00:00,2025-01-16,2025-01-19,Direct Vessel,Maersk Logistics,LCL,15888.79,0
197,197,3,20240814,2024-08-14,2024-08-14 15:00:00,2024-08-15 15:00:00,2024-08-15,2024-08-14,Truck to Port,K Line Logistics,LCL,8209.09,1
198,198,1,20251125,2025-11-25,2025-11-25 04:00:00,2025-11-29 04:00:00,2025-11-27,2025-11-30,Feeder Vessel,DHL Global Forwarding,LCL,7268.61,0
199,199,1,20241124,2024-11-24,2024-11-24 17:00:00,2024-11-28 17:00:00,2024-11-27,2024-11-25,Feeder Vessel,K Line Logistics,FCL-40,22952.77,1
200,200,2,20220813,2022-08-13,2022-08-13 10:00:00,2022-08-18 10:00:00,2022-08-16,2022-08-20,Direct Vessel,DB Schenker,FCL-40,29563.6,0
201,201,1,20240516,2024-05-16,2024-05-16 16:00:00,2024-05-17 16:00:00,2024-05-16,2024-05-17,Direct Vessel,Maersk Logistics,FCL-20,9985.64,0
202,202,2,20230512,2023-05-12,2023-05-12 16:00:00,2023-05-18 16:00:00,2023-05-12,2023-05-16,Direct Vessel,Maersk Logistics,FCL-20,8134.8,0
203,203,2,20251023,2025-10-23,2025-10-23 17:00:00,2025-10-28 17:00:00,2025-10-26,2025-10-24,Truck to Port,K Line Logistics,FCL-40,12406.65,1
204,204,2,20240617,2024-06-17,2024-06-17 06:00:00,2024-06-22 06:00:00,2024-06-20,2024-06-18,Truck to Port,K Line Logistics,LCL,23937.69,1
205,205,3,20230913,2023-09-13,2023-09-13 11:00:00,2023-09-15 11:00:00,2023-09-16,2023-09-17,Truck to Port,DB Schenker,FCL-20,22101.51,0
206,206,3,20240803,2024-08-03,2024-08-03 12:00:00,2024-08-09 12:00:00,2024-08-05,2024-08-06,Truck to Port,K Line Logistics,LCL,7266.48,0
207,207,2,20251001,2025-10-01,2025-10-01 09:00:00,2025-10-07 09:00:00,2025-10-04,2025-10-03,Feeder Vessel,DB Schenker,FCL-40,605.85,1
208,208,3,20230213,2023-02-13,2023-02-13 08:00:00,2023-02-14 08:00:00,2023-02-14,2023-02-16,Feeder Vessel,DB Schenker,LCL,1756.92,0
209,209,3,20230611,2023-06-11,2023-06-11 07:00:00,2023-06-13 07:00:00,2023-06-13,2023-06-11,Direct Vessel,Maersk Logistics,FCL-40,15545.37,1
210,210,3,20220322,2022-03-22,2022-03-22 04:00:00,2022-03-26 04:00:00,2022-03-25,2022-03-28,Truck to Port,Maersk Logistics,FCL-20,8243.23,0
211,211,1,20220210,2022-02-10,2022-02-10 07:00:00,2022-02-15 07:00:00,2022-02-11,2022-02-09,Feeder Vessel,DB Schenker,FCL-20,31322.33,1
212,212,3,20250101,2025-01-01,2025-01-01 06:00:00,2025-01-06 06:00:00,2025-01-01,2025-01-03,Truck to Port,DHL Global Forwarding,FCL-40,2620.09,0
213,213,2,20221119,2022-11-19,2022-11-19 13:00:00,2022-11-20 13:00:00,2022-11-19,2022-11-21,Direct Vessel,K Line Logistics,FCL-40,14938.84,0
214,214,2,20240917,2024-09-17,2024-09-17 17:00:00,2024-09-23 17:00:00,2024-09-20,2024-09-20,Feeder Vessel,DHL Global Forwarding,FCL-40,12028.73,1
215,215,1,20251109,2025-11-09,2025-11-09 11:00:00,2025-11-10 11:00:00,2025-11-09,2025-11-11,Truck to Port,DB Schenker,FCL-20,22886.46,0
216,216,3,20220304,2022-03-04,2022-03-04 17:00:00,2022-03-07 17:00:00,2022-03-04,2022-03-08,Feeder Vessel,DB Schenker,FCL-40,6266.31,0
217,217,1,20220302,2022-03-02,2022-03-02 11:00:00,2022-03-08 11:00:00,2022-03-02,2022-02-28,Feeder Vessel,DHL Global Forwarding,LCL,5561.48,1
218,218,2,20230314,2023-03-14,2023-03-14 10:00:00,2023-03-15 10:00:00,2023-03-14,2023-03-18,Feeder Vessel,K Line Logistics,LCL,11191.18,0
219,219,1,20241227,2024-12-27,2024-12-27 06:00:00,2025-01-01 06:00:00,2024-12-27,2024-12-28,Direct Vessel,DHL Global Forwarding,FCL-20,5815.32,0
220,220,2,20220425,2022-04-25,2022-04-25 04:00:00,2022-04-30 04:00:00,2022-04-25,2022-04-27,Feeder Vessel,Maersk Logistics,FCL-40,5222.75,0
221,221,2,20250912,2025-09-12,2025-09-12 04:00:00,2025-09-15 04:00:00,2025-09-14,2025-09-12,Direct Vessel,Maersk Logistics,FCL-20,21199.8,1
222,222,2,20230503,2023-05-03,2023-05-03 07:00:00,2023-05-04 07:00:00,2023-05-06,2023-05-10,Truck to Port,Maersk Logistics,FCL-20,4410.26,0
223,223,2,20240731,2024-07-31,2024-07-31 07:00:00,2024-08-05 07:00:00,2024-08-01,2024-08-02,Feeder Vessel,K Line Logistics,FCL-20,13853.15,0
224,224,2,20220414,2022-04-14,2022-04-14 12:00:00,2022-04-18 12:00:00,2022-04-16,2022-04-18,Truck to Port,DHL Global Forwarding,FCL-40,17681.85,0
225,225,2,20241015,2024-10-15,2024-10-15 14:00:00,2024-10-18 14:00:00,2024-10-17,2024-10-15,Direct Vessel,K Line Logistics,LCL,8220.26,1
226,226,1,20220511,2022-05-11,2022-05-11 07:00:00,2022-05-15 07:00:00,2022-05-14,2022-05-17,Feeder Vessel,K Line Logistics,FCL-40,5286.1,0
227,227,2,20231110,2023-11-10,2023-11-10 16:00:00,2023-11-17 16:00:00,2023-11-11,2023-11-14,Direct Vessel,K Line Logistics,LCL,5863.27,0
228,228,1,20240814,2024-08-14,2024-08-14 13:00:00,2024-08-16 13:00:00,2024-08-15,2024-08-16,Direct Vessel,Maersk Logistics,FCL-20,9828.32,0
229,229,1,20240515,2024-05-15,2024-05-15 09:00:00,2024-05-16 09:00:00,2024-05-15,2024-05-17,Feeder Vessel,Maersk Logistics,FCL-40,6336.74,0
230,230,1,20231224,2023-12-24,2023-12-24 12:00:00,2023-12-31 12:00:00,2023-12-27,2024-01-01,Direct Vessel,K Line Logistics,FCL-20,10905.36,0
231,231,1,20230907,2023-09-07,2023-09-07 10:00:00,2023-09-09 10:00:00,2023-09-09,2023-09-13,Direct Vessel,Maersk Logistics,FCL-20,5437.14,0
232,232,3,20220224,2022-02-24,2022-02-24 07:00:00,2022-02-25 07:00:00,2022-02-24,2022-02-26,Direct Vessel,K Line Logistics,LCL,20589.5,0
233,233,3,20220319,2022-03-19,2022-03-19 15:00:00,2022-03-22 15:00:00,2022-03-20,2022-03-23,Direct Vessel,Maersk Logistics,FCL-40,12081.41,0
234,234,1,20240130,2024-01-30,2024-01-30 17:00:00,2024-01-31 17:00:00,2024-02-02,2024-02-01,Direct Vessel,DHL Global Forwarding,FCL-40,13363.23,1
235,235,1,20241215,2024-12-15,2024-12-15 05:00:00,2024-12-20 05:00:00,2024-12-16,2024-12-14,Direct Vessel,K Line Logistics,FCL-20,12102.21,1
236,236,3,20220118,2022-01-18,2022-01-18 07:00:00,2022-01-19 07:00:00,2022-01-19,2022-01-18,Feeder Vessel,DHL Global Forwarding,FCL-20,9352.14,1
237,237,2,20220612,2022-06-12,2022-06-12 14:00:00,2022-06-18 14:00:00,2022-06-13,2022-06-17,Direct Vessel,K Line Logistics,FCL-20,7829.81,0
238,238,1,20250607,2025-06-07,2025-06-07 17:00:00,2025-06-09 17:00:00,2025-06-07,2025-06-09,Truck to Port,K Line Logistics,FCL-40,29343.42,0
239,239,1,20240209,2024-02-09,2024-02-09 17:00:00,2024-02-14 17:00:00,2024-02-10,2024-02-11,Truck to Port,Maersk Logistics,FCL-20,4554.53,0
240,240,2,20241127,2024-11-27,2024-11-27 07:00:00,2024-11-30 07:00:00,2024-11-27,2024-11-25,Feeder Vessel,DB Schenker,FCL-40,7425.51,1
241,241,3,20250523,2025-05-23,2025-05-23 16:00:00,2025-05-24 16:00:00,2025-05-24,2025-05-25,Direct Vessel,Maersk Logistics,FCL-40,20472.45,0
242,242,1,20220522,2022-05-22,2022-05-22 07:00:00,2022-05-26 07:00:00,2022-05-22,2022-05-22,Direct Vessel,K Line Logistics,LCL,9303.43,1
243,243,3,20251007,2025-10-07,2025-10-07 07:00:00,2025-10-11 07:00:00,2025-10-07,2025-10-05,Direct Vessel,DB Schenker,FCL-20,5742.24,1
244,244,3,20240624,2024-06-24,2024-06-24 10:00:00,2024-06-25 10:00:00,2024-06-25,2024-06-23,Direct Vessel,Maersk Logistics,LCL,1895.9,1
245,245,2,20220723,2022-07-23,2022-07-23 09:00:00,2022-07-28 09:00:00,2022-07-26,2022-07-25,Feeder Vessel,DB Schenker,FCL-40,6730.51,1
246,246,1,20251109,2025-11-09,2025-11-09 05:00:00,2025-11-10 05:00:00,2025-11-11,2025-11-15,Feeder Vessel,DHL Global Forwarding,FCL-40,10744.52,0
247,247,1,20240311,2024-03-11,2024-03-11 09:00:00,2024-03-12 09:00:00,2024-03-12,2024-03-17,Feeder Vessel,Maersk Logistics,LCL,23576.53,0
248,248,1,20220624,2022-06-24,2022-06-24 10:00:00,2022-06-30 10:00:00,2022-06-25,2022-06-26,Feeder Vessel,K Line Logistics,FCL-20,3434.21,0
249,249,2,20240814,2024-08-14,2024-08-14 05:00:00,2024-08-21 05:00:00,2024-08-14,2024-08-15,Feeder Vessel,DB Schenker,FCL-20,21379.09,0
250,250,3,20221014,2022-10-14,2022-10-14 14:00:00,2022-10-15 14:00:00,2022-10-15,2022-10-20,Truck to Port,DHL Global Forwarding,FCL-40,2781.69,0
251,251,3,20250810,2025-08-10,2025-08-10 13:00:00,2025-08-14 13:00:00,2025-08-11,2025-08-11,Truck to Port,DHL Global Forwarding,FCL-20,2789.97,1
252,252,2,20240819,2024-08-19,2024-08-19 07:00:00,2024-08-26 07:00:00,2024-08-22,2024-08-20,Direct Vessel,Maersk Logistics,LCL,14680.51,1
253,253,2,20230620,2023-06-20,2023-06-20 07:00:00,2023-06-27 07:00:00,2023-06-22,2023-06-23,Direct Vessel,DB Schenker,FCL-20,7547.23,0
254,254,2,20230319,2023-03-19,2023-03-19 13:00:00,2023-03-22 13:00:00,2023-03-20,2023-03-19,Feeder Vessel,DB Schenker,LCL,13093.21,1
255,255,1,20240929,2024-09-29,2024-09-29 13:00:00,2024-10-01 13:00:00,2024-10-01,2024-10-06,Direct Vessel,Maersk Logistics,FCL-20,734.32,0
256,256,1,20220722,2022-07-22,2022-07-22 17:00:00,2022-07-25 17:00:00,2022-07-22,2022-07-24,Truck to Port,DHL Global Forwarding,LCL,5825.19,0
257,257,3,20241009,2024-10-09,2024-10-09 10:00:00,2024-10-11 10:00:00,2024-10-12,2024-10-15,Direct Vessel,DHL Global Forwarding,FCL-40,15694.08,0
258,258,2,20220214,2022-02-14,2022-02-14 16:00:00,2022-02-17 16:00:00,2022-02-17,2022-02-20,Truck to Port,Maersk Logistics,LCL,14408.03,0
259,259,1,20250709,2025-07-09,2025-07-09 13:00:00,2025-07-11 13:00:00,2025-07-10,2025-07-12,Direct Vessel,Maersk Logistics,FCL-20,10565.5,0
260,260,3,20250115,2025-01-15,2025-01-15 08:00:00,2025-01-18 08:00:00,2025-01-18,2025-01-17,Direct Vessel,Maersk Logistics,FCL-20,16445.15,1
261,261,3,20250706,2025-07-06,2025-07-06 09:00:00,2025-07-09 09:00:00,2025-07-09,2025-07-14,Direct Vessel,DB Schenker,FCL-40,4773.77,0
262,262,1,20240217,2024-02-17,2024-02-17 10:00:00,2024-02-19 10:00:00,2024-02-19,2024-02-23,Feeder Vessel,Maersk Logistics,LCL,15083.3,0
263,263,1,20251020,2025-10-20,2025-10-20 09:00:00,2025-10-22 09:00:00,2025-10-21,2025-10-23,Direct Vessel,K Line Logistics,FCL-20,14967.5,0
264,264,3,20250310,2025-03-10,2025-03-10 12:00:00,2025-03-11 12:00:00,2025-03-10,2025-03-09,Truck to Port,Maersk Logistics,FCL-40,5320.65,1
265,265,3,20250212,2025-02-12,2025-02-12 09:00:00,2025-02-13 09:00:00,2025-02-14,2025-02-13,Direct Vessel,Maersk Logistics,FCL-40,3427.71,1
266,266,2,20220520,2022-05-20,2022-05-20 09:00:00,2022-05-22 09:00:00,2022-05-21,2022-05-19,Truck to Port,DB Schenker,FCL-20,6029.64,1
267,267,1,20240513,2024-05-13,2024-05-13 16:00:00,2024-05-19 16:00:00,2024-05-16,2024-05-16,Feeder Vessel,DB Schenker,FCL-40,8802.32,1
268,268,2,20221023,2022-10-23,2022-10-23 05:00:00,2022-10-25 05:00:00,2022-10-24,2022-10-26,Truck to Port,DHL Global Forwarding,LCL,23504.71,0
269,269,3,20231105,2023-11-05,2023-11-05 17:00:00,2023-11-08 17:00:00,2023-11-06,2023-11-09,Direct Vessel,K Line Logistics,FCL-40,2045.11,0
270,270,3,20251113,2025-11-13,2025-11-13 05:00:00,2025-11-17 05:00:00,2025-11-15,2025-11-13,Direct Vessel,K Line Logistics,FCL-40,4600.47,1
271,271,1,20221009,2022-10-09,2022-10-09 05:00:00,2022-10-12 05:00:00,2022-10-12,2022-10-16,Feeder Vessel,Maersk Logistics,FCL-40,6054.62,0
272,272,3,20230122,2023-01-22,2023-01-22 17:00:00,2023-01-25 17:00:00,2023-01-24,2023-01-26,Feeder Vessel,K Line Logistics,FCL-20,3169.19,0
273,273,1,20220413,2022-04-13,2022-04-13 06:00:00,2022-04-19 06:00:00,2022-04-13,2022-04-17,Direct Vessel,DHL Global Forwarding,FCL-40,11552.83,0
274,274,2,20240510,2024-05-10,2024-05-10 15:00:00,2024-05-17 15:00:00,2024-05-11,2024-05-12,Truck to Port,Maersk Logistics,FCL-40,2724.88,0
275,275,2,20250602,2025-06-02,2025-06-02 05:00:00,2025-06-05 05:00:00,2025-06-04,2025-06-02,Feeder Vessel,DHL Global Forwarding,FCL-40,4595.5,1
276,276,2,20240502,2024-05-02,2024-05-02 12:00:00,2024-05-04 12:00:00,2024-05-03,2024-05-08,Truck to Port,Maersk Logistics,FCL-20,17570.42,0
277,277,2,20220703,2022-07-03,2022-07-03 17:00:00,2022-07-08 17:00:00,2022-07-03,2022-07-03,Truck to Port,Maersk Logistics,FCL-40,3992.5,1
278,278,3,20220906,2022-09-06,2022-09-06 14:00:00,2022-09-13 14:00:00,2022-09-07,2022-09-09,Feeder Vessel,K Line Logistics,LCL,8202.97,0
279,279,1,20220817,2022-08-17,2022-08-17 15:00:00,2022-08-23 15:00:00,2022-08-18,2022-08-21,Truck to Port,DHL Global Forwarding,LCL,11515.84,0
280,280,1,20230221,2023-02-21,2023-02-21 07:00:00,2023-02-24 07:00:00,2023-02-22,2023-02-23,Truck to Port,K Line Logistics,FCL-20,3260.09,0
281,281,3,20250223,2025-02-23,2025-02-23 14:00:00,2025-02-24 14:00:00,2025-02-23,2025-02-22,Feeder Vessel,K Line Logistics,FCL-20,16860.98,1
282,282,1,20240521,2024-05-21,2024-05-21 05:00:00,2024-05-28 05:00:00,2024-05-23,2024-05-22,Feeder Vessel,DHL Global Forwarding,LCL,11101.36,1
283,283,2,20220602,2022-06-02,2022-06-02 12:00:00,2022-06-08 12:00:00,2022-06-04,2022-06-06,Feeder Vessel,DHL Global Forwarding,LCL,23941.58,0
284,284,1,20241103,2024-11-03,2024-11-03 08:00:00,2024-11-05 08:00:00,2024-11-05,2024-11-05,Direct Vessel,DHL Global Forwarding,FCL-20,18894.03,1
285,285,1,20220202,2022-02-02,2022-02-02 12:00:00,2022-02-05 12:00:00,2022-02-04,2022-02-08,Direct Vessel,DB Schenker,LCL,5671.65,0
286,286,2,20230311,2023-03-11,2023-03-11 06:00:00,2023-03-15 06:00:00,2023-03-11,2023-03-10,Truck to Port,Maersk Logistics,FCL-40,592.18,1
287,287,1,20230930,2023-09-30,2023-09-30 10:00:00,2023-10-02 10:00:00,2023-10-01,2023-10-05,Truck to Port,DB Schenker,LCL,5823.31,0
288,288,1,20221101,2022-11-01,2022-11-01 04:00:00,2022-11-03 04:00:00,2022-11-04,2022-11-04,Feeder Vessel,K Line Logistics,FCL-40,22542.72,1
289,289,3,20251115,2025-11-15,2025-11-15 11:00:00,2025-11-16 11:00:00,2025-11-15,2025-11-16,Direct Vessel,DB Schenker,FCL-20,2559.87,0
290,290,1,20220408,2022-04-08,2022-04-08 17:00:00,2022-04-15 17:00:00,2022-04-08,2022-04-13,Truck to Port,DB Schenker,LCL,24352.26,0
291,291,2,20230815,2023-08-15,2023-08-15 13:00:00,2023-08-19 13:00:00,2023-08-17,2023-08-16,Direct Vessel,DHL Global Forwarding,FCL-20,20374.34,1
292,292,1,20220107,2022-01-07,2022-01-07 06:00:00,2022-01-11 06:00:00,2022-01-07,2022-01-08,Direct Vessel,K Line Logistics,FCL-20,23437.56,0
293,293,1,20240404,2024-04-04,2024-04-04 13:00:00,2024-04-06 13:00:00,2024-04-07,2024-04-10,Direct Vessel,DB Schenker,LCL,7047.81,0
294,294,3,20230816,2023-08-16,2023-08-16 07:00:00,2023-08-23 07:00:00,2023-08-19,2023-08-22,Direct Vessel,DHL Global Forwarding,FCL-40,2341.5,0
295,295,3,20250228,2025-02-28,2025-02-28 16:00:00,2025-03-06 16:00:00,2025-03-02,2025-03-03,Direct Vessel,Maersk Logistics,FCL-40,4287.63,0
296,296,1,20240227,2024-02-27,2024-02-27 04:00:00,2024-03-04 04:00:00,2024-02-27,2024-02-26,Direct Vessel,Maersk Logistics,FCL-20,8118.91,1
297,297,2,20250611,2025-06-11,2025-06-11 10:00:00,2025-06-14 10:00:00,2025-06-11,2025-06-13,Feeder Vessel,Maersk Logistics,FCL-20,13864.5,0
298,298,2,20220803,2022-08-03,2022-08-03 13:00:00,2022-08-04 13:00:00,2022-08-05,2022-08-08,Feeder Vessel,DB Schenker,FCL-20,29379.51,0
299,299,3,20220919,2022-09-19,2022-09-19 15:00:00,2022-09-26 15:00:00,2022-09-22,2022-09-26,Truck to Port,DHL Global Forwarding,FCL-40,9314.36,0
300,300,1,20251111,2025-11-11,2025-11-11 14:00:00,2025-11-14 14:00:00,2025-11-14,2025-11-17,Direct Vessel,DHL Global Forwarding,LCL,28083.59,0
301,301,2,20230701,2023-07-01,2023-07-01 16:00:00,2023-07-06 16:00:00,2023-07-04,2023-07-07,Truck to Port,Maersk Logistics,FCL-20,4308.9,0
302,302,2,20251112,2025-11-12,2025-11-12 05:00:00,2025-11-15 05:00:00,2025-11-12,2025-11-10,Feeder Vessel,K Line Logistics,FCL-40,12643.4,1
303,303,2,20231002,2023-10-02,2023-10-02 10:00:00,2023-10-07 10:00:00,2023-10-03,2023-10-08,Truck to Port,Maersk Logistics,FCL-20,23391.21,0
304,304,1,20241031,2024-10-31,2024-10-31 11:00:00,2024-11-01 11:00:00,2024-11-03,2024-11-04,Feeder Vessel,DHL Global Forwarding,LCL,9101.53,0
305,305,1,20221112,2022-11-12,2022-11-12 04:00:00,2022-11-15 04:00:00,2022-11-15,2022-11-16,Truck to Port,DB Schenker,FCL-40,15710.82,0
306,306,2,20250302,2025-03-02,2025-03-02 12:00:00,2025-03-07 12:00:00,2025-03-02,2025-03-05,Direct Vessel,DB Schenker,FCL-40,7207.26,0
307,307,3,20230409,2023-04-09,2023-04-09 04:00:00,2023-04-10 04:00:00,2023-04-12,2023-04-14,Feeder Vessel,K Line Logistics,FCL-20,11053.07,0
308,308,3,20230119,2023-01-19,2023-01-19 07:00:00,2023-01-24 07:00:00,2023-01-19,2023-01-22,Direct Vessel,K Line Logistics,FCL-40,22274.13,0
309,309,1,20241017,2024-10-17,2024-10-17 04:00:00,2024-10-18 04:00:00,2024-10-20,2024-10-18,Direct Vessel,DB Schenker,LCL,16212.53,1
310,310,1,20250610,2025-06-10,2025-06-10 07:00:00,2025-06-14 07:00:00,2025-06-12,2025-06-10,Direct Vessel,DHL Global Forwarding,FCL-40,6368.95,1
311,311,1,20241130,2024-11-30,2024-11-30 16:00:00,2024-12-02 16:00:00,2024-12-02,2024-12-07,Direct Vessel,DB Schenker,LCL,15263.15,0
312,312,2,20230616,2023-06-16,2023-06-16 07:00:00,2023-06-17 07:00:00,2023-06-17,2023-06-18,Feeder Vessel,DHL Global Forwarding,FCL-40,2421.09,0
313,313,3,20220104,2022-01-04,2022-01-04 16:00:00,2022-01-05 16:00:00,2022-01-07,2022-01-09,Truck to Port,DHL Global Forwarding,LCL,10380.38,0
314,314,2,20240202,2024-02-02,2024-02-02 04:00:00,2024-02-04 04:00:00,2024-02-02,2024-02-04,Direct Vessel,Maersk Logistics,FCL-20,11172.42,0
315,315,1,20220912,2022-09-12,2022-09-12 09:00:00,2022-09-15 09:00:00,2022-09-15,2022-09-18,Truck to Port,DHL Global Forwarding,LCL,6517.84,0
316,316,2,20231107,2023-11-07,2023-11-07 13:00:00,2023-11-09 13:00:00,2023-11-09,2023-11-07,Direct Vessel,K Line Logistics,LCL,8350.53,1
317,317,3,20220523,2022-05-23,2022-05-23 15:00:00,2022-05-27 15:00:00,2022-05-26,2022-05-28,Feeder Vessel,Maersk Logistics,FCL-40,8130.04,0
318,318,1,20230501,2023-05-01,2023-05-01 08:00:00,2023-05-04 08:00:00,2023-05-03,2023-05-02,Direct Vessel,K Line Logistics,FCL-20,20598.77,1
319,319,1,20221217,2022-12-17,2022-12-17 09:00:00,2022-12-23 09:00:00,2022-12-18,2022-12-18,Feeder Vessel,DHL Global Forwarding,FCL-40,5003.17,1
320,320,2,20230403,2023-04-03,2023-04-03 16:00:00,2023-04-08 16:00:00,2023-04-05,2023-04-06,Feeder Vessel,Maersk Logistics,FCL-20,9285.57,0
321,321,2,20220922,2022-09-22,2022-09-22 12:00:00,2022-09-28 12:00:00,2022-09-25,2022-09-27,Truck to Port,DHL Global Forwarding,FCL-40,9737.28,0
322,322,1,20220731,2022-07-31,2022-07-31 14:00:00,2022-08-07 14:00:00,2022-08-01,2022-08-06,Direct Vessel,DHL Global Forwarding,LCL,5565.76,0
323,323,1,20250330,2025-03-30,2025-03-30 17:00:00,2025-04-05 17:00:00,2025-04-02,2025-04-06,Truck to Port,DB Schenker,FCL-20,4269.53,0
324,324,1,20251011,2025-10-11,2025-10-11 16:00:00,2025-10-16 16:00:00,2025-10-12,2025-10-12,Feeder Vessel,DHL Global Forwarding,FCL-40,12974.32,1
325,325,1,20221113,2022-11-13,2022-11-13 10:00:00,2022-11-19 10:00:00,2022-11-14,2022-11-19,Feeder Vessel,K Line Logistics,FCL-40,8143.12,0
326,326,1,20250416,2025-04-16,2025-04-16 09:00:00,2025-04-22 09:00:00,2025-04-17,2025-04-17,Direct Vessel,DHL Global Forwarding,FCL-40,20463.77,1
327,327,3,20220415,2022-04-15,2022-04-15 07:00:00,2022-04-20 07:00:00,2022-04-15,2022-04-15,Direct Vessel,K Line Logistics,LCL,1787.72,1
328,328,2,20220309,2022-03-09,2022-03-09 17:00:00,2022-03-14 17:00:00,2022-03-10,2022-03-13,Feeder Vessel,K Line Logistics,FCL-20,12226.95,0
329,329,3,20240902,2024-09-02,2024-09-02 11:00:00,2024-09-09 11:00:00,2024-09-02,2024-09-07,Direct Vessel,K Line Logistics,LCL,935.38,0
330,330,3,20230516,2023-05-16,2023-05-16 17:00:00,2023-05-22 17:00:00,2023-05-16,2023-05-18,Feeder Vessel,DB Schenker,FCL-20,13973.03,0
331,331,1,20230907,2023-09-07,2023-09-07 10:00:00,2023-09-13 10:00:00,2023-09-09,2023-09-13,Direct Vessel,DHL Global Forwarding,FCL-40,15709.02,0
332,332,3,20230520,2023-05-20,2023-05-20 11:00:00,2023-05-25 11:00:00,2023-05-22,2023-05-21,Truck to Port,Maersk Logistics,FCL-40,10863.51,1
333,333,2,20240224,2024-02-24,2024-02-24 17:00:00,2024-02-28 17:00:00,2024-02-25,2024-02-28,Truck to Port,DB Schenker,FCL-20,14092.35,0
334,334,2,20220520,2022-05-20,2022-05-20 13:00:00,2022-05-22 13:00:00,2022-05-20,2022-05-22,Truck to Port,K Line Logistics,FCL-20,6423.37,0
335,335,2,20230707,2023-07-07,2023-07-07 16:00:00,2023-07-08 16:00:00,2023-07-07,2023-07-09,Truck to Port,Maersk Logistics,FCL-20,18895.8,0
336,336,2,20241029,2024-10-29,2024-10-29 08:00:00,2024-11-04 08:00:00,2024-11-01,2024-11-02,Feeder Vessel,DHL Global Forwarding,LCL,5250.07,0
337,337,1,20250808,2025-08-08,2025-08-08 08:00:00,2025-08-12 08:00:00,2025-08-08,2025-08-06,Direct Vessel,Maersk Logistics,LCL,21493.34,1
338,338,3,20250402,2025-04-02,2025-04-02 15:00:00,2025-04-09 15:00:00,2025-04-05,2025-04-09,Direct Vessel,K Line Logistics,FCL-40,23409.61,0
339,339,2,20220109,2022-01-09,2022-01-09 06:00:00,2022-01-15 06:00:00,2022-01-11,2022-01-14,Direct Vessel,DHL Global Forwarding,LCL,12393.7,0
340,340,2,20240312,2024-03-12,2024-03-12 09:00:00,2024-03-13 09:00:00,2024-03-13,2024-03-17,Direct Vessel,DHL Global Forwarding,LCL,3932.26,0
341,341,1,20220510,2022-05-10,2022-05-10 08:00:00,2022-05-14 08:00:00,2022-05-11,2022-05-12,Feeder Vessel,Maersk Logistics,LCL,4055.92,0
342,342,3,20250324,2025-03-24,2025-03-24 05:00:00,2025-03-25 05:00:00,2025-03-25,2025-03-26,Truck to Port,DB Schenker,FCL-40,3466.46,0
343,343,1,20240619,2024-06-19,2024-06-19 08:00:00,2024-06-23 08:00:00,2024-06-22,2024-06-21,Truck to Port,K Line Logistics,LCL,642.87,1
344,344,1,20230426,2023-04-26,2023-04-26 11:00:00,2023-04-29 11:00:00,2023-04-27,2023-04-28,Direct Vessel,DB Schenker,LCL,11045.35,0
345,345,2,20230426,2023-04-26,2023-04-26 10:00:00,2023-05-01 10:00:00,2023-04-26,2023-04-26,Truck to Port,DB Schenker,LCL,19843.36,1
346,346,1,20240420,2024-04-20,2024-04-20 08:00:00,2024-04-25 08:00:00,2024-04-23,2024-04-21,Truck to Port,DB Schenker,FCL-40,18315.23,1
347,347,1,20220621,2022-06-21,2022-06-21 06:00:00,2022-06-28 06:00:00,2022-06-24,2022-06-23,Feeder Vessel,DB Schenker,FCL-20,3010.39,1
348,348,2,20240903,2024-09-03,2024-09-03 16:00:00,2024-09-08 16:00:00,2024-09-03,2024-09-07,Feeder Vessel,K Line Logistics,FCL-20,14681.01,0
349,349,1,20220415,2022-04-15,2022-04-15 10:00:00,2022-04-20 10:00:00,2022-04-15,2022-04-20,Feeder Vessel,DB Schenker,FCL-40,15655.1,0
350,350,1,20250220,2025-02-20,2025-02-20 05:00:00,2025-02-25 05:00:00,2025-02-21,2025-02-21,Direct Vessel,DB Schenker,LCL,6439.98,1
351,351,2,20231217,2023-12-17,2023-12-17 06:00:00,2023-12-20 06:00:00,2023-12-17,2023-12-22,Truck to Port,K Line Logistics,LCL,6290.11,0
352,352,3,20230501,2023-05-01,2023-05-01 04:00:00,2023-05-04 04:00:00,2023-05-03,2023-05-02,Feeder Vessel,DHL Global Forwarding,LCL,9622.0,1
353,353,2,20220803,2022-08-03,2022-08-03 16:00:00,2022-08-09 16:00:00,2022-08-05,2022-08-05,Truck to Port,DHL Global Forwarding,LCL,18883.49,1
354,354,1,20251019,2025-10-19,2025-10-19 07:00:00,2025-10-24 07:00:00,2025-10-22,2025-10-24,Feeder Vessel,DHL Global Forwarding,LCL,17801.78,0
355,355,1,20230922,2023-09-22,2023-09-22 15:00:00,2023-09-26 15:00:00,2023-09-22,2023-09-22,Feeder Vessel,Maersk Logistics,FCL-40,1924.15,1
356,356,2,20250822,2025-08-22,2025-08-22 08:00:00,2025-08-23 08:00:00,2025-08-25,2025-08-28,Feeder Vessel,K Line Logistics,FCL-20,24642.09,0
357,357,1,20241106,2024-11-06,2024-11-06 12:00:00,2024-11-09 12:00:00,2024-11-06,2024-11-06,Direct Vessel,DHL Global Forwarding,FCL-40,15653.85,1
358,358,2,20240307,2024-03-07,2024-03-07 09:00:00,2024-03-11 09:00:00,2024-03-10,2024-03-14,Truck to Port,K Line Logistics,FCL-20,24613.57,0
359,359,2,20230708,2023-07-08,2023-07-08 08:00:00,2023-07-11 08:00:00,2023-07-11,2023-07-14,Truck to Port,DB Schenker,FCL-40,17641.54,0
360,360,3,20230923,2023-09-23,2023-09-23 08:00:00,2023-09-26 08:00:00,2023-09-24,2023-09-29,Feeder Vessel,DHL Global Forwarding,FCL-20,14197.6,0
361,361,1,20250603,2025-06-03,2025-06-03 10:00:00,2025-06-07 10:00:00,2025-06-05,2025-06-04,Truck to Port,K Line Logistics,LCL,25129.14,1
362,362,1,20230901,2023-09-01,2023-09-01 16:00:00,2023-09-04 16:00:00,2023-09-03,2023-09-07,Direct Vessel,Maersk Logistics,FCL-20,26433.95,0
363,363,3,20230912,2023-09-12,2023-09-12 05:00:00,2023-09-15 05:00:00,2023-09-14,2023-09-18,Truck to Port,K Line Logistics,FCL-20,11100.18,0
364,364,2,20240309,2024-03-09,2024-03-09 08:00:00,2024-03-13 08:00:00,2024-03-12,2024-03-14,Truck to Port,Maersk Logistics,LCL,1883.25,0
365,365,3,20240721,2024-07-21,2024-07-21 14:00:00,2024-07-25 14:00:00,2024-07-21,2024-07-26,Feeder Vessel,DHL Global Forwarding,FCL-40,6735.4,0
366,366,1,20220908,2022-09-08,2022-09-08 16:00:00,2022-09-14 16:00:00,2022-09-11,2022-09-10,Feeder Vessel,K Line Logistics,LCL,10547.23,1
367,367,2,20250802,2025-08-02,2025-08-02 08:00:00,2025-08-05 08:00:00,2025-08-03,2025-08-03,Direct Vessel,DHL Global Forwarding,FCL-20,2811.87,1
368,368,3,20220102,2022-01-02,2022-01-02 17:00:00,2022-01-08 17:00:00,2022-01-02,2022-01-07,Truck to Port,DHL Global Forwarding,FCL-20,8283.88,0
369,369,3,20230425,2023-04-25,2023-04-25 15:00:00,2023-04-30 15:00:00,2023-04-25,2023-04-30,Truck to Port,Maersk Logistics,LCL,8850.66,0
370,370,2,20250523,2025-05-23,2025-05-23 06:00:00,2025-05-29 06:00:00,2025-05-24,2025-05-23,Truck to Port,K Line Logistics,FCL-40,8739.26,1
371,371,1,20251001,2025-10-01,2025-10-01 11:00:00,2025-10-06 11:00:00,2025-10-04,2025-10-08,Truck to Port,DB Schenker,FCL-20,778.24,0
372,372,1,20230717,2023-07-17,2023-07-17 13:00:00,2023-07-20 13:00:00,2023-07-20,2023-07-24,Direct Vessel,DB Schenker,FCL-20,12676.42,0
373,373,1,20240304,2024-03-04,2024-03-04 13:00:00,2024-03-06 13:00:00,2024-03-06,2024-03-06,Direct Vessel,Maersk Logistics,FCL-20,14338.59,1
374,374,1,20220605,2022-06-05,2022-06-05 10:00:00,2022-06-10 10:00:00,2022-06-07,2022-06-08,Direct Vessel,K Line Logistics,FCL-20,5598.62,0
375,375,2,20221220,2022-12-20,2022-12-20 06:00:00,2022-12-24 06:00:00,2022-12-20,2022-12-23,Direct Vessel,DHL Global Forwarding,FCL-40,4315.39,0
376,376,1,20241106,2024-11-06,2024-11-06 11:00:00,2024-11-12 11:00:00,2024-11-09,2024-11-10,Direct Vessel,DHL Global Forwarding,LCL,26271.82,0
377,377,1,20250424,2025-04-24,2025-04-24 13:00:00,2025-04-26 13:00:00,2025-04-26,2025-04-29,Truck to Port,Maersk Logistics,LCL,16485.74,0
378,378,1,20221215,2022-12-15,2022-12-15 10:00:00,2022-12-20 10:00:00,2022-12-18,2022-12-16,Feeder Vessel,K Line Logistics,LCL,9701.33,1
379,379,2,20230318,2023-03-18,2023-03-18 15:00:00,2023-03-23 15:00:00,2023-03-18,2023-03-16,Direct Vessel,K Line Logistics,FCL-40,6340.18,1
380,380,1,20220612,2022-06-12,2022-06-12 05:00:00,2022-06-14 05:00:00,2022-06-14,2022-06-16,Truck to Port,DHL Global Forwarding,LCL,19945.01,0
381,381,2,20231012,2023-10-12,2023-10-12 04:00:00,2023-10-13 04:00:00,2023-10-13,2023-10-13,Truck to Port,K Line Logistics,FCL-40,17717.7,1
382,382,3,20250302,2025-03-02,2025-03-02 06:00:00,2025-03-04 06:00:00,2025-03-04,2025-03-08,Truck to Port,DHL Global Forwarding,FCL-40,14987.31,0
383,383,2,20230926,2023-09-26,2023-09-26 07:00:00,2023-10-01 07:00:00,2023-09-27,2023-10-01,Feeder Vessel,Maersk Logistics,FCL-20,8126.31,0
384,384,1,20220611,2022-06-11,2022-06-11 05:00:00,2022-06-12 05:00:00,2022-06-14,2022-06-13,Truck to Port,Maersk Logistics,FCL-40,13016.77,1
385,385,3,20240312,2024-03-12,2024-03-12 09:00:00,2024-03-16 09:00:00,2024-03-15,2024-03-14,Feeder Vessel,DHL Global Forwarding,FCL-40,12150.04,1
386,386,2,20220414,2022-04-14,2022-04-14 05:00:00,2022-04-20 05:00:00,2022-04-15,2022-04-16,Direct Vessel,DHL Global Forwarding,LCL,2535.9,0
387,387,2,20230921,2023-09-21,2023-09-21 04:00:00,2023-09-24 04:00:00,2023-09-21,2023-09-25,Truck to Port,DB Schenker,LCL,4780.64,0
388,388,1,20230122,2023-01-22,2023-01-22 14:00:00,2023-01-29 14:00:00,2023-01-23,2023-01-25,Truck to Port,Maersk Logistics,LCL,5516.34,0
389,389,2,20220822,2022-08-22,2022-08-22 08:00:00,2022-08-24 08:00:00,2022-08-23,2022-08-27,Feeder Vessel,DHL Global Forwarding,FCL-40,1876.82,0
390,390,1,20241008,2024-10-08,2024-10-08 08:00:00,2024-10-14 08:00:00,2024-10-09,2024-10-13,Direct Vessel,K Line Logistics,FCL-20,19386.65,0
391,391,2,20220507,2022-05-07,2022-05-07 12:00:00,2022-05-08 12:00:00,2022-05-08,2022-05-07,Truck to Port,DB Schenker,FCL-20,5900.58,1
392,392,2,20230915,2023-09-15,2023-09-15 17:00:00,2023-09-21 17:00:00,2023-09-16,2023-09-17,Truck to Port,K Line Logistics,FCL-40,3381.35,0
393,393,2,20240414,2024-04-14,2024-04-14 09:00:00,2024-04-18 09:00:00,2024-04-14,2024-04-14,Truck to Port,DHL Global Forwarding,LCL,1392.87,1
394,394,3,20230222,2023-02-22,2023-02-22 04:00:00,2023-02-27 04:00:00,2023-02-25,2023-02-23,Feeder Vessel,DHL Global Forwarding,FCL-40,5741.41,1
395,395,1,20220718,2022-07-18,2022-07-18 10:00:00,2022-07-25 10:00:00,2022-07-21,2022-07-26,Direct Vessel,DHL Global Forwarding,FCL-20,23116.01,0
396,396,1,20250708,2025-07-08,2025-07-08 15:00:00,2025-07-09 15:00:00,2025-07-10,2025-07-09,Feeder Vessel,DB Schenker,LCL,2065.17,1
397,397,3,20241019,2024-10-19,2024-10-19 15:00:00,2024-10-24 15:00:00,2024-10-21,2024-10-24,Truck to Port,Maersk Logistics,LCL,18380.39,0
398,398,1,20221215,2022-12-15,2022-12-15 17:00:00,2022-12-22 17:00:00,2022-12-15,2022-12-14,Feeder Vessel,K Line Logistics,LCL,6358.55,1
399,399,1,20220911,2022-09-11,2022-09-11 14:00:00,2022-09-18 14:00:00,2022-09-13,2022-09-18,Truck to Port,DB Schenker,FCL-20,19587.06,0
400,400,1,20230805,2023-08-05,2023-08-05 10:00:00,2023-08-09 10:00:00,2023-08-05,2023-08-10,Direct Vessel,Maersk Logistics,FCL-20,30761.96,0
401,401,3,20231225,2023-12-25,2023-12-25 07:00:00,2023-12-28 07:00:00,2023-12-25,2023-12-27,Feeder Vessel,DHL Global Forwarding,FCL-20,18217.25,0
402,402,1,20220522,2022-05-22,2022-05-22 06:00:00,2022-05-27 06:00:00,2022-05-23,2022-05-23,Truck to Port,DHL Global Forwarding,FCL-40,15426.47,1
403,403,3,20240818,2024-08-18,2024-08-18 04:00:00,2024-08-23 04:00:00,2024-08-20,2024-08-25,Truck to Port,K Line Logistics,LCL,5934.54,0
404,404,1,20240209,2024-02-09,2024-02-09 08:00:00,2024-02-15 08:00:00,2024-02-09,2024-02-09,Feeder Vessel,DB Schenker,FCL-40,3508.67,1
405,405,2,20220811,2022-08-11,2022-08-11 14:00:00,2022-08-16 14:00:00,2022-08-14,2022-08-12,Feeder Vessel,K Line Logistics,FCL-20,16533.43,1
406,406,1,20240831,2024-08-31,2024-08-31 05:00:00,2024-09-02 05:00:00,2024-09-02,2024-09-07,Direct Vessel,Maersk Logistics,FCL-20,8218.67,0
407,407,2,20240220,2024-02-20,2024-02-20 11:00:00,2024-02-25 11:00:00,2024-02-20,2024-02-21,Truck to Port,Maersk Logistics,FCL-20,4913.63,0
408,408,2,20220922,2022-09-22,2022-09-22 11:00:00,2022-09-24 11:00:00,2022-09-22,2022-09-26,Direct Vessel,DB Schenker,FCL-40,5753.39,0
409,409,2,20240603,2024-06-03,2024-06-03 10:00:00,2024-06-05 10:00:00,2024-06-05,2024-06-09,Feeder Vessel,DHL Global Forwarding,FCL-20,5667.81,0
410,410,3,20251003,2025-10-03,2025-10-03 15:00:00,2025-10-08 15:00:00,2025-10-04,2025-10-08,Feeder Vessel,DHL Global Forwarding,FCL-40,3967.37,0
411,411,2,20240817,2024-08-17,2024-08-17 14:00:00,2024-08-18 14:00:00,2024-08-18,2024-08-23,Truck to Port,Maersk Logistics,FCL-40,12478.8,0
412,412,2,20251003,2025-10-03,2025-10-03 12:00:00,2025-10-07 12:00:00,2025-10-03,2025-10-06,Truck to Port,DHL Global Forwarding,LCL,27927.63,0
413,413,3,20240208,2024-02-08,2024-02-08 17:00:00,2024-02-12 17:00:00,2024-02-08,2024-02-12,Feeder Vessel,Maersk Logistics,FCL-40,7401.16,0
414,414,1,20231204,2023-12-04,2023-12-04 09:00:00,2023-12-08 09:00:00,2023-12-05,2023-12-03,Feeder Vessel,K Line Logistics,LCL,1240.86,1
415,415,3,20220315,2022-03-15,2022-03-15 11:00:00,2022-03-18 11:00:00,2022-03-17,2022-03-16,Direct Vessel,DB Schenker,LCL,17564.94,1
416,416,3,20230629,2023-06-29,2023-06-29 07:00:00,2023-07-02 07:00:00,2023-07-02,2023-07-06,Direct Vessel,DHL Global Forwarding,FCL-20,2109.9,0
417,417,2,20221114,2022-11-14,2022-11-14 04:00:00,2022-11-19 04:00:00,2022-11-17,2022-11-15,Feeder Vessel,K Line Logistics,FCL-20,16173.5,1
418,418,2,20230903,2023-09-03,2023-09-03 10:00:00,2023-09-10 10:00:00,2023-09-06,2023-09-06,Truck to Port,Maersk Logistics,LCL,28978.69,1
419,419,3,20220329,2022-03-29,2022-03-29 09:00:00,2022-04-05 09:00:00,2022-04-01,2022-04-05,Feeder Vessel,Maersk Logistics,FCL-40,15668.96,0
420,420,1,20220520,2022-05-20,2022-05-20 17:00:00,2022-05-25 17:00:00,2022-05-22,2022-05-24,Truck to Port,DB Schenker,FCL-40,22936.6,0
421,421,3,20220521,2022-05-21,2022-05-21 14:00:00,2022-05-23 14:00:00,2022-05-23,2022-05-24,Truck to Port,DHL Global Forwarding,LCL,24756.98,0
422,422,3,20220318,2022-03-18,2022-03-18 10:00:00,2022-03-25 10:00:00,2022-03-20,2022-03-21,Direct Vessel,K Line Logistics,FCL-20,24412.89,0
423,423,2,20231225,2023-12-25,2023-12-25 04:00:00,2023-12-30 04:00:00,2023-12-25,2023-12-29,Feeder Vessel,Maersk Logistics,LCL,6832.23,0
424,424,1,20251005,2025-10-05,2025-10-05 06:00:00,2025-10-10 06:00:00,2025-10-07,2025-10-06,Direct Vessel,Maersk Logistics,FCL-40,25895.67,1
425,425,1,20250517,2025-05-17,2025-05-17 06:00:00,2025-05-20 06:00:00,2025-05-17,2025-05-16,Direct Vessel,Maersk Logistics,FCL-20,12630.4,1
426,426,1,20251105,2025-11-05,2025-11-05 11:00:00,2025-11-12 11:00:00,2025-11-07,2025-11-06,Feeder Vessel,Maersk Logistics,LCL,10025.05,1
427,427,2,20250410,2025-04-10,2025-04-10 09:00:00,2025-04-13 09:00:00,2025-04-11,2025-04-11,Direct Vessel,DB Schenker,FCL-40,8242.44,1
428,428,2,20231213,2023-12-13,2023-12-13 07:00:00,2023-12-14 07:00:00,2023-12-14,2023-12-18,Direct Vessel,DHL Global Forwarding,LCL,8324.21,0
429,429,2,20231210,2023-12-10,2023-12-10 15:00:00,2023-12-11 15:00:00,2023-12-13,2023-12-14,Direct Vessel,K Line Logistics,LCL,10233.52,0
430,430,2,20230220,2023-02-20,2023-02-20 12:00:00,2023-02-27 12:00:00,2023-02-22,2023-02-27,Direct Vessel,Maersk Logistics,FCL-40,8665.21,0
431,431,3,20220819,2022-08-19,2022-08-19 11:00:00,2022-08-26 11:00:00,2022-08-22,2022-08-21,Feeder Vessel,Maersk Logistics,FCL-20,13653.89,1
432,432,1,20231010,2023-10-10,2023-10-10 11:00:00,2023-10-14 11:00:00,2023-10-12,2023-10-14,Truck to Port,DHL Global Forwarding,LCL,28734.36,0
433,433,3,20250315,2025-03-15,2025-03-15 10:00:00,2025-03-21 10:00:00,2025-03-17,2025-03-19,Direct Vessel,DB Schenker,LCL,18715.22,0
434,434,3,20231230,2023-12-30,2023-12-30 08:00:00,2024-01-03 08:00:00,2024-01-02,2024-01-07,Truck to Port,K Line Logistics,FCL-40,4390.98,0
435,435,3,20240623,2024-06-23,2024-06-23 16:00:00,2024-06-30 16:00:00,2024-06-26,2024-06-24,Truck to Port,DB Schenker,FCL-20,7382.39,1
436,436,1,20220510,2022-05-10,2022-05-10 10:00:00,2022-05-17 10:00:00,2022-05-10,2022-05-11,Direct Vessel,DB Schenker,LCL,14401.05,0
437,437,2,20240702,2024-07-02,2024-07-02 12:00:00,2024-07-03 12:00:00,2024-07-04,2024-07-07,Feeder Vessel,DB Schenker,FCL-20,21070.03,0
438,438,1,20251031,2025-10-31,2025-10-31 08:00:00,2025-11-01 08:00:00,2025-11-01,2025-11-04,Feeder Vessel,DB Schenker,FCL-40,6563.06,0
439,439,3,20230318,2023-03-18,2023-03-18 17:00:00,2023-03-22 17:00:00,2023-03-21,2023-03-26,Feeder Vessel,K Line Logistics,LCL,10356.38,0
440,440,2,20250520,2025-05-20,2025-05-20 04:00:00,2025-05-23 04:00:00,2025-05-23,2025-05-22,Truck to Port,Maersk Logistics,FCL-20,2223.59,1
441,441,1,20231103,2023-11-03,2023-11-03 17:00:00,2023-11-09 17:00:00,2023-11-06,2023-11-11,Truck to Port,Maersk Logistics,FCL-40,16922.24,0
442,442,1,20240520,2024-05-20,2024-05-20 11:00:00,2024-05-25 11:00:00,2024-05-21,2024-05-26,Truck to Port,DHL Global Forwarding,FCL-40,12264.45,0
443,443,1,20230114,2023-01-14,2023-01-14 10:00:00,2023-01-17 10:00:00,2023-01-15,2023-01-17,Direct Vessel,DB Schenker,FCL-20,9648.94,0
444,444,3,20240603,2024-06-03,2024-06-03 11:00:00,2024-06-06 11:00:00,2024-06-03,2024-06-04,Feeder Vessel,Maersk Logistics,FCL-20,15187.63,0
445,445,3,20240708,2024-07-08,2024-07-08 06:00:00,2024-07-12 06:00:00,2024-07-08,2024-07-08,Truck to Port,DHL Global Forwarding,FCL-20,28840.22,1
446,446,1,20230917,2023-09-17,2023-09-17 14:00:00,2023-09-19 14:00:00,2023-09-17,2023-09-22,Truck to Port,K Line Logistics,FCL-20,6643.49,0
447,447,1,20221130,2022-11-30,2022-11-30 10:00:00,2022-12-06 10:00:00,2022-12-01,2022-12-03,Truck to Port,K Line Logistics,FCL-20,12922.8,0
448,448,2,20250615,2025-06-15,2025-06-15 05:00:00,2025-06-20 05:00:00,2025-06-18,2025-06-23,Direct Vessel,Maersk Logistics,LCL,6661.1,0
449,449,1,20220704,2022-07-04,2022-07-04 10:00:00,2022-07-06 10:00:00,2022-07-05,2022-07-06,Feeder Vessel,DHL Global Forwarding,FCL-20,17983.22,0
450,450,2,20230901,2023-09-01,2023-09-01 10:00:00,2023-09-03 10:00:00,2023-09-04,2023-09-08,Feeder Vessel,K Line Logistics,FCL-40,18269.49,0
451,451,1,20231221,2023-12-21,2023-12-21 07:00:00,2023-12-25 07:00:00,2023-12-22,2023-12-23,Truck to Port,Maersk Logistics,FCL-20,7453.6,0
452,452,3,20250716,2025-07-16,2025-07-16 10:00:00,2025-07-21 10:00:00,2025-07-17,2025-07-18,Truck to Port,K Line Logistics,FCL-20,3811.45,0
453,453,3,20220415,2022-04-15,2022-04-15 12:00:00,2022-04-18 12:00:00,2022-04-16,2022-04-17,Truck to Port,DB Schenker,FCL-20,17537.62,0
454,454,2,20251027,2025-10-27,2025-10-27 08:00:00,2025-10-30 08:00:00,2025-10-28,2025-10-27,Truck to Port,Maersk Logistics,FCL-40,6991.01,1
455,455,1,20251125,2025-11-25,2025-11-25 06:00:00,2025-12-01 06:00:00,2025-11-25,2025-11-28,Feeder Vessel,K Line Logistics,FCL-20,6726.44,0
456,456,2,20251116,2025-11-16,2025-11-16 17:00:00,2025-11-20 17:00:00,2025-11-17,2025-11-22,Feeder Vessel,DHL Global Forwarding,FCL-40,7692.39,0
457,457,3,20220208,2022-02-08,2022-02-08 07:00:00,2022-02-15 07:00:00,2022-02-08,2022-02-06,Feeder Vessel,DB Schenker,LCL,8137.25,1
458,458,1,20251023,2025-10-23,2025-10-23 17:00:00,2025-10-26 17:00:00,2025-10-23,2025-10-21,Feeder Vessel,Maersk Logistics,FCL-20,25279.64,1
459,459,2,20230515,2023-05-15,2023-05-15 17:00:00,2023-05-20 17:00:00,2023-05-15,2023-05-17,Truck to Port,DB Schenker,FCL-20,3581.04,0
460,460,1,20220324,2022-03-24,2022-03-24 08:00:00,2022-03-28 08:00:00,2022-03-25,2022-03-24,Direct Vessel,DHL Global Forwarding,FCL-20,20737.55,1
461,461,3,20220609,2022-06-09,2022-06-09 14:00:00,2022-06-13 14:00:00,2022-06-10,2022-06-11,Direct Vessel,DHL Global Forwarding,FCL-40,8425.2,0
462,462,1,20220120,2022-01-20,2022-01-20 06:00:00,2022-01-22 06:00:00,2022-01-23,2022-01-25,Truck to Port,K Line Logistics,FCL-40,1091.78,0
463,463,2,20220127,2022-01-27,2022-01-27 04:00:00,2022-01-31 04:00:00,2022-01-27,2022-01-28,Truck to Port,DHL Global Forwarding,LCL,17934.74,0
464,464,2,20220326,2022-03-26,2022-03-26 14:00:00,2022-03-30 14:00:00,2022-03-26,2022-03-26,Direct Vessel,K Line Logistics,FCL-40,1411.43,1
465,465,2,20250131,2025-01-31,2025-01-31 11:00:00,2025-02-03 11:00:00,2025-02-03,2025-02-05,Truck to Port,Maersk Logistics,FCL-20,12842.57,0
466,466,3,20250704,2025-07-04,2025-07-04 05:00:00,2025-07-10 05:00:00,2025-07-07,2025-07-07,Direct Vessel,DB Schenker,FCL-20,13017.23,1
467,467,3,20250115,2025-01-15,2025-01-15 05:00:00,2025-01-21 05:00:00,2025-01-18,2025-01-17,Feeder Vessel,DB Schenker,FCL-20,7578.98,1
468,468,2,20230831,2023-08-31,2023-08-31 07:00:00,2023-09-04 07:00:00,2023-09-02,2023-09-03,Direct Vessel,Maersk Logistics,LCL,11528.37,0
469,469,3,20251122,2025-11-22,2025-11-22 14:00:00,2025-11-27 14:00:00,2025-11-24,2025-11-28,Truck to Port,K Line Logistics,FCL-20,19613.56,0
470,470,1,20250509,2025-05-09,2025-05-09 06:00:00,2025-05-13 06:00:00,2025-05-12,2025-05-12,Truck to Port,Maersk Logistics,FCL-40,9468.88,1
471,471,3,20220524,2022-05-24,2022-05-24 13:00:00,2022-05-26 13:00:00,2022-05-27,2022-06-01,Direct Vessel,DB Schenker,FCL-40,20343.85,0
472,472,3,20230204,2023-02-04,2023-02-04 14:00:00,2023-02-06 14:00:00,2023-02-05,2023-02-08,Truck to Port,K Line Logistics,FCL-40,17866.06,0
473,473,1,20251009,2025-10-09,2025-10-09 10:00:00,2025-10-16 10:00:00,2025-10-11,2025-10-16,Truck to Port,Maersk Logistics,FCL-40,12501.22,0
474,474,2,20220521,2022-05-21,2022-05-21 10:00:00,2022-05-25 10:00:00,2022-05-21,2022-05-24,Direct Vessel,K Line Logistics,FCL-20,6209.28,0
475,475,1,20240624,2024-06-24,2024-06-24 12:00:00,2024-06-25 12:00:00,2024-06-25,2024-06-26,Direct Vessel,DB Schenker,LCL,12840.35,0
476,476,2,20220307,2022-03-07,2022-03-07 13:00:00,2022-03-14 13:00:00,2022-03-09,2022-03-11,Direct Vessel,Maersk Logistics,LCL,32022.34,0
477,477,1,20230311,2023-03-11,2023-03-11 13:00:00,2023-03-13 13:00:00,2023-03-12,2023-03-12,Feeder Vessel,DB Schenker,LCL,7512.98,1
478,478,2,20230624,2023-06-24,2023-06-24 13:00:00,2023-06-28 13:00:00,2023-06-25,2023-06-25,Feeder Vessel,DHL Global Forwarding,LCL,1156.03,1
479,479,2,20230424,2023-04-24,2023-04-24 12:00:00,2023-05-01 12:00:00,2023-04-24,2023-04-26,Truck to Port,K Line Logistics,FCL-40,14540.66,0
480,480,3,20240221,2024-02-21,2024-02-21 16:00:00,2024-02-26 16:00:00,2024-02-24,2024-02-29,Direct Vessel,DB Schenker,FCL-40,4130.23,0
481,481,2,20230609,2023-06-09,2023-06-09 07:00:00,2023-06-15 07:00:00,2023-06-10,2023-06-13,Direct Vessel,DB Schenker,LCL,20559.29,0
482,482,1,20240901,2024-09-01,2024-09-01 16:00:00,2024-09-08 16:00:00,2024-09-01,2024-08-30,Feeder Vessel,DB Schenker,FCL-40,534.71,1
483,483,2,20220819,2022-08-19,2022-08-19 04:00:00,2022-08-23 04:00:00,2022-08-19,2022-08-21,Direct Vessel,K Line Logistics,FCL-20,10412.6,0
484,484,3,20250610,2025-06-10,2025-06-10 16:00:00,2025-06-17 16:00:00,2025-06-11,2025-06-16,Direct Vessel,DB Schenker,FCL-20,6374.81,0
485,485,1,20230213,2023-02-13,2023-02-13 14:00:00,2023-02-19 14:00:00,2023-02-13,2023-02-15,Truck to Port,DHL Global Forwarding,FCL-40,13587.95,0
486,486,3,20250721,2025-07-21,2025-07-21 08:00:00,2025-07-22 08:00:00,2025-07-23,2025-07-22,Direct Vessel,DB Schenker,FCL-40,19906.68,1
487,487,1,20231226,2023-12-26,2023-12-26 06:00:00,2023-12-28 06:00:00,2023-12-26,2023-12-29,Feeder Vessel,DHL Global Forwarding,FCL-20,11780.86,0
488,488,1,20231130,2023-11-30,2023-11-30 10:00:00,2023-12-02 10:00:00,2023-12-02,2023-12-06,Feeder Vessel,DHL Global Forwarding,FCL-40,6321.07,0
489,489,1,20220206,2022-02-06,2022-02-06 06:00:00,2022-02-08 06:00:00,2022-02-06,2022-02-04,Truck to Port,Maersk Logistics,FCL-20,14361.08,1
490,490,1,20250526,2025-05-26,2025-05-26 10:00:00,2025-05-28 10:00:00,2025-05-26,2025-05-27,Direct Vessel,Maersk Logistics,FCL-40,7621.28,0
491,491,2,20240616,2024-06-16,2024-06-16 05:00:00,2024-06-19 05:00:00,2024-06-16,2024-06-16,Truck to Port,Maersk Logistics,LCL,6194.15,1
492,492,1,20230416,2023-04-16,2023-04-16 06:00:00,2023-04-20 06:00:00,2023-04-17,2023-04-15,Feeder Vessel,DB Schenker,FCL-20,4625.28,1
493,493,3,20230125,2023-01-25,2023-01-25 13:00:00,2023-01-27 13:00:00,2023-01-26,2023-01-30,Feeder Vessel,Maersk Logistics,FCL-20,3768.77,0
494,494,1,20230701,2023-07-01,2023-07-01 16:00:00,2023-07-02 16:00:00,2023-07-03,2023-07-06,Truck to Port,K Line Logistics,FCL-40,10299.79,0
495,495,1,20220306,2022-03-06,2022-03-06 09:00:00,2022-03-07 09:00:00,2022-03-07,2022-03-09,Truck to Port,K Line Logistics,FCL-20,10026.69,0
496,496,2,20240106,2024-01-06,2024-01-06 08:00:00,2024-01-07 08:00:00,2024-01-07,2024-01-09,Feeder Vessel,DB Schenker,FCL-20,25969.01,0
497,497,2,20230424,2023-04-24,2023-04-24 15:00:00,2023-04-27 15:00:00,2023-04-24,2023-04-28,Direct Vessel,DB Schenker,FCL-20,15728.2,0
498,498,3,20220129,2022-01-29,2022-01-29 09:00:00,2022-01-31 09:00:00,2022-02-01,2022-01-30,Feeder Vessel,DB Schenker,FCL-20,2637.07,1
499,499,2,20230228,2023-02-28,2023-02-28 17:00:00,2023-03-04 17:00:00,2023-03-02,2023-03-07,Direct Vessel,K Line Logistics,FCL-20,1870.94,0
500,500,1,20230711,2023-07-11,2023-07-11 13:00:00,2023-07-14 13:00:00,2023-07-13,2023-07-18,Feeder Vessel,Maersk Logistics,FCL-40,15402.76,0
501,501,1,20230516,2023-05-16,2023-05-16 08:00:00,2023-05-17 08:00:00,2023-05-19,2023-05-20,Direct Vessel,DB Schenker,FCL-20,24100.07,0
502,502,1,20230407,2023-04-07,2023-04-07 13:00:00,2023-04-13 13:00:00,2023-04-09,2023-04-11,Feeder Vessel,DHL Global Forwarding,LCL,2157.51,0
503,503,2,20240117,2024-01-17,2024-01-17 07:00:00,2024-01-18 07:00:00,2024-01-19,2024-01-19,Feeder Vessel,DHL Global Forwarding,LCL,17655.54,1
504,504,2,20231209,2023-12-09,2023-12-09 16:00:00,2023-12-16 16:00:00,2023-12-09,2023-12-13,Truck to Port,DHL Global Forwarding,LCL,6085.11,0
505,505,3,20221105,2022-11-05,2022-11-05 06:00:00,2022-11-12 06:00:00,2022-11-06,2022-11-08,Feeder Vessel,K Line Logistics,FCL-20,15252.1,0
506,506,3,20230203,2023-02-03,2023-02-03 16:00:00,2023-02-06 16:00:00,2023-02-04,2023-02-03,Direct Vessel,DB Schenker,FCL-40,18117.62,1
507,507,2,20250213,2025-02-13,2025-02-13 09:00:00,2025-02-16 09:00:00,2025-02-16,2025-02-20,Direct Vessel,Maersk Logistics,FCL-40,21427.44,0
508,508,2,20220414,2022-04-14,2022-04-14 06:00:00,2022-04-21 06:00:00,2022-04-15,2022-04-19,Feeder Vessel,K Line Logistics,LCL,3533.03,0
509,509,2,20251019,2025-10-19,2025-10-19 12:00:00,2025-10-26 12:00:00,2025-10-21,2025-10-25,Direct Vessel,DB Schenker,LCL,2064.25,0
510,510,3,20220123,2022-01-23,2022-01-23 14:00:00,2022-01-27 14:00:00,2022-01-26,2022-01-29,Truck to Port,Maersk Logistics,LCL,32387.31,0
511,511,2,20230820,2023-08-20,2023-08-20 15:00:00,2023-08-22 15:00:00,2023-08-22,2023-08-26,Direct Vessel,DB Schenker,FCL-20,4563.89,0
512,512,1,20250416,2025-04-16,2025-04-16 07:00:00,2025-04-20 07:00:00,2025-04-18,2025-04-19,Feeder Vessel,K Line Logistics,LCL,6932.01,0
513,513,2,20240608,2024-06-08,2024-06-08 11:00:00,2024-06-10 11:00:00,2024-06-10,2024-06-08,Direct Vessel,Maersk Logistics,LCL,15759.93,1
514,514,2,20230612,2023-06-12,2023-06-12 10:00:00,2023-06-16 10:00:00,2023-06-13,2023-06-11,Feeder Vessel,Maersk Logistics,FCL-40,15273.96,1
515,515,2,20241123,2024-11-23,2024-11-23 05:00:00,2024-11-30 05:00:00,2024-11-23,2024-11-24,Truck to Port,K Line Logistics,FCL-40,2773.24,0
516,516,3,20231002,2023-10-02,2023-10-02 12:00:00,2023-10-06 12:00:00,2023-10-03,2023-10-01,Truck to Port,DB Schenker,FCL-40,12759.56,1
517,517,3,20241219,2024-12-19,2024-12-19 13:00:00,2024-12-24 13:00:00,2024-12-22,2024-12-20,Feeder Vessel,DHL Global Forwarding,FCL-20,9742.35,1
518,518,1,20220521,2022-05-21,2022-05-21 15:00:00,2022-05-24 15:00:00,2022-05-21,2022-05-22,Feeder Vessel,DHL Global Forwarding,LCL,6154.91,0
519,519,3,20240717,2024-07-17,2024-07-17 08:00:00,2024-07-18 08:00:00,2024-07-17,2024-07-16,Truck to Port,Maersk Logistics,LCL,21181.09,1
520,520,2,20240615,2024-06-15,2024-06-15 17:00:00,2024-06-22 17:00:00,2024-06-18,2024-06-23,Truck to Port,K Line Logistics,FCL-40,21240.87,0
521,521,1,20231106,2023-11-06,2023-11-06 05:00:00,2023-11-11 05:00:00,2023-11-08,2023-11-07,Direct Vessel,K Line Logistics,FCL-40,3710.35,1
522,522,1,20250706,2025-07-06,2025-07-06 08:00:00,2025-07-09 08:00:00,2025-07-07,2025-07-08,Truck to Port,K Line Logistics,FCL-20,8040.56,0
523,523,3,20250606,2025-06-06,2025-06-06 14:00:00,2025-06-08 14:00:00,2025-06-07,2025-06-07,Direct Vessel,K Line Logistics,FCL-40,3719.15,1
524,524,2,20230416,2023-04-16,2023-04-16 05:00:00,2023-04-23 05:00:00,2023-04-16,2023-04-14,Direct Vessel,DHL Global Forwarding,FCL-20,10825.65,1
525,525,3,20220820,2022-08-20,2022-08-20 15:00:00,2022-08-22 15:00:00,2022-08-21,2022-08-25,Truck to Port,K Line Logistics,FCL-20,10947.59,0
526,526,1,20220606,2022-06-06,2022-06-06 05:00:00,2022-06-07 05:00:00,2022-06-08,2022-06-11,Feeder Vessel,DHL Global Forwarding,LCL,2961.11,0
527,527,1,20230912,2023-09-12,2023-09-12 17:00:00,2023-09-13 17:00:00,2023-09-12,2023-09-10,Truck to Port,K Line Logistics,FCL-40,2838.69,1
528,528,2,20251016,2025-10-16,2025-10-16 07:00:00,2025-10-17 07:00:00,2025-10-17,2025-10-20,Truck to Port,DHL Global Forwarding,LCL,10420.55,0
529,529,1,20240930,2024-09-30,2024-09-30 06:00:00,2024-10-06 06:00:00,2024-10-02,2024-10-07,Feeder Vessel,DHL Global Forwarding,FCL-40,9818.69,0
530,530,2,20240813,2024-08-13,2024-08-13 15:00:00,2024-08-18 15:00:00,2024-08-14,2024-08-17,Direct Vessel,DB Schenker,FCL-40,11073.64,0
531,531,2,20221007,2022-10-07,2022-10-07 16:00:00,2022-10-10 16:00:00,2022-10-10,2022-10-10,Direct Vessel,Maersk Logistics,FCL-40,11607.46,1
532,532,3,20251117,2025-11-17,2025-11-17 17:00:00,2025-11-21 17:00:00,2025-11-20,2025-11-25,Feeder Vessel,DB Schenker,LCL,18171.88,0
533,533,2,20250123,2025-01-23,2025-01-23 16:00:00,2025-01-26 16:00:00,2025-01-23,2025-01-26,Truck to Port,Maersk Logistics,LCL,25442.4,0
534,534,2,20221016,2022-10-16,2022-10-16 09:00:00,2022-10-23 09:00:00,2022-10-19,2022-10-21,Direct Vessel,DB Schenker,LCL,7131.44,0
535,535,2,20240802,2024-08-02,2024-08-02 06:00:00,2024-08-07 06:00:00,2024-08-03,2024-08-05,Feeder Vessel,K Line Logistics,FCL-20,7403.29,0
536,536,2,20251102,2025-11-02,2025-11-02 05:00:00,2025-11-09 05:00:00,2025-11-02,2025-11-04,Direct Vessel,Maersk Logistics,FCL-40,6198.87,0
537,537,3,20250708,2025-07-08,2025-07-08 16:00:00,2025-07-14 16:00:00,2025-07-11,2025-07-12,Direct Vessel,DHL Global Forwarding,LCL,14746.37,0
538,538,3,20231211,2023-12-11,2023-12-11 15:00:00,2023-12-14 15:00:00,2023-12-14,2023-12-13,Truck to Port,DB Schenker,FCL-20,24146.18,1
539,539,2,20240819,2024-08-19,2024-08-19 14:00:00,2024-08-24 14:00:00,2024-08-22,2024-08-20,Direct Vessel,K Line Logistics,FCL-40,10039.61,1
540,540,3,20241001,2024-10-01,2024-10-01 09:00:00,2024-10-04 09:00:00,2024-10-02,2024-10-03,Direct Vessel,DHL Global Forwarding,LCL,20539.29,0
541,541,2,20220421,2022-04-21,2022-04-21 06:00:00,2022-04-27 06:00:00,2022-04-21,2022-04-20,Direct Vessel,Maersk Logistics,FCL-20,1457.92,1
542,542,2,20250419,2025-04-19,2025-04-19 16:00:00,2025-04-22 16:00:00,2025-04-20,2025-04-24,Truck to Port,Maersk Logistics,FCL-20,19222.8,0
543,543,1,20231012,2023-10-12,2023-10-12 12:00:00,2023-10-19 12:00:00,2023-10-12,2023-10-14,Direct Vessel,DB Schenker,FCL-20,11240.83,0
544,544,2,20221119,2022-11-19,2022-11-19 08:00:00,2022-11-22 08:00:00,2022-11-20,2022-11-21,Truck to Port,Maersk Logistics,FCL-20,23717.23,0
545,545,1,20251031,2025-10-31,2025-10-31 14:00:00,2025-11-02 14:00:00,2025-11-03,2025-11-03,Truck to Port,DHL Global Forwarding,LCL,2183.65,1
546,546,2,20251103,2025-11-03,2025-11-03 16:00:00,2025-11-04 16:00:00,2025-11-05,2025-11-07,Truck to Port,Maersk Logistics,LCL,24140.07,0
547,547,3,20251020,2025-10-20,2025-10-20 13:00:00,2025-10-27 13:00:00,2025-10-22,2025-10-27,Direct Vessel,DB Schenker,FCL-40,2052.49,0
548,548,1,20230517,2023-05-17,2023-05-17 15:00:00,2023-05-24 15:00:00,2023-05-18,2023-05-18,Direct Vessel,DHL Global Forwarding,LCL,12230.6,1
549,549,2,20240123,2024-01-23,2024-01-23 08:00:00,2024-01-26 08:00:00,2024-01-23,2024-01-27,Feeder Vessel,DHL Global Forwarding,FCL-40,1749.93,0
550,550,2,20241114,2024-11-14,2024-11-14 08:00:00,2024-11-20 08:00:00,2024-11-14,2024-11-17,Direct Vessel,DHL Global Forwarding,FCL-20,8273.49,0
551,551,2,20240923,2024-09-23,2024-09-23 06:00:00,2024-09-27 06:00:00,2024-09-26,2024-09-25,Truck to Port,Maersk Logistics,LCL,12113.02,1
552,552,2,20240203,2024-02-03,2024-02-03 15:00:00,2024-02-07 15:00:00,2024-02-04,2024-02-02,Truck to Port,Maersk Logistics,FCL-20,9979.29,1
553,553,1,20231006,2023-10-06,2023-10-06 12:00:00,2023-10-08 12:00:00,2023-10-06,2023-10-07,Direct Vessel,K Line Logistics,FCL-40,15635.72,0
554,554,1,20240805,2024-08-05,2024-08-05 04:00:00,2024-08-07 04:00:00,2024-08-05,2024-08-10,Direct Vessel,Maersk Logistics,FCL-20,11968.6,0
555,555,3,20240522,2024-05-22,2024-05-22 10:00:00,2024-05-27 10:00:00,2024-05-23,2024-05-28,Truck to Port,K Line Logistics,LCL,11199.31,0
556,556,3,20250811,2025-08-11,2025-08-11 11:00:00,2025-08-15 11:00:00,2025-08-11,2025-08-16,Truck to Port,Maersk Logistics,FCL-20,9292.58,0
557,557,2,20241118,2024-11-18,2024-11-18 10:00:00,2024-11-19 10:00:00,2024-11-20,2024-11-20,Truck to Port,DB Schenker,LCL,14614.13,1
558,558,1,20240712,2024-07-12,2024-07-12 14:00:00,2024-07-13 14:00:00,2024-07-14,2024-07-14,Feeder Vessel,Maersk Logistics,LCL,4569.18,1
559,559,1,20220625,2022-06-25,2022-06-25 15:00:00,2022-07-02 15:00:00,2022-06-25,2022-06-29,Feeder Vessel,K Line Logistics,LCL,4050.7,0
560,560,1,20240810,2024-08-10,2024-08-10 16:00:00,2024-08-12 16:00:00,2024-08-11,2024-08-12,Truck to Port,DHL Global Forwarding,FCL-20,20315.49,0
561,561,3,20240625,2024-06-25,2024-06-25 07:00:00,2024-06-30 07:00:00,2024-06-26,2024-06-25,Direct Vessel,K Line Logistics,FCL-40,5700.32,1
562,562,2,20250129,2025-01-29,2025-01-29 09:00:00,2025-02-01 09:00:00,2025-02-01,2025-02-03,Feeder Vessel,Maersk Logistics,FCL-20,11766.33,0
563,563,3,20240205,2024-02-05,2024-02-05 12:00:00,2024-02-12 12:00:00,2024-02-08,2024-02-08,Direct Vessel,Maersk Logistics,LCL,13703.14,1
564,564,2,20221119,2022-11-19,2022-11-19 10:00:00,2022-11-26 10:00:00,2022-11-22,2022-11-25,Truck to Port,DB Schenker,FCL-40,9350.31,0
565,565,2,20250724,2025-07-24,2025-07-24 06:00:00,2025-07-31 06:00:00,2025-07-27,2025-07-25,Direct Vessel,Maersk Logistics,FCL-20,19702.35,1
566,566,1,20220414,2022-04-14,2022-04-14 11:00:00,2022-04-17 11:00:00,2022-04-17,2022-04-22,Truck to Port,DHL Global Forwarding,LCL,2989.97,0
567,567,3,20241123,2024-11-23,2024-11-23 07:00:00,2024-11-25 07:00:00,2024-11-23,2024-11-23,Feeder Vessel,K Line Logistics,FCL-40,6428.12,1
568,568,1,20250819,2025-08-19,2025-08-19 13:00:00,2025-08-26 13:00:00,2025-08-20,2025-08-23,Feeder Vessel,Maersk Logistics,FCL-40,1986.47,0
569,569,2,20250906,2025-09-06,2025-09-06 07:00:00,2025-09-13 07:00:00,2025-09-07,2025-09-05,Direct Vessel,K Line Logistics,FCL-20,10526.16,1
570,570,3,20241214,2024-12-14,2024-12-14 17:00:00,2024-12-18 17:00:00,2024-12-17,2024-12-17,Direct Vessel,Maersk Logistics,LCL,16858.95,1
571,571,2,20220917,2022-09-17,2022-09-17 04:00:00,2022-09-21 04:00:00,2022-09-18,2022-09-22,Truck to Port,DHL Global Forwarding,FCL-40,11921.19,0
572,572,3,20220211,2022-02-11,2022-02-11 05:00:00,2022-02-17 05:00:00,2022-02-13,2022-02-18,Direct Vessel,DB Schenker,LCL,2059.71,0
573,573,1,20230608,2023-06-08,2023-06-08 07:00:00,2023-06-15 07:00:00,2023-06-11,2023-06-12,Feeder Vessel,K Line Logistics,FCL-20,13154.58,0
574,574,1,20230923,2023-09-23,2023-09-23 06:00:00,2023-09-25 06:00:00,2023-09-24,2023-09-27,Feeder Vessel,Maersk Logistics,LCL,9814.11,0
575,575,3,20250518,2025-05-18,2025-05-18 16:00:00,2025-05-24 16:00:00,2025-05-21,2025-05-19,Truck to Port,DHL Global Forwarding,FCL-40,9576.02,1
576,576,2,20231103,2023-11-03,2023-11-03 17:00:00,2023-11-04 17:00:00,2023-11-04,2023-11-08,Direct Vessel,K Line Logistics,FCL-40,6955.22,0
577,577,2,20230417,2023-04-17,2023-04-17 16:00:00,2023-04-24 16:00:00,2023-04-18,2023-04-20,Truck to Port,DHL Global Forwarding,FCL-20,14063.35,0
578,578,1,20221002,2022-10-02,2022-10-02 15:00:00,2022-10-04 15:00:00,2022-10-03,2022-10-05,Feeder Vessel,DB Schenker,FCL-20,10895.44,0
579,579,2,20240123,2024-01-23,2024-01-23 07:00:00,2024-01-29 07:00:00,2024-01-24,2024-01-24,Truck to Port,DB Schenker,LCL,17648.72,1
580,580,1,20250417,2025-04-17,2025-04-17 14:00:00,2025-04-21 14:00:00,2025-04-18,2025-04-17,Feeder Vessel,DB Schenker,LCL,4272.72,1
581,581,2,20220512,2022-05-12,2022-05-12 06:00:00,2022-05-18 06:00:00,2022-05-12,2022-05-17,Direct Vessel,K Line Logistics,FCL-20,21669.75,0
582,582,1,20250209,2025-02-09,2025-02-09 11:00:00,2025-02-10 11:00:00,2025-02-11,2025-02-11,Truck to Port,DHL Global Forwarding,FCL-20,14921.94,1
583,583,2,20220706,2022-07-06,2022-07-06 16:00:00,2022-07-11 16:00:00,2022-07-06,2022-07-10,Truck to Port,DB Schenker,FCL-40,11914.94,0
584,584,3,20230710,2023-07-10,2023-07-10 07:00:00,2023-07-17 07:00:00,2023-07-13,2023-07-17,Feeder Vessel,K Line Logistics,FCL-20,8627.29,0
585,585,1,20250702,2025-07-02,2025-07-02 05:00:00,2025-07-09 05:00:00,2025-07-05,2025-07-08,Direct Vessel,Maersk Logistics,FCL-40,18886.41,0
586,586,2,20231019,2023-10-19,2023-10-19 10:00:00,2023-10-26 10:00:00,2023-10-20,2023-10-24,Direct Vessel,Maersk Logistics,FCL-40,15973.95,0
587,587,3,20240418,2024-04-18,2024-04-18 06:00:00,2024-04-19 06:00:00,2024-04-19,2024-04-19,Feeder Vessel,DB Schenker,FCL-20,29390.55,1
588,588,3,20231209,2023-12-09,2023-12-09 13:00:00,2023-12-12 13:00:00,2023-12-10,2023-12-13,Truck to Port,K Line Logistics,FCL-20,2476.27,0
589,589,3,20240206,2024-02-06,2024-02-06 07:00:00,2024-02-09 07:00:00,2024-02-08,2024-02-06,Direct Vessel,DHL Global Forwarding,LCL,13349.54,1
590,590,3,20250112,2025-01-12,2025-01-12 16:00:00,2025-01-16 16:00:00,2025-01-12,2025-01-16,Truck to Port,DB Schenker,LCL,16454.24,0
591,591,2,20230928,2023-09-28,2023-09-28 07:00:00,2023-10-05 07:00:00,2023-10-01,2023-10-05,Direct Vessel,K Line Logistics,LCL,1299.55,0
592,592,1,20250211,2025-02-11,2025-02-11 09:00:00,2025-02-17 09:00:00,2025-02-13,2025-02-16,Truck to Port,DB Schenker,FCL-20,13866.2,0
593,593,3,20240513,2024-05-13,2024-05-13 08:00:00,2024-05-18 08:00:00,2024-05-14,2024-05-17,Feeder Vessel,DB Schenker,FCL-20,25756.65,0
594,594,3,20220825,2022-08-25,2022-08-25 16:00:00,2022-08-28 16:00:00,2022-08-26,2022-08-28,Truck to Port,DB Schenker,FCL-20,28140.87,0
595,595,2,20250623,2025-06-23,2025-06-23 14:00:00,2025-06-24 14:00:00,2025-06-24,2025-06-24,Truck to Port,DHL Global Forwarding,LCL,23350.23,1
596,596,1,20221205,2022-12-05,2022-12-05 08:00:00,2022-12-06 08:00:00,2022-12-07,2022-12-07,Direct Vessel,DB Schenker,FCL-40,13641.93,1
597,597,1,20240319,2024-03-19,2024-03-19 09:00:00,2024-03-26 09:00:00,2024-03-19,2024-03-19,Truck to Port,DHL Global Forwarding,LCL,16141.23,1
598,598,3,20230922,2023-09-22,2023-09-22 08:00:00,2023-09-23 08:00:00,2023-09-22,2023-09-25,Truck to Port,DHL Global Forwarding,FCL-40,2738.47,0
599,599,1,20241021,2024-10-21,2024-10-21 14:00:00,2024-10-27 14:00:00,2024-10-24,2024-10-28,Truck to Port,K Line Logistics,FCL-40,5195.59,0
600,600,1,20240611,2024-06-11,2024-06-11 10:00:00,2024-06-12 10:00:00,2024-06-12,2024-06-16,Truck to Port,DB Schenker,FCL-40,25329.34,0
